time,x,y,z,qx,qy,qz,qw,yaw
0.07930183410644531,-0.12079127720801995,-0.03644266068333327,0.008064800351144912,-0.009287461049099128,-0.0385107882752628,-0.0006075174435494502,0.9992148383487083,-0.0005002300870832716
0.18783998489379883,-0.12144435973948212,-0.034123158486196334,0.006144508144720888,-0.008582480748448782,-0.03824312562888807,-0.000651323110975889,0.999231394695213,-0.0006470964858466175
0.2849583625793457,-0.12435092922644903,-0.034207812252200785,0.005464680116300857,-0.008918963729921337,-0.038259013448329306,-0.00031078201176785677,0.9992280037061042,6.155754996421853e-05
0.3784618377685547,-0.12266956251319003,-0.03694647928304727,0.005102713013245261,-0.008824143317524603,-0.038557110825095546,-0.0007544955176757113,0.9992171507915819,-0.0008298108119231319
0.490863561630249,-0.12105923693954253,-0.03435446973987459,0.007058622469807461,-0.00869823938213615,-0.038187443374281996,-0.0006738556754501478,0.999232508337632,-0.0006843463994016986
0.5990638732910156,-0.12089973877504141,-0.037651907251737136,0.008408554203847615,-0.009172994537760397,-0.038232415931473245,-0.0003699937409857805,0.9992267018289116,-3.811520374314389e-05
0.682539701461792,-0.12036900207084143,-0.037501369701553454,0.008380301174309702,-0.008405066443101336,-0.03805814939128242,-0.00048629364087694185,0.9992400590656345,-0.00033305056545970596
0.7742693424224854,-0.11769602498694778,-0.033700864230305175,0.009209872836334017,-0.008448528690259334,-0.03821762237981506,-0.0005873119212515858,0.9992335516621281,-0.0005295052883822195
0.8952682018280029,-0.11947671271126646,-0.036594295563057606,0.009162888845137981,-0.008706875236687393,-0.0377592305690348,-0.00043837395396911604,0.9992488372065907,-0.00021918459812000273
0.9903128147125244,-0.11702638762017986,-0.03820965620738667,0.007035828381819587,-0.008889716588187857,-0.038266390046772035,-0.00048096026885640573,0.9992279144464439,-0.00028164809486741846
1.0907247066497803,-0.11753294524840988,-0.039163651656218004,0.007945439174849953,-0.008895657178601265,-0.03839869625213481,-0.0004618952256965918,0.9992227950073485,-0.00024061886467613034
1.1910924911499023,-0.12194530234978296,-0.035813652747750446,0.008399836568844563,-0.008711103058299365,-0.03809388110805074,-0.0005724519912352261,0.9992360307776892,-0.00048174831333345195
1.2772507667541504,-0.1245238372185681,-0.03519856570720149,0.009094222180096766,-0.00910142619074242,-0.03835724585151492,-0.0008058737659504052,0.9992223157533334,-0.000914976120126819
1.379772424697876,-0.12104409725182938,-0.03596672013368547,0.009535230267306006,-0.008600247590792955,-0.038247924770325105,-0.0005652419846894317,0.9992311106514045,-0.000473116020100121
1.4758636951446533,-0.1212880884015829,-0.037338271394870566,0.009195410426719872,-0.008904192959655177,-0.03869132592691882,-0.0004175000563510029,0.9992114502643858,-0.00014574803459531485
1.575528621673584,-0.12228576579995884,-0.03822117475139521,0.009027017452721255,-0.008831304488489284,-0.037983520610690845,-7.087738548006743e-05,0.999239338296609,0.0005307726263328358
1.676041603088379,-0.1174453906171097,-0.03960474954217953,0.006346124348521911,-0.008670542706714806,-0.038752353963986956,-0.0005306461076001467,0.9992110863907233,-0.0003896174791868534
1.7958447933197021,-0.11756234456813688,-0.03980588038111565,0.010120991056874716,-0.009164076358339627,-0.0382031816897186,-0.00047429341878366804,0.9992278577276725,-0.00024838578165340466
1.8797459602355957,-0.11799491603407147,-0.035531393721829556,0.009241344715033357,-0.009150435926159467,-0.03785444675692933,-0.0005830368852178777,0.9992411973347969,-0.00047377766624270796
1.987950325012207,-0.11701829911485305,-0.03371534919188034,0.0071442914750955155,-0.008983808176106924,-0.037834685360024246,-0.0005281801883694139,0.9992434882450081,-0.00037684117753023427
2.0930304527282715,-0.11701743277877333,-0.032140843819863256,0.006203420210495018,-0.008715432860119826,-0.03844442896143926,-0.00045899966098225653,0.9992226260604795,-0.00024789888997551053
2.195521831512451,-0.11936891254209389,-0.03503802749045794,0.005995276664781071,-0.008689326340996905,-0.038061783949320964,-0.00027120509181389373,0.9992375706798324,0.00011981305276014997
2.292182683944702,-0.1205474860072154,-0.036372279436086896,0.0062073911008972485,-0.008869134558805686,-0.03829805094413187,-0.0002550125796883352,0.9992269675677508,0.00017020956804286098
2.395958185195923,-0.11924089373111116,-0.037692209891494736,0.007479859001608254,-0.008603179403527686,-0.038410236644144106,-0.000542196955387702,0.9992248721121553,-0.0004239040878083474
2.49545955657959,-0.12532868106594985,-0.036990181506191176,0.008635013850906051,-0.008740723761328154,-0.03817542315676634,-0.0007282149892798481,0.9992325587759134,-0.0007902546473594036
2.596797466278076,-0.1256244005048287,-0.03524630059051317,0.006023702590381701,-0.008579732883853464,-0.037847883387135586,-0.0006946469303409765,0.9992464377581727,-0.0007409207438038099
2.6926393508911133,-0.12445143772531532,-0.035619050677649006,0.005974293030005726,-0.008674467037182889,-0.037397926511669975,-0.00047862595917476814,0.9992626880012281,-0.0003085953008789634
2.7972147464752197,-0.1247143373600761,-0.03781687937798676,0.008881504857938018,-0.0089077910155278,-0.03802689423863779,-0.0004899852663051591,0.9992368920772621,-0.000302626815535549
2.896200656890869,-0.12203022208912888,-0.03524604426175,0.0067338744296913215,-0.008539272656796127,-0.038203788017767304,-0.0005830096242190619,0.9992333118463197,-0.000514161321983231
2.9960267543792725,-0.1250905274047436,-0.03501814853133929,0.004021411842908662,-0.009041402820351003,-0.038921995111054736,-0.0006731887308380989,0.9992011199696225,-0.0006434329907318076
3.1061758995056152,-0.12021504642065953,-0.0335144908872612,0.00477972791225886,-0.008826075874139994,-0.03790203271941951,-0.0006942250716110477,0.9992422400759237,-0.0007204160158970044
3.1906142234802246,-0.11753987956326069,-0.035577366660131934,0.0024685369031756874,-0.008604973768019981,-0.03853985405107981,-0.0004225808076878463,0.9992199234911372,-0.0001817735050842691
3.2908313274383545,-0.1185919621322884,-0.037815433775738615,0.0029926884269508257,-0.008328201812348758,-0.038415034357749955,-0.0006627170072921462,0.9992269446907615,-0.0006865799512618104
3.395465612411499,-0.11779021984337722,-0.037378319833210674,0.006202827128437286,-0.008872899875606388,-0.03743456029043276,-0.0006579870739655273,0.9992594720074811,-0.0006525227148013259
3.4944446086883545,-0.12047497412543476,-0.03877490665372307,0.008475208698140127,-0.00916341048019015,-0.038019061562565216,-0.0006373090942877118,0.9992347955827958,-0.0005785472374745298
3.5915687084198,-0.11965019533609883,-0.03759978809804529,0.007536576521681212,-0.009191743750793926,-0.03801215998710594,-0.0007172458723785905,0.9992347437405752,-0.0007367275792139969
3.688878059387207,-0.1218053936507061,-0.042034254184688834,0.010502273758651735,-0.008981637908490176,-0.03731323193396383,-0.00016918820517281406,0.9992632407321277,0.0003330682218837238
3.7959744930267334,-0.12226064128831188,-0.04046712640506321,0.01011189547330256,-0.008977123261200608,-0.03791537452347354,-0.00026840152658577984,0.9992405934475033,0.00014476281460439527
3.8941004276275635,-0.1206533041763418,-0.036748807967552505,0.008074514816935694,-0.008700366076606174,-0.03811812609648675,-0.0002501569813674886,0.999235332398985,0.00016382801400858596
3.995999574661255,-0.12361880031429362,-0.031305692194925766,0.006205784504447316,-0.008454684373022365,-0.03818508017317834,-0.00047276722926218104,0.9992348044656308,-0.00030000032482117324
4.092691659927368,-0.12346999138156664,-0.030894819068336177,0.005612090734864548,-0.00872265716226526,-0.0376896458316026,-0.0006815558231381074,0.999251190307411,-0.0007065911948131409
4.195834636688232,-0.1263883536108828,-0.03462195756695377,0.006896052808607507,-0.008910608153855342,-0.03757028221553527,-0.0003909492028380304,0.9992541829361008,-0.00011208357798474755
4.291918516159058,-0.12219423049375643,-0.035625928792299616,0.004328920203842363,-0.008797908075167605,-0.03809179287562406,-0.0004429394198315411,0.9992354156722488,-0.00021557098797226977
4.395390272140503,-0.11904527503751494,-0.039872134943840995,0.006102918027325533,-0.009486666873907005,-0.03737845442269544,-0.0008794077013087216,0.9992557635253794,-0.0010512512861784351
4.49170184135437,-0.12287511240997788,-0.04081883078894864,0.00824821465170551,-0.009521141820095837,-0.0377590230125478,-0.00032396367674970145,0.9992414618534979,7.178686459825522e-05
4.59666633605957,-0.12180138558168598,-0.03963685837074692,0.0093262309626591,-0.008609015624693062,-0.03823358427844651,-0.0006230769782858714,0.999231549571107,-0.0005886105594282176
4.697198152542114,-0.12234770954999254,-0.03771239539950939,0.008873515675353699,-0.008966968750331997,-0.037383448885214256,-0.0009526451865106459,0.9992603082720867,-0.0012369074369906116
4.792861223220825,-0.12147920098979932,-0.03569259280429544,0.006454381987709146,-0.009112146650543086,-0.03776280915745214,-0.0010149621309884583,0.9992446691775891,-0.0013440256910267295
4.8944385051727295,-0.12314593543426854,-0.03359082255328686,0.007558002866912012,-0.008676934087858796,-0.03798834463793432,-0.0004858902582688129,0.999240391696193,-0.0003127002809268344
4.998810768127441,-0.12545502189701188,-0.03338718418351397,0.0033275803257913038,-0.008803874713106313,-0.03822849082967954,-0.0007100930854631668,0.9992299885645601,-0.0007481622941279131
5.085544586181641,-0.1257330286298386,-0.03284743734828235,0.005971675991312778,-0.008563651138707195,-0.03765293040915936,-0.0004399215748715574,0.9992540853955942,-0.0002349600537948554
5.1879472732543945,-0.12367661186347584,-0.035194039025431834,0.006990522220710033,-0.009050351990243306,-0.03855343888058931,-0.0006047909942078742,0.9992153710322849,-0.0005123118282885764
5.28855299949646,-0.12045257312662977,-0.0349325664275556,0.006195545215831003,-0.00894496799527157,-0.03820808205968884,-0.0006300016775209567,0.9992295697740184,-0.0005771780577368897
5.391992092132568,-0.12092083445308738,-0.03418812963366136,0.005086539831077718,-0.009046317503178622,-0.03795187709039655,-0.0007128913928399867,0.9992383654317969,-0.0007401802475771306
5.49235463142395,-0.12263929108010864,-0.034925505421552,0.006601607969294293,-0.008823697624377343,-0.037918184109545554,-0.000742589137750222,0.999241613542711,-0.0008172455269598171
5.594628810882568,-0.12122798502941382,-0.03700669768983143,0.011360826298694532,-0.009329959651419095,-0.03736258694783888,-0.0007450642117797961,0.9992579415890516,-0.000794057468546027
5.693663120269775,-0.1232503471434266,-0.04027324711614669,0.01027447379553674,-0.009219202292110876,-0.03809996053015257,-0.0005060148026924132,0.9992312761646912,-0.00030964827110198086
5.793604612350464,-0.12745711452657665,-0.037287257794703876,0.010931161786771032,-0.009140472789728073,-0.03831312657587353,-0.0008149947102342491,0.9992236445725169,-0.0009310581484714513
5.892923831939697,-0.12572366124214596,-0.034532924392166944,0.01409123620962199,-0.00931672955438571,-0.03693517197840953,-0.0008207042816192106,0.9992738954189777,-0.000954592231676893
5.994630813598633,-0.12770354472361117,-0.03971379229405987,0.012716903256441908,-0.008908159365249762,-0.03753306701811387,-0.00033800737256705076,0.999255622615131,-6.829694083723819e-06
6.094532251358032,-0.12463864423572449,-0.040228128287776624,0.011638576616825009,-0.008803748947599449,-0.03734093003877925,-0.0008245080084733876,0.999263463324288,-0.0009930915583906434
6.190711975097656,-0.12404212175164248,-0.03955122719661813,0.011235856227684117,-0.009113965858093098,-0.03776281465806896,-0.0006740747433390745,0.9992449404819012,-0.0006606783456265972
6.293006181716919,-0.1225928602561042,-0.03913255897216559,0.011498491937975162,-0.008958011189922664,-0.037853624166137655,-0.0007740246366997284,0.9992428423856093,-0.0008711882483138075
6.393206596374512,-0.12222221983084797,-0.03694373474736891,0.008565159019592448,-0.00880287585053621,-0.0376490082828313,-0.0007075413864685219,0.9992520007171694,-0.0007533214001286079
6.496433734893799,-0.12317287902686189,-0.03446101914332141,0.007059000004089731,-0.008739854789942174,-0.037737964786338125,-0.0006306164626806876,0.9992492498245434,-0.0006023534845940337
6.5947582721710205,-0.12218795472270062,-0.03103799592636818,0.009663584058848637,-0.0087436091039693,-0.03776163674811641,-0.000694427312808675,0.999248280389137,-0.0007295457679609671
6.693599700927734,-0.1224213889379246,-0.037180305773550616,0.008520846886501995,-0.008838761919173706,-0.03790412839582994,-0.00033411938610365276,0.9992422337464147,2.3254123384165287e-06
6.793785572052002,-0.12163464096505563,-0.035915897915992714,0.008465509587737625,-0.008744408832636656,-0.03807929340986131,-0.0005868447175267279,0.9992362875420663,-0.0005083056806009657
6.893755197525024,-0.12517668294864412,-0.0361635645006701,0.008119089076200538,-0.009293062777060355,-0.03810306270351148,-0.0007463703499517196,0.9992303230627735,-0.0007856855633517747
6.995884418487549,-0.12288725890524246,-0.03746048469328514,0.0071875727819397835,-0.00857530560934552,-0.038073299270438295,-0.0005674594837801686,0.9992379926754708,-0.0004824728329803372
7.093756198883057,-0.12079384417175357,-0.0374877633614062,0.008964351459847728,-0.008807849562847204,-0.03767629592129393,-0.0006470203727010744,0.9992509694147745,-0.0006311695154566137
7.190835475921631,-0.12150830764888869,-0.034999264375257334,0.00929918921424856,-0.008795791691543462,-0.03869903920139358,-0.00044656589125518354,0.9992120991022441,-0.00021228663728416932
7.293437719345093,-0.12173602324823346,-0.037406713964932455,0.009868111197273637,-0.009219424203930768,-0.03767616093543046,-0.0008464715055103182,0.9992471128807457,-0.0009998029232182316
7.395509243011475,-0.122275854854928,-0.04165747641528908,0.010114146502101132,-0.009345350790074817,-0.0373529674729553,-0.0002503623097554417,0.99925840379668,0.0001983534092873074
7.49949836730957,-0.12598756477639783,-0.036559580553536745,0.0087260498048026,-0.008630282620734767,-0.037913065103265114,-0.0007998953803925977,0.9992434527600079,-0.0009469025958482968
7.5946455001831055,-0.1261361317999734,-0.032456733086811046,0.007329640574658951,-0.00895181720790229,-0.03817992717835304,-0.0010362642248775624,0.9992302458821931,-0.001391432348127952
7.693813800811768,-0.12188932730915807,-0.03672619785716606,0.011593678799663217,-0.009042818101862114,-0.03730025838413497,-0.0005746432836346812,0.9992630224071889,-0.00047516314130360225
7.796265602111816,-0.12066920326509875,-0.03629663005192239,0.009787753399493039,-0.009316448285517542,-0.03776110184742332,-0.0005037985061242018,0.9992432382386568,-0.00030410318320251594
7.899486541748047,-0.11980208316962801,-0.03526519960814009,0.008048477416115783,-0.008876426169815496,-0.03808558376172729,-0.00038957765009692654,0.999234980170948,-0.00010272953776200738
7.9972052574157715,-0.12228465127512654,-0.03492434328005159,0.007797196300975362,-0.008814049255180426,-0.03813022626711189,-0.0007639505890825754,0.999233613706046,-0.0008570598047026989
8.094823122024536,-0.12040088844218909,-0.036185986117979616,0.01041656494887222,-0.009106979062180583,-0.03819266321549468,-0.0005443931521319136,0.9992287461061979,-0.00039345506779171757
8.198156595230103,-0.12071472992089542,-0.036222360585956466,0.007919067256879703,-0.008335745029855828,-0.03872230508880922,-0.0006740022337505471,0.9992150139806724,-0.0007034979754468616
8.295423984527588,-0.12060301770162475,-0.032765373562578345,0.007123489894102886,-0.00863346186804939,-0.03801337409475677,-0.0004909748978746909,0.999239813893419,-0.00032577093410032353
8.39275312423706,-0.12228045170826608,-0.03230016828254046,0.0070963696735073835,-0.0089367424048645,-0.03836162682907849,-0.0005531796508325617,0.99922380586858,-0.00042108417764724767
8.49663758277893,-0.12243162205046436,-0.03456923537020586,0.011755347662793535,-0.009010377434492253,-0.03788406869706782,-0.0008636927136137365,0.9992411443051874,-0.0010463797899720746
8.596738815307617,-0.12216573740605266,-0.0318093085734165,0.010302488178636483,-0.008816766195238598,-0.03818127716152201,-0.0006345405144212528,0.9992317309145607,-0.0005965750414616532
8.693682193756104,-0.12009125786352887,-0.030938707061701657,0.012217811967875612,-0.008787135603185007,-0.03764964230237804,-0.0007011163028700683,0.9992521198968377,-0.0007416219644514385
8.793108940124512,-0.12559460073634857,-0.03674887550378825,0.01340609724116713,-0.008961615517433687,-0.037419773382992724,-0.00047102208537221915,0.9992593397839613,-0.00027142342184041147
8.897157430648804,-0.12372119752208177,-0.034215171405940964,0.012313292027956373,-0.008127027357318435,-0.03827830507164284,-0.000380716981620278,0.999233995539461,-0.0001390806457248683
8.996279954910278,-0.12340006868321922,-0.03660115030471331,0.011964454573067048,-0.00891150592043418,-0.03778361475402411,-0.0005391414460921989,0.9992460622113307,-0.0004052092890795092
9.09810209274292,-0.12268224655106337,-0.041039000900651275,0.010035089087117689,-0.00872207217681735,-0.03811740636986494,-0.0003432199094295029,0.9992351429912135,-2.1050426279190352e-05
9.18292760848999,-0.12279102308156725,-0.04036872300639034,0.00851922680760478,-0.008444035322845232,-0.03802899929458065,-0.0004673123139824079,0.9992408493948396,-0.0002925249017115702
9.299384117126465,-0.123144467322957,-0.03943634824920415,0.007075895415199086,-0.008997353018063507,-0.03816878194409947,-0.0006554088653249553,0.9992305850817375,-0.0006247940827131695
9.393978357315063,-0.12102908407159832,-0.037888875479316145,0.003875655919575057,-0.00786120865546535,-0.038557468574227594,-0.0004366217564273732,0.999225366159739,-0.00026714487002859076
9.492945909500122,-0.12481702899854977,-0.0377942380910533,0.004123412364354474,-0.00886455332928764,-0.03817038887699434,-0.0006705767690279452,0.9992317005750209,-0.0006653354945800956
9.59797191619873,-0.12481092315556444,-0.04004194746156779,0.0033372231520748946,-0.008878925400086883,-0.03757356004553796,-0.0004336167778133684,0.9992543241065981,-0.00019992577907533012
9.682588338851929,-0.12182267914498715,-0.03956358804862255,0.005144025635232894,-0.009002075531612926,-0.038407890627931825,-0.0008117553696841416,0.9992212655997949,-0.0009335000860101042
9.791021823883057,-0.11901834075127943,-0.03632875152208528,0.008048079284511483,-0.008630987479374297,-0.038795643883047085,-0.00046815267969484435,0.9992097802283058,-0.0002666789076624265
9.895304441452026,-0.12248675979378913,-0.03876769051277701,0.005472933677441734,-0.008613668836946912,-0.03843108325722058,-0.0005229706195245124,0.9992239904298611,-0.0003841994067137473
9.99708867073059,-0.12316958754179988,-0.037918150887638266,0.006256305387557955,-0.009082474033529925,-0.0380072290210566,-0.0002693248481741789,0.9992361516036624,0.0001526019949138651
10.094905614852905,-0.12400086990351539,-0.03956741009563147,0.007232385395718091,-0.008826172797619663,-0.037945349407686596,-0.0002441570929471324,0.9992408065723642,0.00018240625535950587
10.19558334350586,-0.12481642087088086,-0.03655974597667469,0.007313805543242371,-0.008328256684626128,-0.037937214845366,-0.000498337990591349,0.9992452949749719,-0.00036507307359731996
10.296797752380371,-0.12265446308668809,-0.035612175417491294,0.009144412286370935,-0.009071748137311068,-0.0378653736123932,-0.0004943986771485721,0.99924154859417,-0.00030190300183036855
10.399484634399414,-0.12224982465718666,-0.03542549569295492,0.009800071650548275,-0.008790086379241441,-0.03819423599114454,-0.0006979935974367584,0.9992314284105741,-0.0007255705157555801
10.493225574493408,-0.12412068373605484,-0.03355835475427932,0.009181883191262778,-0.008973893132155493,-0.03801540633751282,-0.0006892896743955894,0.9992366201269803,-0.0006972504236071029
10.59665322303772,-0.12096585449655328,-0.03555258398179866,0.00849427441941189,-0.008609246833613375,-0.037814276341004566,-0.0005670700405593918,0.9992475368022345,-0.0004835649961835497
10.692319869995117,-0.12138993727325785,-0.036524137385763066,0.0043103218613504725,-0.008865221978696235,-0.03822593049805821,-0.0005935908743773539,0.9992296201207708,-0.0005099951968755473
10.796264171600342,-0.12516859033498726,-0.036838183954710696,0.007282443124022476,-0.008758755598269299,-0.03823155290162944,-0.0004284937667475458,0.9992304283578396,-0.0001871535372712696
10.89402985572815,-0.1251425526855823,-0.03395159984960341,0.009811814407326851,-0.008565441593739075,-0.037507527860854484,-0.0007133592112874566,0.9992593805827931,-0.000785334968531751
10.993956565856934,-0.1269256278211136,-0.03220974538367679,0.011022867970762896,-0.008690423778312594,-0.03767120697671518,-0.0005597923849164715,0.9992522420950362,-0.00046531100803650765
11.09477972984314,-0.12271037857257718,-0.029498109869242475,0.0037856029073297104,-0.008507208400487024,-0.038368135140127164,-0.0007350325275881766,0.9992271880499864,-0.0008185281635791173
11.194884777069092,-0.12235494811368608,-0.032517762871504624,0.005827047775134698,-0.008969026803248509,-0.037222941195319055,-0.0003676363439364214,0.9992666681374351,-6.721264510233175e-05
11.297457695007324,-0.12303764068946857,-0.03407002550678648,0.005219585622888361,-0.008693221699496856,-0.03809508670786384,-0.0005839192040033773,0.9992361339060788,-0.0005060774442831708
11.397005081176758,-0.11949896318743,-0.03457550841830778,0.006723309109272983,-0.008998262765243521,-0.03753510789829639,-0.0007213056429252603,0.9992545354715386,-0.0007681996001512428
11.494958400726318,-0.11759952772247276,-0.03762005167538441,0.00583281464556935,-0.008847542120460163,-0.03823038661980195,-0.0006428166483358773,0.9992295758853837,-0.0006099362504838429
11.595627069473267,-0.12263054886766839,-0.03602544087708735,0.006976178471690003,-0.008919356415002983,-0.03803569033415209,-0.0005427734834139514,0.9992364268474666,-0.00040738928405902817
11.695138454437256,-0.12367016129492545,-0.04091244524618112,0.00945276804144142,-0.009002926513248726,-0.03776064145433449,-0.0003997816315998586,0.9992461765980399,-0.00011938847502949552
11.797784328460693,-0.12428192080563996,-0.04002993688441381,0.010216243098770325,-0.008913237022427132,-0.03782662747585836,-0.0007244061861696446,0.9992443023081303,-0.0007756223785904339
11.893045425415039,-0.12428352463297798,-0.04074436445937117,0.009749469756683508,-0.008478217403548993,-0.03815118543656085,-0.0004687844727268,0.9992359016371267,-0.00029079108189508944
11.999938488006592,-0.1226256369605678,-0.0413939481668663,0.008060189145712368,-0.008662114602684746,-0.037784326485615305,-0.000459100748809765,0.9992482682842843,-0.00026367991716223186
12.09277057647705,-0.12314175758138497,-0.03847478641049863,0.008604082437296334,-0.009099120901199216,-0.03724390810476027,-0.0006960289247757168,0.9992645359721546,-0.0007152452128044531
12.195698738098145,-0.1252016751127805,-0.03930909295051651,0.007231961834875091,-0.008588128969786798,-0.03808908864050106,-0.0007805413339928587,0.9992371370813639,-0.0009083001072762352
12.297751665115356,-0.12131073471690416,-0.036452367173762726,0.005215639797704223,-0.00914141833453935,-0.03806458898569257,-0.0006427703843225459,0.9992332602462832,-0.000590337544963031
12.393939733505249,-0.12139433792400078,-0.03917577646096057,0.008629382649419436,-0.00960329543194208,-0.03719091152286619,-0.0006744787802753053,0.9992618064828257,-0.0006354093908571428
12.496644020080566,-0.12483560893513561,-0.03622089510918987,0.011717822893190042,-0.00921568806848928,-0.03811750579613509,-0.0007544534214348658,0.999230482744267,-0.0008075349771586422
12.59502124786377,-0.12822934183658632,-0.0406126089837063,0.009606758027406539,-0.00910981704467532,-0.03776535048156036,-0.0005200802242058192,0.9992449744947322,-0.000352309352250717
12.69573187828064,-0.12664924970445934,-0.037574272158568525,0.0100111919721711,-0.008885573283959034,-0.037246845413858545,-0.0006731489691736622,0.9992663638713137,-0.0006852930623838214
12.796118021011353,-0.12699271819112756,-0.035442992071931766,0.007489715749035713,-0.008744693440376067,-0.03784770331006364,-0.0006441446631519112,0.9992450484082672,-0.0006271808516753303
12.895595073699951,-0.12653764307579007,-0.03771463524675966,0.00811072209406729,-0.009015915845715098,-0.037577105908949776,-0.0003320887195424354,0.9992530030427994,1.3942125363053666e-05
12.992326736450195,-0.12638382914108748,-0.03843192055417806,0.006900196870528227,-0.008323070375161211,-0.0380946095717898,-0.0004097263128649043,0.999239390409251,-0.0001852388063687948
13.096369743347168,-0.12278699380404945,-0.0397721675155811,0.0052694432743875565,-0.008944795500979184,-0.03810979905334514,-0.00035652050464084016,0.9992334595792363,-3.081523354614481e-05
13.193581104278564,-0.11917144929120006,-0.03637891598554939,0.008856618231848256,-0.008986189494416399,-0.037820748244621845,-0.0006107172895616505,0.9992439474047263,-0.0005423341601064501
13.295308351516724,-0.11707388439341676,-0.03713875562432319,0.00668310126469911,-0.008453836151731625,-0.03850393441144808,-0.0009713111783071417,0.9992222156476274,-0.001293937894369535
13.393267631530762,-0.12230608545089255,-0.038032235555728336,0.007285770379466837,-0.009106699687242979,-0.03718953252346118,-0.0004731619177596541,0.9992666224833552,-0.00026902628819425894
13.493663787841797,-0.12774738173949965,-0.038507621951037296,0.009044070635885991,-0.009102274867009909,-0.03740254266372358,-0.0008376925697240066,0.9992584734019984,-0.0009960342226806882
13.595049381256104,-0.1259350472373433,-0.038220461348269015,0.00929002325511235,-0.008521615275506687,-0.0380884568035876,-0.0007889177628647034,0.9992377240377692,-0.000930182206850061
13.696049690246582,-0.12663694075029353,-0.03491759474466348,0.00911539417823649,-0.009274676929210614,-0.03789549952594193,-0.0007878253202541499,0.9992383553561196,-0.0008740247066974702
13.80292010307312,-0.12374340214238753,-0.036188149319696945,0.010438070148749538,-0.008764951252245724,-0.03839148859465923,-0.0005751773559154438,0.9992241682445642,-0.0004778721355626577
13.896879196166992,-0.1250099471537459,-0.03907985756403202,0.013120893289630148,-0.00905296990495026,-0.03714331953655952,-0.00026103826379329304,0.9992689074562112,0.00015123718756847397
13.990978479385376,-0.1222342263233471,-0.040987565574581414,0.012207834351696683,-0.008789346889507497,-0.0374601692527109,-0.0004127170084332236,0.9992593821253244,-0.00016678999764593687
14.094443559646606,-0.1202157490427702,-0.037196154845116916,0.007962537979164384,-0.008601266572338595,-0.03811799246376328,-0.0007166942151369948,0.9992359697355205,-0.0007788311467051271
14.194724559783936,-0.1222606552416874,-0.04047552766476514,0.006204474085200792,-0.009081014582876705,-0.03846205362971489,-0.0009265733279400191,0.9992183680590537,-0.0011565726133464752
14.302227973937988,-0.1264309879062753,-0.04247279479937573,0.005071461767091192,-0.008710333655543592,-0.038290463270581464,-0.0005694667061521142,0.9992285255224672,-0.00047239481614060085
14.394014120101929,-0.12457329910686998,-0.040475237958321114,0.004868864155524771,-0.00882024367832186,-0.03807714233673534,-0.0008255158261811886,0.9992355343243873,-0.0009809155683039707
14.492733240127563,-0.12558286833545268,-0.035936028206770866,0.00553255159479097,-0.008758508446002393,-0.03813895611699845,-0.0006750134653347635,0.9992338329504904,-0.0006828990249344263
14.594968795776367,-0.1262850311730119,-0.034823074746825555,0.010959019855850457,-0.009208665668721298,-0.03777357084892483,-0.0006526025513203025,0.999243679955912,-0.0006102715469571306
14.694928407669067,-0.12748379449186092,-0.03626458751103725,0.012058134922843536,-0.009031725837804165,-0.03742832489758813,-0.000624709047710815,0.9992583040247187,-0.0005740153066831448
14.797455310821533,-0.12746615272102008,-0.03289195113493286,0.009996084701039517,-0.008755996257274029,-0.03778675737664089,-0.0005807642648590621,0.9992472948221427,-0.0005003619975255957
14.892262935638428,-0.12300621383268281,-0.035220021998875355,0.008664893841435074,-0.008431265635981677,-0.03789532885570471,-0.0005338972216514215,0.999246002125828,-0.00042921112144963483
14.993739604949951,-0.12279802355844908,-0.03770703809528328,0.00907455633410982,-0.008796843100872441,-0.0373585426093372,-0.0008920394153986036,0.9992628078294751,-0.0011286408639405614
15.100060939788818,-0.12247040818205887,-0.03705160641494727,0.010393930575305684,-0.008781683161680516,-0.03742782685017578,-0.0006881780206869787,0.9992605096916084,-0.0007199973690929328
15.189334154129028,-0.1201034869693702,-0.03594919433431304,0.011103185813585277,-0.008809312372258668,-0.03829541854106279,-0.0005115539190432842,0.999227499244732,-0.00034862759817488637
15.29399585723877,-0.12173112064507498,-0.03865610521288772,0.009783182982679207,-0.009168604449246167,-0.03762025236858852,-0.0005688204139193473,0.9992498835364023,-0.0004482059752818229
15.391762733459473,-0.12316007619785331,-0.04379201889463774,0.01038102503410845,-0.009255693467193949,-0.03768350662406479,-0.0006078329283879877,0.9992466742532029,-0.0005186494419196281
15.482786178588867,-0.12229114897834858,-0.043761825802004745,0.008657136961461271,-0.008720279243756651,-0.038314041087485276,-0.00041558423937481715,0.9992276108450954,-0.00016278620268590736
15.574522733688354,-0.1215772222060504,-0.0409574414950124,0.00429807396744793,-0.008765903398633462,-0.037769947875113896,-0.0007301613311666472,0.9992477454763395,-0.0007993299803468369
15.681764125823975,-0.12100736399163024,-0.04086880107652528,0.006699981391598546,-0.008942405392928792,-0.0375081073347667,-0.0005289683747177232,0.999256171090482,-0.0003874146953708661
15.791290998458862,-0.12360375382559485,-0.03799337655274952,0.00589022554295416,-0.009085748766988677,-0.03755398717105167,-0.0005133919693804896,0.9992531629399956,-0.000344576996456961
15.888352155685425,-0.12705383899653963,-0.035824426575235185,0.006047797250696325,-0.009040965596877025,-0.03823553834227628,-0.0006539071625017359,0.999227640207263,-0.0006172370453276416
15.983386278152466,-0.12540949053679423,-0.03310220874204337,0.007384762608164237,-0.008939099238070687,-0.038067573491626386,-0.0006495655247676205,0.9992349725754701,-0.0006193530466910308
16.090208292007446,-0.12499326723309183,-0.03754072808404409,0.011434811028545159,-0.00859462043735542,-0.0375283085814623,-0.0004517028060722748,0.9992585023501813,-0.0002583804955987434
16.186612844467163,-0.12307336179504448,-0.040440535989404044,0.011480612165444742,-0.008861819792826454,-0.037744955369393166,-0.0003177892221730766,0.9992480600452183,3.397426951039944e-05
16.29228448867798,-0.12115346983764573,-0.03632329430711108,0.00877880951839189,-0.008987477136125858,-0.038175921248657756,-0.0006434183550569309,0.9992304090170416,-0.0006013892897447423
16.387081384658813,-0.12088446754390268,-0.03670083390639074,0.009889925868513203,-0.009002698461458446,-0.037531317403864686,-0.0005334434821947448,0.9992547558417691,-0.00039142854137108504
16.483533143997192,-0.12414777011602614,-0.032122166332199414,0.012731685736025164,-0.008957698569972212,-0.037509780993594706,-0.0006249756601365574,0.9992559158551758,-0.0005786473104459297
16.58452558517456,-0.12308989425808205,-0.03609401217211672,0.012924900116068366,-0.008702383220021311,-0.037801413714227974,-0.0005584072319741854,0.9992472215767533,-0.0004593620354683343
16.692909955978394,-0.12574479887533327,-0.03692107075416408,0.010455601617274095,-0.008618042656944332,-0.03785654285812907,-0.0006938837710376008,0.9992457805909946,-0.000736333339711193
16.791404008865356,-0.12600813083397489,-0.039156861533966046,0.009271826718217299,-0.0088610274475167,-0.03739117932107984,-0.0006548073602254746,0.999261203654417,-0.0006478105226843619
16.876182079315186,-0.12736034158429113,-0.03875381459430853,0.007297420635428622,-0.008515775579969548,-0.03833824493176806,-0.0002372915558773545,0.9992285045146284,0.00017926981426884923
16.979593992233276,-0.12369789587464859,-0.03657408017870813,0.005058558676201544,-0.008594347069881393,-0.0382119532505903,-0.0005518814704718091,0.9992325451335439,-0.0004474090903504899
17.07977795600891,-0.12152104567094671,-0.03805506331852722,0.006537817310029562,-0.008962958266166202,-0.037982936197303495,-0.0003247307489997909,0.9992381380266123,3.2004598973780304e-05
17.17499542236328,-0.1215467077735971,-0.03648749752344599,0.0077592835488865496,-0.00883088245459157,-0.03792478022793291,-0.0005397785269162515,0.9992414298851294,-0.0004100994806528302
17.277522802352905,-0.1189188212593354,-0.036848026254353905,0.007416688899167655,-0.008960290430585417,-0.038551327129789384,-0.0006904488264667628,0.9992162086617438,-0.0006910076491590778
17.384535551071167,-0.11671847941841965,-0.035584236768657275,0.007998073620645495,-0.008952869984671985,-0.03799557861295193,-0.00040117757403449166,0.9992377200553724,-0.00012175616678274388
17.48370623588562,-0.1197685699102156,-0.03623344339803242,0.006710629554509913,-0.008923838324878523,-0.03809475225612258,-0.000774905337840569,0.9992339838505361,-0.0008712502362512622
17.58288812637329,-0.11901753870471678,-0.03509056354636513,0.005498193286305332,-0.009005307494852077,-0.03841178950848056,-0.0004743579626245312,0.9992213037401688,-0.00025691546162532957
17.687326192855835,-0.11585797640576961,-0.03366550583543639,0.006687185826794881,-0.0084068141634191,-0.038751310445310445,-0.0005929735826146205,0.9992133454856993,-0.000535071423958338
17.778753995895386,-0.11888832755624507,-0.03253477675110049,0.006574377855789449,-0.009121334845545446,-0.03800032182949507,-0.0006424645855163205,0.999235890083391,-0.0005924314154844814
17.892431497573853,-0.12219580174959355,-0.03420188754821825,0.008671518171925324,-0.008822655107792508,-0.03772661811633516,-0.0003261416410888442,0.99924909640889,1.3944095894117322e-05
17.99206852912903,-0.12410122657045468,-0.03407181878139324,0.0111381207545001,-0.009435091038923536,-0.036720564300151956,-0.0005509070147591058,0.9992808792907162,-0.0004092017185584922
18.091657161712646,-0.12528788422402617,-0.03551499145256884,0.008849320082142828,-0.008459292005079489,-0.03812734789742979,-0.00035929988836526833,0.9992370172409905,-7.320360916443714e-05
18.185312747955322,-0.12504982258853953,-0.03380440967391601,0.00887412186339253,-0.00849404502120496,-0.03789388188883912,-0.00036846574365442683,0.9992456000141148,-9.289768575300851e-05
18.290966987609863,-0.12484775702944935,-0.03295201251771996,0.009661300040745696,-0.009010790560328387,-0.037945986568808494,-0.0005747877166571175,0.9992389991267747,-0.00046619675607753824
18.38820505142212,-0.12604744567110818,-0.03789140980869888,0.009305385774575195,-0.008729446417431282,-0.03799883707191708,-0.00041611656310645617,0.999239566867442,-0.00016866978963617747
18.47890543937683,-0.12363592059679156,-0.03772223110189005,0.011021544310831796,-0.009405093783341013,-0.03766124919663392,-0.000744794909128042,0.999246025661558,-0.0007822713530940466
18.594503164291382,-0.12801471907950343,-0.038030894079188964,0.008863126648152173,-0.009124162309405175,-0.037838898519951224,-0.0006277671600712874,0.9992419993822024,-0.0005657064435277669
18.690481901168823,-0.12381253082589894,-0.039788002299787795,0.003494643914193671,-0.00898218084585837,-0.03804769523226566,-0.0008290687270208985,0.9992352105284374,-0.0009761941322639032
18.792470932006836,-0.12812405393546153,-0.040739939614088005,0.005451771201680982,-0.009067089234845354,-0.038127641142337285,-0.0006644852548874671,0.9992315193853097,-0.0006383923334773206
18.874418020248413,-0.12888349508480562,-0.03666563932472788,0.008168901521652748,-0.008468135219092902,-0.03782706319190801,-0.0003860996022972646,0.9992483449589915,-0.00013134532403323614
18.994163274765015,-0.12978097895175328,-0.038264751013640914,0.006577082655534527,-0.008688562250658716,-0.03798707400288303,-0.0005660789529046,0.9992402967501536,-0.00047255576792380304
19.094255685806274,-0.12656996140549376,-0.03669292942324348,0.007291232990155178,-0.00833412072958933,-0.03779403005513397,-0.0003077657515124365,0.9992507488133789,1.4932364628304718e-05
19.19223690032959,-0.1236655622012407,-0.035156863421228354,0.009183036713897468,-0.008966886337242342,-0.037703498270322364,-0.00025903256967749444,0.9992487048126321,0.0001589419565773778
19.293957233428955,-0.12269277772350642,-0.034709452947586074,0.008102621804734578,-0.009139965545207854,-0.03726165171973764,-0.0007317131006173378,0.9992634762348155,-0.0007833839550028966
19.373576402664185,-0.12247176904922051,-0.038451002101622805,0.00909216886086861,-0.008907265795924735,-0.0379406798885934,-0.0006442394458738589,0.9992400864562873,-0.0006133706393181618
19.479292392730713,-0.121486691884973,-0.03691671555875119,0.009752272710318904,-0.009107823969287575,-0.03796810639775885,-0.0005372261580268206,0.9992373000579833,-0.00038312398027089947
19.58724069595337,-0.1254634572920274,-0.035087558625903875,0.011589559217075617,-0.00934188489278968,-0.03751712764920891,-0.00045091443686520787,0.9992522159073621,-0.00020075835213971183
19.68202781677246,-0.12294815811228729,-0.035009577256024674,0.012923995799411385,-0.008881343374218982,-0.0371178188527711,-0.0005186955839983576,0.9992712946034091,-0.0003783657856378252
19.794722080230713,-0.12224330471081318,-0.034700569366015066,0.007688371852356973,-0.008680291377915891,-0.03831954991519582,-0.0003622557167404149,0.999227768532624,-5.88751439675858e-05
19.893542051315308,-0.12161652396459627,-0.03734461006368707,0.007473368205169011,-0.008498281901130602,-0.0381139136556479,-0.0005912393375859696,0.9992370885964074,-0.0005353266130427755
19.990076303482056,-0.12316090060782582,-0.03617894956302477,0.007767521864506802,-0.009093872291503385,-0.03743404456719898,-0.00042587672177527616,0.9992576306554305,-0.00017075891846627552
20.09603500366211,-0.12290529411053988,-0.03462091149361754,0.005979558538743872,-0.008867315678384684,-0.0375387310959187,-0.000772330680615639,0.9992555318264132,-0.000880257516751417
20.191471576690674,-0.12188420194279709,-0.03738502351177645,0.006594931981376881,-0.0088597128593064,-0.037989152470585784,-0.0013746584001855945,0.9992379296728583,-0.0020800843868812057
20.292592525482178,-0.12010273913460662,-0.03419854833663963,0.006063461296733751,-0.009350411564120845,-0.03773438022047225,-0.0013500250927083385,0.9992431454782201,-0.001998037246075082
20.389793634414673,-0.11953483417357579,-0.03466677016882348,0.008145545439099507,-0.009542337259637509,-0.03700176822839027,-0.0014263268415132986,0.999268621812642,-0.0021502941232034826
20.500240802764893,-0.12027382897644416,-0.03356979238112154,0.011688999182575422,-0.009334336302022262,-0.0373680655869601,-0.0011018999701644932,0.9992573660756998,-0.0015087672653499478
20.594913959503174,-0.11927662658767477,-0.03359855777077096,0.010762175085189233,-0.009486457276709324,-0.037036418036510636,-0.0018488366370773158,0.9992671778210527,-0.003000517873486248
20.693045139312744,-0.12033623530837746,-0.02180688810889121,-0.008334942265550978,-0.009001249174176185,-0.036631946977927377,-0.0022326576744484124,0.9992857915599619,-0.0038129122933412613
20.792858839035034,-0.11873741670600194,-0.006690692873766023,-0.022416112963380377,-0.009089297599518834,-0.03705544078828326,-0.0028985371650575684,0.9992676705765259,-0.005133351662613575
20.902363300323486,-0.12051579810724297,-0.0027548283308177803,-0.02219551733839782,-0.008660835158264537,-0.0368316828220719,-0.0034616918280043177,0.9992779562086535,-0.0062975524860536865
20.99727487564087,-0.11981112517532089,-0.0059907673147629285,-0.01309759729578374,-0.009383401221052861,-0.031900487183954176,-0.005839763587954636,0.9994299414467169,-0.011097087026002858
21.103894472122192,-0.11711138966077606,-0.01431795811714484,-0.0004505299775496886,-0.014693225193456162,-0.0206840532770209,-0.0076330848326353765,0.999648945925211,-0.014666187181982985
21.19835329055786,-0.11897691291229567,-0.023099303775872264,0.01486773651340453,-0.025791574287470267,-0.007366780314894984,-0.005294945866025652,0.9996261745231774,-0.01020725702427867
21.28262495994568,-0.1150499376855772,-0.031652357861618234,0.036592971813868364,-0.028668186758686487,0.0016113324647431127,0.0011328434688302415,0.999587042403678,0.002172376784137088
21.392730712890625,-0.10277506196851288,-0.03268053800825422,0.06207443705138886,-0.03146857098923628,-0.0015910932040174108,0.006429468493840531,0.9994827959485837,0.012952837248175163
21.492974758148193,-0.0842901492091922,-0.027487486175431383,0.08583438505600777,-0.029442962841468672,-0.00847642427082401,0.01085882093949028,0.9994715344513324,0.02221008495864655
21.59134817123413,-0.061103531661645755,-0.015238898959211503,0.10310006225077209,-0.024426705249758526,-0.011330288721886256,0.012778537908445334,0.9995557361133208,0.02610854444527893
21.693637371063232,-0.03582136039587565,-0.004255246703227657,0.11432095558777924,-0.01923724526435409,-0.02150325331854482,0.014334340595412155,0.9994808978520061,0.029511986442394784
21.79477286338806,-0.008758171763984593,0.012950027741291045,0.12110828900736709,-0.01393870310343813,-0.02543865734072183,0.013646853922045102,0.9994860432474911,0.02802822960259865
21.89490795135498,0.007067698409972706,0.028729067084004273,0.13590895996219196,-0.014038995038554734,-0.026638564814862428,0.014018777624456082,0.9994482314541498,0.0288142992192945
21.99580454826355,0.026708601904020413,0.047208301920773785,0.1519933048391326,-0.012359325754003322,-0.029250124490537613,0.015119570371163184,0.999381346571961,0.031000763753749928
22.093624591827393,0.04717608509120377,0.06442629288567264,0.1662055250188797,-0.013303436923826675,-0.03405795543261359,0.015142155841777596,0.9992165878097837,0.031243429052609552
22.1955668926239,0.06469812207492748,0.08056785434718533,0.17597059282086086,-0.01307159789201455,-0.03970708528017683,0.014795099422623036,0.9990163090461421,0.03069979361024631
22.294329404830933,0.0757674859242774,0.0915075371096584,0.18250852590989047,-0.011015779719479419,-0.03977717245817344,0.014202634103527546,0.9990469029694882,0.02935086748632778
22.39647364616394,0.09194020287011058,0.10749540248893791,0.19053204779092237,-0.01007674967689226,-0.03617915066788436,0.015323836934994565,0.9991770154454562,0.031438324029107706
22.494001388549805,0.10506070797278859,0.12169853968375255,0.19702372961738207,-0.009169851730970593,-0.03647688675893008,0.015052823016804254,0.9991790445514923,0.030836192111887983
22.592491149902344,0.11549678491513383,0.1348319812489241,0.20329224251850517,-0.007310741530893192,-0.03634304542088906,0.015241836162063763,0.999196388373283,0.031077120754745172
22.69328999519348,0.11897755518066924,0.14644176512010904,0.20839716571314856,-0.005976009053093437,-0.03473264118931158,0.014842369350572444,0.999268550002387,0.03015507504276608
22.793014764785767,0.12168954657674916,0.15300224114299538,0.21771386184445157,-0.006042418657376749,-0.035330223265876516,0.014179996795452086,0.999256819937514,0.028841500238915806
22.897274255752563,0.12468469879213445,0.1594070436675803,0.22471349541539448,-0.007207625819718145,-0.03476950524479236,0.01415690970343517,0.9992690896563968,0.028867705360261526
22.99203634262085,0.12483660272460625,0.16950635011430054,0.22899587427245427,-0.00595175678902582,-0.034616809219538275,0.014271184571810334,0.9992810347452311,0.029007129669556996
23.09368658065796,0.12759585333790724,0.1820716507752717,0.2386204749519901,-0.004527945543317634,-0.03405622633995344,0.014817952189182087,0.9992998045879714,0.02999734347984278
23.194334983825684,0.12680728205703942,0.1863679605872293,0.23927739528704506,-0.003338247959256344,-0.03341789067081502,0.015980379120684497,0.9993081247377283,0.03223908879396442
23.292004823684692,0.12871116297138738,0.19210606624316054,0.2423533897241029,-0.0030266117233416394,-0.03487856320762937,0.016402498463443466,0.9992523622660116,0.03307784300033914
23.40226984024048,0.1284050701244149,0.19540509956682028,0.24410530346718948,-0.0017713134298442145,-0.034112471229295865,0.016727163364816958,0.9992764401111088,0.033635417462121536
23.491666316986084,0.1213344376277396,0.20033915061425747,0.2502349256857405,-0.0017387174322054933,-0.031687132942506205,0.016714174338038266,0.999356562415924,0.033590645529311174
23.595828771591187,0.11042752579021008,0.19710424221371312,0.24926373983662395,-0.001395964802475029,-0.03202289101914408,0.01703298681001524,0.9993410144156879,0.03420962557286892
23.69464111328125,0.09969201351701655,0.19672170047289494,0.2559994141059333,-0.0023982984475811792,-0.031174986877209012,0.017823788089295533,0.9993521306005757,0.035851151836459025
23.798887252807617,0.09158694725751988,0.20188729382408163,0.2637193953357204,-0.003740652369250559,-0.02909343301425489,0.018097404230719562,0.9994058553137496,0.03646043832892033
23.891951084136963,0.08518517511904519,0.19310020751696821,0.2713444485768014,-0.005053140668118996,-0.02885341681222694,0.01937200731123158,0.9993831454654324,0.03908626372638151
23.99541473388672,0.08389198755124377,0.1916819656317998,0.2807887603031423,-0.0051836323435689065,-0.028055697238956234,0.020582902242908083,0.9993809843815429,0.04150790001303838
24.094815254211426,0.07631271985080419,0.1863951060624042,0.2876608803595923,-0.005425870133486043,-0.026432633411764446,0.02201547761586307,0.999393413311074,0.04436702635692771
24.190842390060425,0.06878982666078585,0.18448206268274614,0.287399256921938,-0.004999459825566325,-0.026992237140179797,0.022715319582526816,0.9993650177947417,0.045753697613509225
24.293007612228394,0.05843872024191728,0.17793796159501485,0.2874174264297473,-0.0028814193363086234,-0.02601335538199608,0.023832433213592068,0.9993733125771861,0.04786756362574014
24.39517641067505,0.050392129368690405,0.17445929406975033,0.28190511614103786,-0.00404827799055569,-0.0268238317718726,0.02364956572180115,0.9993521859362472,0.0475715156521392
24.49226713180542,0.03601325328843252,0.16939709381954798,0.2790583238968807,-0.005344342327941782,-0.026916659885705886,0.023224233734221025,0.9993535742634522,0.046790329503411034
24.595382690429688,0.02484919028303474,0.16446515911585355,0.27938889406567735,-0.006675815174819608,-0.02735930758865617,0.02262828695861764,0.9993472181425931,0.0456757672486095
24.69658327102661,0.01663233050998282,0.15724395811632805,0.2825846687624581,-0.0063266603016517145,-0.024853617977717225,0.021544375334640757,0.9994388980494432,0.043445762374652704
24.793009757995605,0.003762653020870546,0.14688224592688737,0.28858432045686777,-0.008256951508759295,-0.026278668373637168,0.019300104468563964,0.9994342201004491,0.03907555461971051
24.89445400238037,-6.0281061169509265e-05,0.1348361467249457,0.2905888560853833,-0.008712632035022648,-0.027747805274758727,0.017866726632128037,0.999417294939861,0.03625926419920951
24.995627880096436,-0.0037325443631381072,0.12002927713132082,0.29463859413912064,-0.008752425699980942,-0.027355384453120846,0.016450405996952557,0.9994520809565227,0.033417317533668105
25.09396481513977,-0.007880632180361502,0.10991585011695987,0.30268832067192086,-0.011437449778175086,-0.026027462281584066,0.015446502522921023,0.9994764436991809,0.031519528611394544
25.19385313987732,-0.015065110852479274,0.10082450727633419,0.310761748659471,-0.013656440138381095,-0.02525374478021773,0.013842131562487465,0.9994919436449347,0.0283994321866829
25.30002474784851,-0.02263868248484395,0.08859034055794923,0.3173134823793475,-0.014689444599557963,-0.023690476954724492,0.012904991959081446,0.9995281100106941,0.026526200368188417
25.392483234405518,-0.03008312977561564,0.07023268957125764,0.3240918061135347,-0.01616599258965745,-0.020974974009886377,0.011080306486571382,0.9995878840587452,0.022851386858807835
25.49469828605652,-0.029811313420391672,0.05876670749840017,0.32915439309544076,-0.016076927026524572,-0.01836466360006905,0.01118558194210365,0.9996395121766929,0.0229707990997293
25.594809770584106,-0.032838193388361886,0.047768373825803956,0.34069947504191245,-0.01754811103087354,-0.01655970178551599,0.011001747415897182,0.9996483389821741,0.022590957878756035
25.69302248954773,-0.03215232181087216,0.03656776345033043,0.3466055652017753,-0.014148134568342706,-0.017995367756474263,0.009396363947818462,0.9996938058086113,0.019309693107805323
25.79297137260437,-0.03120636844860397,0.029235329357873575,0.34777124665077314,-0.016692269470530364,-0.01911010455874137,0.007289336893722622,0.9996514580649233,0.015223136061979645
25.896705865859985,-0.03433474154677289,0.02149122903497094,0.3548800236874881,-0.018877122857730366,-0.020027402229124636,0.004955216878433943,0.9996089251393541,0.010671357297556769
25.995169639587402,-0.03555249338796654,0.011664625765045851,0.35717687225142,-0.018924832473284692,-0.020186962530298364,0.002218279934995947,0.9996146339934148,0.005203164948526214
26.093161821365356,-0.0359803112654595,-0.001223429405014135,0.36300271168594594,-0.018041904437277143,-0.02168871890794267,-1.6292812454525217e-06,0.99960196536109,0.0007800880719350018
26.193018913269043,-0.03308556046524071,-0.013377842024543956,0.3666334243118746,-0.018805292053475385,-0.023140154496319638,-0.0018309598483274435,0.9995536713087015,-0.002792973110193363
26.290186166763306,-0.031779982705069446,-0.024339827301524276,0.3635014856813501,-0.020141271391383553,-0.024358828226286326,-0.0030783072425007254,0.9994956231513482,-0.005178470916331
26.391098737716675,-0.025730320027333428,-0.02945262485886137,0.3636399124235489,-0.019769792951923743,-0.02827062788040782,-0.003873060702344399,0.9993972815085508,-0.006634350336022054
26.488364219665527,-0.018468512332675532,-0.028649307033675447,0.3629718329438277,-0.02134199011536619,-0.02643389101556026,-0.00394687818082487,0.9994149243514021,-0.006770403516908095
26.600048780441284,-0.010118367245797441,-0.028968123284925845,0.36549324577713604,-0.02033682542015886,-0.02601077737830892,-0.002283518587113276,0.999452169208146,-0.0035113554305244796
26.689064502716064,-0.011786126307663375,-0.028701399866363095,0.36612090724392926,-0.019032125396454526,-0.02479911154686854,-0.001133117323532314,0.9995106294154709,-0.001322795671279607
26.792866945266724,-0.01144934928051522,-0.03109658423556691,0.3744575770970646,-0.014913801606410133,-0.02398348658003966,-0.0010872527104289291,0.9996005145930315,-0.0014599487792457794
26.892216682434082,-0.01584928097605587,-0.028350404850767834,0.3840737349923713,-0.01260802323227421,-0.02432142106024344,-0.005087794937903817,0.9996117349103374,-0.009569874381389011
27.01131796836853,-0.015035747184025838,-0.030716992073665177,0.39015976966677723,-0.00988814616167084,-0.026811932878101526,-0.015415558366207662,0.9994727136751076,-0.03033335917324907
27.090599536895752,-0.013036746188307538,-0.03996693949963273,0.4060918474799406,-0.00856783774181765,-0.02663797324118616,-0.03259305990250531,0.9990769254588074,-0.06480858981826386
27.188578605651855,-0.006518455961128322,-0.047037865958125785,0.4278205950329614,-0.008577803687489576,-0.025428745351974792,-0.05440096950352442,0.9981584717422379,-0.10852305470541655
27.27238941192627,-0.0074679442339461305,-0.05572059618320642,0.4459350407289231,-0.010076747305478714,-0.024959284827973646,-0.07943543582510997,0.9964765450324922,-0.15868158837771582
27.39235234260559,-0.007555551097154098,-0.06016476475176249,0.46590645196512737,-0.008698172606777112,-0.02633873447859588,-0.10660748021826724,0.9939142105940938,-0.21338629022346015
27.496803760528564,-0.007527767359251952,-0.07337930675335941,0.487750230851742,-0.010520189756379996,-0.02620005936984637,-0.13652590482139143,0.9902340934391255,-0.27364172411121446
27.59108543395996,-0.00606059535828897,-0.08738862840360015,0.49936249509059305,-0.009248122201753715,-0.025212822376103908,-0.16654482410378846,0.9856681020444005,-0.334510841365227
27.691633939743042,-0.001521817116850857,-0.09986126984740626,0.5015779680606511,-0.012628376997340311,-0.024163652749159232,-0.197519627731956,0.9799197103032782,-0.3974051943834884
27.792663097381592,0.00542410282309326,-0.10641758656214065,0.5025854167820349,-0.013535298593509496,-0.023958609354178022,-0.2287903799007628,0.9730867087750521,-0.46144086780582755
27.89332628250122,0.007247370052268637,-0.11414486792885754,0.5082408313486184,-0.014933757030055733,-0.020310412854683928,-0.2596613148918613,0.9653706394847883,-0.5250837300566035
27.99169158935547,0.007833784738781421,-0.1280107681319726,0.5064416306447033,-0.016070668424549715,-0.01484725310748356,-0.29048442491857757,0.9566295477201578,-0.5891935174691034
28.09270191192627,0.011497661526694528,-0.15037539233243874,0.5008642012048022,-0.01729507873977091,-0.012713685281164728,-0.3213814420578695,0.9467065074027752,-0.6540995031860375
28.192652702331543,0.018478100746172565,-0.1714983485480195,0.49423640187378115,-0.018359969469018966,-0.01343055821105581,-0.3514997244758377,0.9359115745200752,-0.7180647637690506
28.29266047477722,0.022538788204655796,-0.19502247133410247,0.48873930346087,-0.02042941699859574,-0.011017766359364873,-0.3807199575337433,0.9243990273042549,-0.7808430646479644
28.381914377212524,0.031108963557641575,-0.22604675745417482,0.4852270111098852,-0.019942370530971646,-0.010209909326727641,-0.40880174185572854,0.9123481766655029,-0.8420159639898095
28.489694356918335,0.03575832927617664,-0.2626919406187909,0.4842626793709017,-0.01911015728835368,-0.008698619228050652,-0.43749700437187294,0.8989746976848554,-0.9054078858800069
28.590909004211426,0.05321588441985106,-0.29265999381233376,0.47968572855132696,-0.020512656356203612,-0.006069697667945786,-0.4644211266316527,0.8853560904165162,-0.9657441624929287
28.690186023712158,0.069986062240292,-0.331495526730369,0.47304052652524575,-0.019699401471485734,-0.005323239845503561,-0.49080868806449657,0.8710283740611555,-1.025853506393855
28.792657136917114,0.08385406270960756,-0.3718638475547211,0.4655083735947426,-0.021803898402278355,-0.005636102050532389,-0.5166885519268539,0.8558771901831885,-1.0857562535501064
28.89237117767334,0.10322027700597639,-0.408431032568439,0.45918627853444954,-0.021696899245304754,-0.00394595314094045,-0.5406893304271169,0.8409332446628713,-1.1423399614252387
28.992467880249023,0.1225608736377035,-0.4467751935771115,0.4494734614551478,-0.024263882035126815,-0.0051218489769736366,-0.5621456811945088,0.8266663557965839,-1.1937592146862839
29.092629432678223,0.1409532703573537,-0.4985862320655618,0.4429375028662084,-0.02405903765796171,-0.003489174427734849,-0.5805859595014145,0.8138359367824743,-1.238727231288538
29.191846132278442,0.1625996194418098,-0.5548228761204435,0.44306461916124595,-0.024683014500570827,-0.0027055733716069546,-0.5947484512307418,0.8035282872597139,-1.2737467709068142
29.293044567108154,0.18265443070403084,-0.6190026707190022,0.4399760742216502,-0.026754110581269655,-0.0053953496107523495,-0.6048402367654089,0.7958790082412948,-1.2989570767395933
29.393773794174194,0.2017054536340918,-0.6806527773494876,0.43531999001712635,-0.027185025140533822,-0.006649398035637724,-0.6095184150661234,0.7922777679634543,-1.3107435635883196
29.49227023124695,0.22129473368944702,-0.7410248261791788,0.4320092258318737,-0.031171028299557285,-0.009420573593524073,-0.6081060306384175,0.7931876671312441,-1.3071517831792878
29.594462156295776,0.24809350137438685,-0.8091681715680457,0.42737552920214683,-0.032941812993873956,-0.011709445699650017,-0.603139669715299,0.7968690385840096,-1.2946644031406815
29.694655895233154,0.27368140951145503,-0.8678902540883447,0.4246669937881115,-0.03574754906652955,-0.016039383938268814,-0.594578502162774,0.803082346751869,-1.273305471430466
29.7940571308136,0.30381129120470207,-0.9342079582790299,0.4286463829396968,-0.03413438480226616,-0.01843120210830818,-0.5847352850962015,0.8102961069426889,-1.2490107602462985
29.892333984375,0.33728883419601907,-0.9947778953213936,0.42570277532346606,-0.03554029275230745,-0.021139241496580245,-0.5751287024164051,0.8170171330620013,-1.2254480062990276
29.995275259017944,0.3468307773207666,-1.056868094283226,0.4295731182487382,-0.03398487700865055,-0.018851708739130425,-0.5389860112380281,0.8414176851612059,-1.1381683277064514
30.093310117721558,0.3095294431946549,-1.0774074956030921,0.46699128360140574,-0.036222228893202084,0.0036718955806677904,-0.49652879887993007,0.8672563745512092,-1.0389638443900995
30.189545392990112,0.2751007537146727,-1.0944930709157161,0.5002863359167851,-0.037501405533556596,0.039891500848334385,-0.48239706881555444,0.8742398874114794,-1.0101860875524564
30.299688816070557,0.2502402142527773,-1.1165037628029346,0.5292566803064195,-0.034027499583583455,0.04568180672596887,-0.4900766010363588,0.8698162029549634,-1.0285922091315822
30.39543604850769,0.229205959762575,-1.1555421088807338,0.5532883087390004,-0.03016219214169092,0.033836694798438684,-0.5110479648732161,0.8583561602559099,-1.0752107883909579
30.49194574356079,0.22340670240531535,-1.2023476428036433,0.5723102328115858,-0.031113168192820447,0.018138950638236964,-0.5404974698218744,0.8405744668682845,-1.142777714281189
30.594340801239014,0.2224374693990947,-1.2574520502969346,0.5826214873753744,-0.030239628518830858,0.005820652875429405,-0.573133512975954,0.8188831791965132,-1.2206060548972513
30.692686796188354,0.22994923726042496,-1.3145958997566438,0.5789841865282662,-0.03215705870115642,-0.00253860042912067,-0.6055980806081714,0.7951166227964616,-1.300792022604943
30.78791642189026,0.2363355533384834,-1.3671095429953173,0.5682999955549793,-0.03407267833632156,-0.005555844790037534,-0.6345369957009429,0.7721210955973682,-1.3746145642213865
30.89545488357544,0.24822341020843056,-1.4190894373321863,0.5521214357894869,-0.03971306914931176,-0.008558049073215683,-0.6581516147008344,0.7517885899649495,-1.4365831168911931
30.994012355804443,0.2578005445709328,-1.47191522814653,0.5311744414760792,-0.04189599105325447,-0.010064984290726824,-0.674969634443321,0.7365863252900794,-1.4818229232160374
31.101768255233765,0.27152528386829866,-1.5266845977930743,0.5027656159482655,-0.043777325319556644,-0.010149421262552747,-0.6848427114041202,0.7273039224922095,-1.5088085428978473
31.18734383583069,0.28459799124909124,-1.5811530674169532,0.46680144332942985,-0.04402254738632768,-0.011637650778130124,-0.6878365006046221,0.7244360074167855,-1.5171184845796093
31.292237758636475,0.30150913553428094,-1.6335447064789321,0.4277230488776064,-0.0454873501013733,-0.012431401571386835,-0.6840971594438008,0.727864985884504,-1.5068330673939598
31.39317560195923,0.3206486273322737,-1.6899775184024375,0.39422950197549567,-0.044850205135086724,-0.012894990915029977,-0.6761119808718244,0.7353195003739665,-1.4850065496515887
31.49161124229431,0.3455578104893363,-1.7503729807789905,0.3654772961165546,-0.0436821359287103,-0.01384175044593274,-0.6651397900373451,0.7453115701868411,-1.455387828275528
31.597970247268677,0.36275034546087626,-1.8077985193006438,0.3460325671422895,-0.0441588577327638,-0.016004294446909463,-0.652788919976101,0.7560823260726505,-1.4225371162031346
31.695476531982422,0.3881555873413355,-1.8664087354479255,0.32488721268249476,-0.04123408147383221,-0.018892713025915574,-0.6426612664710613,0.7648067157768303,-1.3960654615824237
31.790306568145752,0.41188457674323387,-1.9245099691588288,0.305744508077004,-0.03735812390164756,-0.020981933932512162,-0.6344902834789412,0.7717423204657197,-1.3749628967234473
31.89357089996338,0.4306947638071611,-1.9809041275358341,0.29791876235459286,-0.03534991425725478,-0.023891451089805844,-0.6302338011796623,0.7752321832699298,-1.3641760245254522
31.993706226348877,0.4517482630866281,-2.0369737981136367,0.28717241227100715,-0.03391891522839319,-0.02560555303413731,-0.6308951114091202,0.7747033117546476,-1.3660446040862113
32.09422445297241,0.47202206174485545,-2.0869991421907215,0.2769849239231055,-0.030824470436121326,-0.028085259890057297,-0.6363760067435579,0.7702510293666369,-1.3805322202237504
32.19037675857544,0.49351455459772553,-2.1413742229976442,0.2675815426826321,-0.03023503937437581,-0.027823146002116977,-0.6459583097462495,0.7622660801913879,-1.405571267879238
32.29372692108154,0.5074690083250957,-2.190929394648165,0.2624352964508377,-0.029745571961742132,-0.025834439029248157,-0.65764648511554,0.7522957419285907,-1.4363155569900425
32.395073890686035,0.5237724623872012,-2.2433181341891366,0.2552553964069791,-0.02962387698133652,-0.025504058022288008,-0.6698044415733125,0.7415079089164548,-1.4688909124064295
32.48038172721863,0.5486467030546142,-2.299208637392746,0.24893585027510418,-0.0315193343587769,-0.025560441242401432,-0.6825332251158917,0.7297270667982467,-1.5035383150530772
32.5889687538147,0.5704564786370621,-2.3550589810191416,0.2363049022751415,-0.030744099657455972,-0.027099905394944928,-0.6943195250873003,0.7184989857657306,-1.5363023947490824
32.69490027427673,0.5772119384699321,-2.4182680108670254,0.23118218800022483,-0.033769710858890495,-0.02552947509874187,-0.7048651159124091,0.7080769879748076,-1.5657517501367153
32.792983055114746,0.5816761112796544,-2.480091881525525,0.22577687774854752,-0.038660637051910654,-0.02511213885400698,-0.713115338043905,0.6995293062277267,-1.589200714226654
32.90422797203064,0.5842917717244267,-2.535752167022419,0.22215655001741907,-0.044110592836898596,-0.0252626985545463,-0.7178941460769063,0.6942939195253183,-1.602978495574952
32.99337029457092,0.5927763524433557,-2.596930611335317,0.2170166865186425,-0.047290845318020164,-0.02388167234746181,-0.7188198403074922,0.6931747823278823,-1.6055257949357236
33.09069085121155,0.6071247926765381,-2.6518857960866002,0.21445690100547332,-0.05182687448231133,-0.02247932286857591,-0.7156199058243045,0.6962016988723733,-1.596174943308316
33.19198536872864,0.623913989685773,-2.7051025848975163,0.21371982810009715,-0.05470188567330911,-0.022467242430273423,-0.706895780009001,0.7048413175508582,-1.571211643318815
33.29308104515076,0.647429151553129,-2.751179260949702,0.21202332877838728,-0.05542304587032181,-0.020109687218831704,-0.6944632877515066,0.7171085192854602,-1.5359610461366775
33.392529010772705,0.6669308886367967,-2.8003531427176234,0.21528217747213252,-0.05360560938134121,-0.017973946985426596,-0.6792001399289284,0.731772195285626,-1.4936117516538696
33.49063444137573,0.6935290823545952,-2.8435136923694735,0.22084795608347169,-0.05066396129852465,-0.01898969308569586,-0.6606101785624462,0.7487768336171637,-1.4434057143028591
33.592506885528564,0.727953141301137,-2.8897077164877216,0.2307609821265974,-0.05164801091815029,-0.02186528023069639,-0.6392328853500804,0.7669652604751032,-1.387049657956585
33.6899049282074,0.7605854073263758,-2.9319146197169568,0.23975731427172206,-0.04968177403270673,-0.025984357555944446,-0.6161405832146525,0.7856381585738283,-1.327763366275357
33.792994022369385,0.7896962487058974,-2.9787379374526086,0.2560759124464784,-0.04712974075225376,-0.027946170879537362,-0.5927846256287314,0.8034949823664128,-1.2690753476410723
33.8933219909668,0.8255306990789678,-3.0219593848406747,0.26878634274979796,-0.04499818404991285,-0.029252766599602062,-0.5689014083822593,0.8206525614528729,-1.2103080353633575
33.995527029037476,0.8657272090806878,-3.066158456074234,0.28694982476347525,-0.04347016258654053,-0.0328865132199031,-0.5440225151855294,0.8372982295360162,-1.1504685614616754
34.09259223937988,0.914571081511453,-3.0980068815825144,0.30079772536487487,-0.045319214663079345,-0.03285865598819978,-0.520938807501126,0.8517565593221315,-1.095582396782413
34.191691160202026,0.9530843997981073,-3.134805963611329,0.3247954015769335,-0.044752278726843446,-0.0318892383037769,-0.4991809794644236,0.8647535254453136,-1.0447579953346655
34.27934718132019,0.9946835715706598,-3.1592649253340332,0.3481928201733368,-0.04214310122927713,-0.03306423668404399,-0.4790143597850266,0.8761711923996484,-0.9985433418470567
34.390774726867676,1.0313259338361234,-3.195532739323164,0.3771021649516053,-0.040648266216977175,-0.03338639288031501,-0.4599316247215572,0.8863949276733164,-0.9552611281204949
34.49483394622803,1.0724169962815226,-3.2213312994958225,0.4075025439898046,-0.038334186570409906,-0.033551691186737044,-0.4423740985829725,0.8953825612895292,-0.915926985183084
34.59266805648804,1.1105166445838206,-3.2439613210513873,0.4332271156585329,-0.03669070036548787,-0.035879989361304016,-0.4279325887873042,0.9023525465824977,-0.8839381954403889
34.69259715080261,1.1406510848248275,-3.272054655724647,0.46049049845596746,-0.03492831967622292,-0.035949947651622606,-0.4175115396095289,0.9072881174364195,-0.8609810672712561
34.78991365432739,1.176196666164006,-3.2962873937080692,0.4897179967620887,-0.029938100710063573,-0.03528435921258378,-0.41151992999312553,0.9102252860359816,-0.8480724305982764
34.897279500961304,1.2133289533034506,-3.3142787508812166,0.522900935852695,-0.025405273429771735,-0.037672453920693405,-0.4081192826741357,0.9117971317168643,-0.8410096292878138
34.98203706741333,1.2485302561219986,-3.336762915087921,0.5442485439332498,-0.026008331286505666,-0.03862396051036633,-0.4068178510757164,0.9123217592627731,-0.8381639280908249
35.088573694229126,1.279005449694338,-3.360062209864537,0.5665556293655999,-0.024298936094831747,-0.03487239483419922,-0.4069144580862631,0.9124769046850171,-0.8382838712417886
35.19392204284668,1.3128815635098097,-3.3830822299418712,0.5839522530704888,-0.022600455393509078,-0.03225808143527809,-0.4070944485493787,0.9125364351949999,-0.8386521907773973
35.2946412563324,1.342773807955563,-3.4104548530372276,0.6041837419756162,-0.023791235395143818,-0.02669589959337114,-0.4076878748746894,0.9124209021846404,-0.8396725856081453
35.38115096092224,1.368035307620004,-3.4320792329606373,0.6276885023011485,-0.02504075795069081,-0.02330984502196221,-0.40714791262657835,0.9127213094971144,-0.8383368731159407
35.48930501937866,1.4004464399543362,-3.452034187550836,0.6454486056665512,-0.02427754487558886,-0.023415801556191933,-0.40524800674679573,0.91358434426168,-0.834209851238674
35.59822392463684,1.42649810536993,-3.476980720016466,0.6608857121851139,-0.024840304708462844,-0.023023963063833773,-0.4027318435893615,0.914691160198862,-0.8286660351903792
35.69321346282959,1.4485711637247145,-3.5053803491615962,0.6760009950463958,-0.02185546730868544,-0.022324881974583544,-0.3972939737570799,0.9171594390343746,-0.8169018773536378
35.79422855377197,1.4764530883859923,-3.534899370292233,0.6908046943069159,-0.023347747857852545,-0.023360445103042932,-0.3931495014096043,0.918881190261251,-0.8078214286710617
35.892571210861206,1.5003362331814223,-3.5619461620257957,0.6940089757930847,-0.020912187524362493,-0.025137727135199357,-0.39096511002773304,0.9198244712054713,-0.8032237570635984
35.992748975753784,1.525548611875383,-3.587709426882223,0.7001474604390592,-0.018431313408277653,-0.0243734633648066,-0.39207058954591295,0.9194274706483218,-0.8057216877732536
36.097378969192505,1.5468940418427497,-3.615893762545348,0.7090767978633996,-0.017569183679534042,-0.023158036491338713,-0.39398087948306676,0.9186588571022705,-0.8098833812248557
36.19341039657593,1.5758188534980802,-3.6480415497266216,0.7153541414955984,-0.018179790438441513,-0.021604886951227028,-0.3971211162634863,0.9173317519289745,-0.8166620870149973
36.29439187049866,1.6036412539283884,-3.685511598091745,0.7156490366252967,-0.0215826934513169,-0.019095055116288805,-0.4000728493739145,0.9160301749436693,-0.8229201450096686
36.391658782958984,1.6252194468990344,-3.7184713122253132,0.7094402386817618,-0.022292020611044253,-0.019043678616272465,-0.40204019650006295,0.9151524924951183,-0.8271914679402262
36.494656801223755,1.6521519880796587,-3.7571150146902728,0.7120023734973798,-0.02380412351731841,-0.02009664983501605,-0.4048481861281761,0.9138530705522123,-0.833291043691379
36.59388279914856,1.6714912511336726,-3.799184334594259,0.7081900972751496,-0.025299382808381364,-0.019311175311595964,-0.406042319658852,0.9132998710082348,-0.8358344247833019
36.69612002372742,1.69793376452271,-3.8460115900333536,0.7015341198232182,-0.027772041070358543,-0.0178038302013958,-0.4073970493441544,0.9126551273896526,-0.8386899689371148
36.794148445129395,1.7241482034559332,-3.895164299145324,0.6974711074015411,-0.028024103173248188,-0.017554244709188198,-0.4071466306734915,0.9127639997640401,-0.8381296480467816
36.894733905792236,1.7407382675042364,-3.9414438868219253,0.6921751480989393,-0.029104702892010288,-0.015333050525707501,-0.40576131540059646,0.9133868669712312,-0.8350503102283233
36.99608612060547,1.7614085309981222,-3.9875655743651155,0.6852056882726788,-0.029391263294365727,-0.014524354860016804,-0.40282255815775225,0.9146907583424607,-0.8286112283019313
37.09453535079956,1.7848941262774005,-4.0351763907401725,0.6791644776043497,-0.029888326757582937,-0.01391737991874592,-0.3983393633100035,0.9166453764120617,-0.8188033740183326
37.192137479782104,1.8099180645230164,-4.084172345287609,0.6727216107502715,-0.03229440498182692,-0.013469381957123137,-0.3939777120792374,0.9184537057148675,-0.8092106559212877
37.29602384567261,1.8381630682716155,-4.132151850416003,0.6640830192336324,-0.03559182385841084,-0.014168461031529009,-0.39016434051611093,0.9199479681895374,-0.8007731627357589
37.3971803188324,1.8743201011696833,-4.184948005827581,0.657989901835488,-0.03702608439164882,-0.014365554959854757,-0.3870390742095152,0.9212076068619708,-0.7939206249804294
37.49566411972046,1.910299097623016,-4.232347604589156,0.6515346914679739,-0.03654788623851336,-0.01537942421027983,-0.3843362900183593,0.9223412283408893,-0.7880583471867992
37.597407817840576,1.9457085520794293,-4.281291802702709,0.6461274839326612,-0.03718765714862114,-0.014165892340287756,-0.3834085648497501,0.9227211269120562,-0.786042858515009
37.69303011894226,1.982794273497607,-4.324077823813392,0.6442845788338649,-0.036290952268494624,-0.014317945398520398,-0.3828278301689584,0.922995566441756,-0.7848187977358091
37.7995388507843,2.019439206552051,-4.367006915886456,0.6301522343777659,-0.036033017241136805,-0.015803865991900524,-0.3843795466754879,0.9223362855194175,-0.7881676325816436
37.895153284072876,2.0572783936471812,-4.41379827801181,0.6173073691142235,-0.036058194984247366,-0.014769589614205977,-0.38565942293745636,0.9218180272139691,-0.790959638600017
37.99885034561157,2.1014114416091587,-4.455062567856328,0.6105581318974806,-0.03727806266636664,-0.0164225025027422,-0.3884411327826916,0.9205727205484037,-0.7969194646605712
38.09447979927063,2.145444990281161,-4.500774881851151,0.6059892109280728,-0.03797546457679651,-0.018581452120079025,-0.3902746130236657,0.9197273074974527,-0.8008453709167702
38.19515013694763,2.191742135742587,-4.5420347344755205,0.6079854703746761,-0.0383203761842906,-0.019137279749876,-0.3926178029796274,0.9187037466323515,-0.8059226753897353
38.29658532142639,2.235125854703193,-4.587210888325442,0.6053484468394923,-0.0361645862771284,-0.02163661824913117,-0.3944132957895921,0.9179663019711221,-0.8099316778406032
38.40538239479065,2.2849518349846867,-4.628665767358319,0.604361443711042,-0.0350367350901951,-0.02362447714228298,-0.3962108100838747,0.9171866250914549,-0.813917784062937
38.499619483947754,2.330748813532769,-4.671031763023809,0.6059904774773404,-0.035971725242256655,-0.024361686469948164,-0.3964993527821219,0.9170064375230929,-0.8145019285112608
38.588404178619385,2.3783522193034816,-4.711132651876591,0.5999126621193611,-0.03629009025941935,-0.02388425130150416,-0.3970815909471573,0.9167544829558262,-0.8157525046478985
38.69501447677612,2.4255005432305086,-4.747151468102095,0.6009050885161862,-0.03499142671592683,-0.023752837984736503,-0.3955520663601514,0.9174693267582679,-0.8124837638289238
38.78976631164551,2.476886969710481,-4.784555707249409,0.6053354136402086,-0.03614573404048413,-0.02448675524385454,-0.3932440729822561,0.9183969641677984,-0.8073931189467751
38.89447212219238,2.5221217807276988,-4.829233778858311,0.6044982314598005,-0.037859404352682195,-0.024942535289416104,-0.38937147382538406,0.919964342138566,-0.7988660235677031
38.9956796169281,2.5697598273784505,-4.869290953521929,0.6072117144830376,-0.037819148215833,-0.02447121788360056,-0.3840749260959325,0.9222024304174904,-0.7873576381832645
39.10400176048279,2.616396181548508,-4.912133991126149,0.6130121800355413,-0.0385449971520383,-0.02419522081235358,-0.37813237492492546,0.9246322412278443,-0.7744365050990369
39.19261145591736,2.667985152221071,-4.951052095258033,0.6197988729177093,-0.03764976925141486,-0.02456121556471586,-0.37353179709756634,0.9265275161172286,-0.7645397985554884
39.29091763496399,2.71496247465799,-4.992751728843182,0.6279023272828487,-0.036296553487972505,-0.024372021774407768,-0.36896762950587675,0.9284134063747338,-0.7547681775362975
39.393617153167725,2.764244956773209,-5.0308421588134555,0.6301037660092064,-0.03648767002637643,-0.026560139373774126,-0.3648560712829304,0.9299694920697545,-0.7459037448776584
39.49363970756531,2.8104825358447387,-5.0713914209196975,0.6347760412065205,-0.036781626200565,-0.02800640254016879,-0.359784694716071,0.9318893318623536,-0.7349860722234437
39.5950927734375,2.8553224979334964,-5.107468656173733,0.6428649114844748,-0.038596996812866616,-0.028059284824827686,-0.3549492482825277,0.9336669532096632,-0.7244933698159831
39.69611120223999,2.902760460638903,-5.145158976412099,0.6427593493129771,-0.038575068971132075,-0.028259586938643104,-0.349680178960231,0.9356479745300956,-0.7132097083399369
39.79721808433533,2.948637971421616,-5.179417172261032,0.6488407258218486,-0.039358454837869025,-0.028506239725652423,-0.34503589263279116,0.9373305388840012,-0.703230825834859
39.89881086349487,2.9955515403818445,-5.218208987001378,0.6558825132078825,-0.03990991841495627,-0.029870804631940664,-0.3389106788940937,0.9394969319664096,-0.6901242038895141
39.99800491333008,3.0373325293466795,-5.25312888913241,0.6594832383319763,-0.03995429266516168,-0.03018454636300154,-0.3347596737603592,0.940972108238254,-0.6812819779447007
40.099939823150635,3.0811083030234148,-5.286948477312218,0.6670626230038518,-0.039641055129832924,-0.03064314259845006,-0.33157272891011313,0.9420982485935239,-0.6745261340638311
40.19916009902954,3.1247075216460147,-5.3196840608219285,0.6677173506018428,-0.03736207132064591,-0.03171725336055929,-0.32829033487224035,0.9433045889294536,-0.6677148442227344
40.30428171157837,3.1672201939843,-5.355212861026705,0.6673841851031299,-0.035692710465151295,-0.03114113886470064,-0.32625433890423183,0.9440944689150673,-0.6635094144258995
40.401707887649536,3.2066372100783247,-5.3835130749730675,0.6779876288005275,-0.035858329110989344,-0.03125744351495623,-0.3254795798121053,0.9443517329806795,-0.6618554864656717
40.49885296821594,3.2453825820493662,-5.415496233630001,0.6863963962415557,-0.03574077698712907,-0.031112908565766623,-0.32599555811747827,0.9441829694866395,-0.6629572100032174
40.59244680404663,3.2838020535882837,-5.4399685549602665,0.6949402179808741,-0.035967171853147246,-0.02922195352798415,-0.32663908573879563,0.9440123662583124,-0.6643039821311174
40.69625759124756,3.322969421878735,-5.46673241167977,0.7071581068308229,-0.035756439531923624,-0.029197815607657798,-0.32768319228594894,0.9436592023018855,-0.6665324258017218
40.793007373809814,3.358437185600845,-5.490147913854239,0.7078667050451801,-0.035198514579602214,-0.029753226689517874,-0.32892970749535094,0.9432290589246997,-0.6692149495026352
40.888407707214355,3.3923941127803494,-5.514361692795165,0.707929348266517,-0.03417821700864819,-0.030850004482209623,-0.3298195671294852,0.94292055860718,-0.6711769566891103
40.99314594268799,3.424635534982523,-5.539595790716841,0.701684542289179,-0.034617159679148024,-0.02953589668686707,-0.33034518487338355,0.9427626116332898,-0.6722577366855791
41.097437620162964,3.458636184380958,-5.561621868523526,0.6989830902830836,-0.03441412744147145,-0.029307239042901927,-0.33005128509212095,0.9428801105024773,-0.6716461768841063
41.196386098861694,3.4907549849235022,-5.583843810625678,0.6914204932688822,-0.03275795602706241,-0.030436726309949886,-0.32956328023610426,0.9430739983312451,-0.6707243882223244
41.29371237754822,3.5211066752508624,-5.606156641936111,0.6895762919034584,-0.03201662544926908,-0.03045112732732239,-0.32841127198971026,0.943500768928906,-0.6683278795685372
41.3963680267334,3.5512850128944935,-5.629550587031697,0.6958544432031262,-0.03193760447745275,-0.028258096380308472,-0.32542500383584877,0.9446057570688635,-0.6619863587717375
41.495779037475586,3.582079515537953,-5.650202594155509,0.6950776619490224,-0.03336856214665143,-0.027906750887403305,-0.32320286934604175,0.9453293910387315,-0.6571892016527824
41.59866166114807,3.6154508261430847,-5.671480897794203,0.6954337824027873,-0.03410140325694452,-0.027719598244795838,-0.32083168051353045,0.946116140306209,-0.6521246915886696
41.6940016746521,3.643930211978648,-5.690290615383981,0.6990300820081794,-0.033906377030229244,-0.027190612071661242,-0.3179319331914183,0.9471168428810777,-0.6460066664557617
41.79564380645752,3.6733072767477872,-5.708675303039519,0.6990481065883253,-0.034902833894743884,-0.025622331098837672,-0.3163607525667984,0.9476503377145741,-0.6426358335725528
41.89210844039917,3.702882265425306,-5.730265597466951,0.6956428352777304,-0.03321864940687949,-0.02458585206033017,-0.3170679964207199,0.9475019487345663,-0.6442360240112017
41.9928195476532,3.7322548959499926,-5.7534821856441045,0.6871796931713923,-0.030391557523879068,-0.023906421366997714,-0.3196796333417612,0.9467363773908625,-0.6499157491047095
42.10139751434326,3.756910572500214,-5.777063532858422,0.68510585914622,-0.028180094600116654,-0.023951921349427596,-0.325984136011427,0.9446515393524126,-0.6633762233362319
42.19814658164978,3.78118460395428,-5.800928617359451,0.6896024364484178,-0.028907065977873493,-0.02312105532412115,-0.33668984110411115,0.940887745288745,-0.6860623413580615
42.29182291030884,3.8118975295180935,-5.821246841510496,0.6920476892175107,-0.029696504579979004,-0.022813870519493348,-0.3491795503596834,0.9363072607527192,-0.7126506406324415
42.39806008338928,3.8436582807232518,-5.844720325302748,0.6926919854501292,-0.02865386544011365,-0.023389628226523032,-0.365297759909629,0.9301555933776735,-0.7472716981543043
42.49864172935486,3.8664794719502598,-5.8702654738800275,0.7002595357675162,-0.025407425620501554,-0.02260259343725793,-0.38081969939678084,0.9240237778567142,-0.7809303615692994
42.59917593002319,3.8976580088795845,-5.892640706893506,0.698247073970311,-0.026236644309686048,-0.02155838578050158,-0.396850556956138,0.9172548773059258,-0.8157259978172948
42.69714570045471,3.9333205628191226,-5.9114800308425055,0.705748467185168,-0.02466385637843575,-0.020352382019228392,-0.41415231738801106,0.9096457182534459,-0.8536813275913935
42.79591655731201,3.9593343249191015,-5.941056781166043,0.7107634223795818,-0.024342484633478337,-0.020357579513487975,-0.43107898676725726,0.9017560199776521,-0.8910956704198144
42.8944251537323,3.9887710979857816,-5.970441987446368,0.7069161479983611,-0.022628044868335993,-0.020724840307960027,-0.44752404770848975,0.8937453100868589,-0.9278320350352863
43.002238035202026,4.017757765047845,-6.003722590223366,0.7056107544684664,-0.0254119015368777,-0.019422326373329416,-0.4623467514203695,0.8861221642355861,-0.9610275991674335
43.09892010688782,4.051217673187505,-6.032455656609285,0.7132767181932795,-0.027054637361295975,-0.019005903830946618,-0.47474096642706615,0.8795043132428134,-0.9890537929995918
43.19699716567993,4.077097076187511,-6.0676520703037164,0.7115223356344745,-0.02866102031289451,-0.019358628133828697,-0.4834874601256434,0.8746677456798406,-1.0089598379306102
43.29639744758606,4.107110842290429,-6.108253964587174,0.7191723056609133,-0.028901166298948594,-0.020165290938948775,-0.48811921780238426,0.8720651998789406,-1.0195854913854199
43.39637041091919,4.142983332089107,-6.148688543192447,0.7206587889900337,-0.03081585462800722,-0.02130337994379017,-0.4903113191949906,0.8707418442775011,-1.024577076509149
43.49897599220276,4.171189353053967,-6.1893398939582385,0.7253100227792332,-0.031395706907457174,-0.020971307605207413,-0.4918941902322156,0.8698359727333089,-1.0281852413787886
43.596235275268555,4.201362081561409,-6.235516082797887,0.7232194562258544,-0.0322394278240649,-0.02202092106640549,-0.49307442505423765,0.8691106429485241,-1.0308978900308647
43.69815135002136,4.234783272219801,-6.2781458504486585,0.7246556298735459,-0.03492793813648926,-0.02210708444551159,-0.49506288885439026,0.8678732926147678,-1.0353701461294778
43.801003217697144,4.263277856373231,-6.3252834484281735,0.7208233863895229,-0.035344479851021404,-0.02424079785019806,-0.49720444856704815,0.8665742252045027,-1.040361477809799
43.89118933677673,4.29138877190387,-6.367534021728634,0.723715116414612,-0.03397483548335613,-0.02570955117794218,-0.5001552209123068,0.8648869778914868,-1.0473031795751317
43.99831175804138,4.321790671294454,-6.417060096149181,0.7272362223045479,-0.03451754417026846,-0.024120232968208175,-0.5038364540780761,0.8627720330701754,-1.0557514955427976
44.09705209732056,4.3495305290936495,-6.461363283375913,0.7345269693218857,-0.032865829947861955,-0.02378233511884254,-0.5095212153540444,0.8595012326124208,-1.0690274159012751
44.194905042648315,4.373418726796998,-6.504794388332062,0.7363493372755363,-0.03223715583026816,-0.022192785396427703,-0.5162900848737806,0.8555190204322447,-1.0847977826659772
44.30495810508728,4.397997039647532,-6.556155606219492,0.7419215940704635,-0.031701633306641365,-0.02055138785809132,-0.5239021611857636,0.8509401696991885,-1.1026209019489523
44.39367914199829,4.423474343404111,-6.608752311593635,0.7371231255889961,-0.03349360317975446,-0.020848558170935783,-0.5324307763770505,0.8455536556214286,-1.1226932784803378
44.496538400650024,4.444810048174206,-6.663641275430013,0.735387977822667,-0.033101753829966704,-0.020322879600104492,-0.5399535064632397,0.8407981121031327,-1.1405494080214083
44.595937728881836,4.4712455031954725,-6.721059710985854,0.7395723489297716,-0.03295710250146216,-0.0216342445247512,-0.5479985065687514,0.8355497744939971,-1.1598206350058289
44.696179151535034,4.489999803875284,-6.778899393089349,0.7392012072560982,-0.0346321120723471,-0.019685073543030004,-0.5536650567438822,0.8317861020922432,-1.1732961614049175
44.78016448020935,4.512025820616809,-6.837433893547477,0.7303801115341437,-0.035144953391362456,-0.02112205407282374,-0.5593984204349901,0.8278841092192202,-1.1871665069227453
44.892940282821655,4.53067076112144,-6.892274997508223,0.7293843449488662,-0.03513471549072807,-0.020727847217456297,-0.5632930234255192,0.8252495852027149,-1.1965842129381772
44.99602699279785,4.555594535650226,-6.948826100601993,0.727149901762143,-0.035824100692910275,-0.020928249424487663,-0.5655547825179155,0.8236664556461456,-1.202062496932132
45.10269284248352,4.571759741214753,-7.012173467662534,0.7238549843237376,-0.038519448880156154,-0.02118479469369155,-0.5655697715118725,0.8235279534319181,-1.2020187923639365
45.18377947807312,4.600006545952788,-7.069438994859871,0.722589755346834,-0.03923087030786479,-0.022699365429101857,-0.5648101264840936,0.8239752415242984,-1.2002122430596645
45.2903733253479,4.621937050634148,-7.129148417907227,0.7185705319220289,-0.04159608877007331,-0.02195291569304241,-0.5608992922854287,0.8265469247449365,-1.1906039628875835
45.397233724594116,4.6532729006378775,-7.186730285233612,0.7163433537616082,-0.04230973619192105,-0.021206188360569186,-0.5565205786516559,0.8294847975314629,-1.179959999986932
45.505042552948,4.675873485648751,-7.242476514574745,0.7147742521221124,-0.04411751472017507,-0.021011969585188587,-0.5502357061986267,0.8335783164485295,-1.1647498670657113
45.60333061218262,4.695118349872028,-7.297364469347811,0.7070050419856109,-0.04531754938344843,-0.020400549138451463,-0.5416134077636321,0.8391573474881776,-1.144043555824095
45.68989586830139,4.718562518876522,-7.3540180472927945,0.7009824902676313,-0.04499021191681898,-0.022029381967056155,-0.5319777050740473,0.8452752856117226,-1.1211958253376237
45.80214166641235,4.7394500317497785,-7.4095457203248065,0.6978302026584384,-0.04708706816437598,-0.023519121005744364,-0.5214137476921566,0.8516791430324102,-1.0962114010188866
45.902743339538574,4.765744633727606,-7.463326823700553,0.6895669318984302,-0.05013875487856603,-0.022519998072584427,-0.5083663453646715,0.8593850207250563,-1.0655035154431078
45.99195694923401,4.794976712069715,-7.5135291760834235,0.6809795799634595,-0.051813899491814655,-0.022732432489478545,-0.4949504883927512,0.8670770267815544,-1.0343069025401737
46.09624719619751,4.822569079212533,-7.562733957093349,0.6797065214238722,-0.05429576346617275,-0.023198393939310086,-0.4780378110524521,0.8763524723491354,-0.9953370012650743
46.19562864303589,4.8573851125567735,-7.609292565698256,0.6787858096396081,-0.05741607609909941,-0.02322137512772755,-0.4598746292838605,0.8858213630769985,-0.9538944269501316
46.29796862602234,4.892283596271254,-7.6458278473793495,0.6776508736427875,-0.05959066605826046,-0.0238902619611537,-0.4391589047854888,0.8961125287874121,-0.9072274700674711
46.39865040779114,4.930674100618957,-7.68238505978766,0.6733941651512189,-0.06196057734127251,-0.02436506108523721,-0.4152034445973184,0.9072890004008483,-0.8539130227118462
46.49401831626892,4.97113367400671,-7.715452007931021,0.672188567700595,-0.06362710655290947,-0.02382086291210209,-0.39058218571963427,0.9180575766259438,-0.7998631149509927
46.59466576576233,5.012367516529104,-7.746708922332708,0.6715842124844162,-0.06296642104895067,-0.023050054248553983,-0.3640599001497943,0.928958725629049,-0.7425298225993332
46.69196367263794,5.053480240500386,-7.769306167181389,0.6686624097781845,-0.06218784135276878,-0.02355065761026799,-0.3367112799431063,0.939256915264978,-0.6840478906652763
46.80342197418213,5.090781769868798,-7.787422780264754,0.664644450396726,-0.060481936883747714,-0.023756053095499455,-0.30869847686169344,0.9489377406528758,-0.6248656552884673
46.88982009887695,5.125745448636629,-7.7988495816726084,0.6703404482097148,-0.057998305803771216,-0.02281431976260811,-0.2792698117454259,0.958187912460461,-0.563429708641997
46.990206241607666,5.178404582269245,-7.80519962248035,0.6662949324135858,-0.05498393668267217,-0.02380444698888952,-0.24812500503926765,0.9668733613481615,-0.4989239655768955
47.09977579116821,5.227793736536505,-7.810696136675898,0.6723163808453978,-0.04853268427145349,-0.0239929616104143,-0.2171215130791367,0.9746420701512913,-0.435511998796854
47.19106316566467,5.277843165654125,-7.813593423015452,0.6776713210143261,-0.044112337857670735,-0.024869964396147057,-0.18515784544158162,0.9814031581318131,-0.37041673895542304
47.300435304641724,5.325857097395681,-7.815296695023842,0.6726062318373269,-0.04020001844031131,-0.026416215152569412,-0.15676640050185717,0.9864636018465675,-0.3128906201922744
47.394569873809814,5.375889903923163,-7.810461794970995,0.6723929445127742,-0.036122526314641454,-0.02763608535746096,-0.13098988076548707,0.9903398714662591,-0.2609356774008517
47.484737396240234,5.427767233559316,-7.8059706418973285,0.6746927899477883,-0.032474456563604204,-0.027134999019140234,-0.10904976600606608,0.9931350613250708,-0.216938064610474
47.59277367591858,5.474682714363493,-7.7957850310462495,0.6725078192981679,-0.03032069689955763,-0.0266877406056605,-0.09372293378729081,0.9947785841699615,-0.18624375238855623
47.694873332977295,5.520823781156985,-7.79263480971678,0.674831785688838,-0.026886026259749316,-0.028236988741120475,-0.08168464382180107,0.9958952921981806,-0.16218757409201656
47.79698157310486,5.569366814034263,-7.781801931294381,0.6789382603409978,-0.02629135033390157,-0.028921457517049127,-0.07440468029564716,0.996461869688355,-0.1475759655495279
47.89728116989136,5.615495167067555,-7.779508796364326,0.683769679700962,-0.024492612645066896,-0.03004886404311384,-0.07075525909132106,0.9967401221012713,-0.14031834928090378
47.98418831825256,5.6651288805967175,-7.771065729779307,0.6889224451948232,-0.022739863664081393,-0.02842999186195951,-0.06994573109388694,0.996886266765176,-0.1388569164365136
48.092665910720825,5.716516165278729,-7.759614021644188,0.6916687560125068,-0.021475189780962984,-0.028280338835445517,-0.07106723397872736,0.9968392482812045,-0.14118793235070562
48.194902420043945,5.761863560363818,-7.749949659193705,0.6977677049622678,-0.01879295043086015,-0.026949708606641417,-0.07413379745876844,0.9967069370153208,-0.14753595053879082
48.30353593826294,5.811459375819938,-7.7453380434752885,0.7026649281532441,-0.01672039849217354,-0.026051313953805742,-0.07927197517678175,0.9963722754408187,-0.15798842694521692
48.393855810165405,5.852599547757194,-7.733854612173931,0.7035433174993624,-0.015063778668713015,-0.02484949070834946,-0.0849141814275451,0.9959644407187667,-0.1694324837360401
48.49323534965515,5.894763929349571,-7.726411617967447,0.7088022509504078,-0.013855510160269686,-0.024203874117421132,-0.09095047863372566,0.995464819947045,-0.18163475920211028
48.593745708465576,5.938971024056011,-7.718572906274538,0.7085286195139329,-0.011717887015045727,-0.02411802985698079,-0.0967475363620385,0.994947700116743,-0.19339851350358536
48.699934244155884,5.983422561759042,-7.719427923501843,0.7158569571545204,-0.011169909654016595,-0.022769604988508912,-0.10221698325995122,0.9944387696284891,-0.2044393563997229
48.798365354537964,6.034202588601752,-7.721607744275651,0.7181734926924306,-0.011589167266644045,-0.022838964787851697,-0.10595957731655332,0.9940405629874379,-0.2119513209322621
48.89136266708374,6.078679050038685,-7.7248808524748265,0.7168817123470141,-0.011806033378775891,-0.022789582525293506,-0.10967939450789622,0.9936355885960221,-0.2194309258934488
49.003772020339966,6.126267794616376,-7.724736440882522,0.7249783277292169,-0.010626179650834065,-0.023472580409133022,-0.11335129147692931,0.9932208248901536,-0.22687886593368614
49.09461522102356,6.173226069158736,-7.735873750800819,0.7359714700887598,-0.009285042970533846,-0.024390316951070287,-0.11666910041906577,0.9928278911389766,-0.23362779169861037
49.19040536880493,6.2230905023827,-7.744973821531673,0.7459018005217413,-0.010214679422595381,-0.024345112104181152,-0.12087596237424789,0.9923164704674754,-0.24206340540031723
49.2999427318573,6.267509069063574,-7.751817798455642,0.7561862663933707,-0.010972643224281405,-0.02414431741125969,-0.12489551099810078,0.9918153882502229,-0.2501344703789482
49.39934253692627,6.308659258766234,-7.767049443067635,0.7643552312807477,-0.010475967998904453,-0.023779451990432406,-0.12853829103476405,0.9913640600180051,-0.2575113804408118
49.490315675735474,6.361174017788563,-7.778104431295267,0.770121599927981,-0.011649147264055578,-0.023386098071670153,-0.13004163400161006,0.9911642453252608,-0.2604906608649027
49.599841594696045,6.409558774005772,-7.7932996565514765,0.7773064389806356,-0.013619283059408925,-0.02310516532083237,-0.13187054579046056,0.9909040446064245,-0.26409031494923624
49.70146942138672,6.457718365128479,-7.8077004822307865,0.7809420276455197,-0.014533591283707948,-0.02260100283608009,-0.133526878567395,0.9906808477482795,-0.26739625022575214
49.79403614997864,6.4968893051040695,-7.831547696519344,0.7846062240260281,-0.015056758756419862,-0.0219874597177195,-0.1349811330797303,0.990489747217721,-0.2703157158772028
49.89719867706299,6.543887206991999,-7.853561666882038,0.78270214350253,-0.014355333306245409,-0.02313600446501501,-0.1359683235895353,0.9903389645385628,-0.27233176549900967
50.001545429229736,6.591147051175802,-7.872489127246742,0.7865392012483002,-0.015395919910407271,-0.0232192760598218,-0.1372921116036761,0.9901387311689074,-0.27495532119615634
50.096343994140625,6.642111482801986,-7.89476275848247,0.7840910395418118,-0.014631123933739616,-0.02385592132351051,-0.13731410592168863,0.9901321434763994,-0.2750314045746795
50.195677280426025,6.689758604857375,-7.922516730503395,0.7900403133765139,-0.01399799870090573,-0.024200883920469502,-0.13771348477569725,0.9900774562430816,-0.27586762415472654
50.29852342605591,6.738339999606527,-7.950901445736225,0.7903990525263129,-0.016952788018780533,-0.02604736011369257,-0.13542483172768907,0.9903000822786117,-0.271069666892502
50.39380121231079,6.7882707047282285,-7.975883910288558,0.7855624131961618,-0.01949799646762427,-0.02679013321644515,-0.13379554620893488,0.9904548796945,-0.26762504182209174
50.49691987037659,6.839763320224265,-8.001791441811134,0.7820249310687294,-0.021048831169349632,-0.025138041868107853,-0.13246892034358573,0.9906447449517138,-0.26488972076834966
50.593689918518066,6.888858116337961,-8.030689248387988,0.7782752476297563,-0.021486217523033202,-0.023649721348549892,-0.13095621467489077,0.9908731013478531,-0.26184450182909474
50.6959023475647,6.935949179177758,-8.057507138553179,0.7808739599865197,-0.022456444377579786,-0.021978080332046374,-0.1303021232169493,0.9909763008144997,-0.2605170288436044
50.79629445075989,6.987054115834575,-8.081652139751796,0.78120854130964,-0.02380894821331609,-0.022761450850509467,-0.12991109030531842,0.990978384706669,-0.2596396872606286
50.894237756729126,7.036292224251797,-8.099535285047319,0.7798172845632867,-0.025366747807539947,-0.02427881683407421,-0.13152195058970684,0.9906911949098391,-0.26276696853902476
50.99932336807251,7.086928559813871,-8.117669990749755,0.773687416143597,-0.025164949014182265,-0.02419992350588253,-0.13329863531100133,0.9904607831043326,-0.266368235974947
51.09494471549988,7.138903270260221,-8.139086335269301,0.7675097611517404,-0.023602432776824073,-0.02457976631975862,-0.13702916342811117,0.9899806910363825,-0.2739785494569296
51.19741487503052,7.189212114527759,-8.162799997185482,0.7599223267563059,-0.024640686703111973,-0.026870661186468255,-0.1411632139084914,0.9893147887124839,-0.2822208178916013
51.29750466346741,7.244535883446507,-8.181675111202543,0.7560250513019285,-0.02121854112709678,-0.027419393364385605,-0.14692875382390816,0.988539271693199,-0.2940764692466937
51.399800539016724,7.294990111598046,-8.200266692517928,0.7570583528601321,-0.01949963759698136,-0.027958506244157383,-0.15181261178925948,0.9878213487083104,-0.3040611603864971
51.49876594543457,7.34582558219187,-8.217402696868588,0.7612661599461602,-0.017621270678974548,-0.02604917486121039,-0.15649614211405996,0.987177739220311,-0.3136805627253078
51.598193407058716,7.3924670368878544,-8.237562022209534,0.762536808780794,-0.01943063655418291,-0.025501460007543626,-0.16036406924695415,0.9865371210426606,-0.32143112879689106
51.70051026344299,7.441636773637935,-8.260470542551909,0.7669734153430787,-0.021075735960383143,-0.024554843834939513,-0.1631086309464736,0.9860773030086115,-0.3269243842754644
51.79485106468201,7.487983545348158,-8.274215377118013,0.7660161045790429,-0.02266246250481947,-0.023608441924453615,-0.16496836915516522,0.9857557970620322,-0.33063219968261287
51.89860916137695,7.537266089412966,-8.286622561477502,0.7661234944340692,-0.023282054795637226,-0.02246118080099824,-0.16526712580052477,0.9857181232031555,-0.3312309294103779
51.9944121837616,7.587711463068281,-8.303709712981924,0.7714287818925839,-0.02581475940234163,-0.02230192477017349,-0.1648899748957608,0.985721826139312,-0.330342305858759
52.09602093696594,7.63685553518522,-8.316959464977844,0.7733308152608773,-0.026725441336493308,-0.0238357545144959,-0.16559688841853107,0.985543138649037,-0.33168820788173964
52.1992928981781,7.690239840467427,-8.330954050345518,0.7751292228320456,-0.028069278011834363,-0.02390222185636549,-0.1657483978666806,0.9854786999356465,-0.3319214060638765
52.29462933540344,7.743241645514951,-8.350564887475183,0.7747903780132778,-0.028680635896129854,-0.025858589606890334,-0.1659064960343747,0.9853850968234359,-0.3321509520940724
52.40293478965759,7.7934494452639465,-8.367238611102252,0.7834389007146695,-0.026445740013296685,-0.02463548520860411,-0.16527301945453182,0.9855853817625684,-0.331024811217009
52.4917631149292,7.836943251528124,-8.381382590787862,0.7932351110834662,-0.024460490306453964,-0.02321992326387743,-0.16539196103594797,0.9856510634105109,-0.3314071658046504
52.59608030319214,7.881818533141712,-8.39146146462306,0.7934162263708593,-0.025252432791286045,-0.024103881776629543,-0.16455670921197968,0.9857496674991799,-0.32964906155691315
52.69472670555115,7.930964992549622,-8.400578066626037,0.7913676436915922,-0.024786745515563674,-0.02304815249359655,-0.16360797756754847,0.9859446381971125,-0.3277739809379867
52.79396605491638,7.976617840218185,-8.406809091482385,0.7860598844856418,-0.0248370136177457,-0.024894672720439413,-0.1631249688823437,0.9859785101876352,-0.3267473827379172
52.89383125305176,8.02517484722818,-8.410772555114981,0.7890734569960746,-0.025204402000498168,-0.024826675804367305,-0.16346427441069308,0.9859147048703999,-0.32741730435123234
52.993778228759766,8.072083980974272,-8.42195694953536,0.7921252639638536,-0.024157595456587203,-0.025218891708181836,-0.1640261808729015,0.9858376286544438,-0.32860672270136826
53.09400725364685,8.122116825959978,-8.431814176432853,0.7951497245538528,-0.023981557799483952,-0.024379692080202853,-0.16455633438052214,0.9857746843548125,-0.32971027676418607
53.17862105369568,8.16930426165909,-8.441560197495654,0.8033913361926655,-0.02293904162015371,-0.021814294866280684,-0.16551363741059824,0.9856993318148028,-0.3317623361247242
53.28706741333008,8.21303099987531,-8.451414888255744,0.8065385234521003,-0.023728034174183264,-0.02158114672579408,-0.1664722164640066,0.9855243455368261,-0.333675010371817
53.39193272590637,8.253772190973278,-8.461693796833686,0.8075918291513988,-0.02155015130347974,-0.02057515300721811,-0.16765611632308794,0.9853951901227171,-0.3362029205750132
53.49335074424744,8.29602121332029,-8.470047770693576,0.8010181429450365,-0.021020749393190444,-0.018832931093601814,-0.1691827138161984,0.9851805205885664,-0.33936130464962666
53.59478139877319,8.34047915519395,-8.47771270088253,0.80150279815492,-0.0211731153942546,-0.018365157107194753,-0.17098796504443725,0.9848743757448926,-0.3430307090911186
53.69715738296509,8.390116298923406,-8.48764370655701,0.8010271643835551,-0.021612953571981335,-0.01712484240636421,-0.17195003194284716,0.9847196588498203,-0.3449944959713691
53.792508363723755,8.438555922456239,-8.498842846509305,0.7976323407731567,-0.021019766132637698,-0.0171131203312542,-0.1726314082011447,0.9846134812436538,-0.34640215696341864
53.89555096626282,8.487729536472255,-8.513312986149801,0.8013941990948619,-0.020165942563756728,-0.017325443188581403,-0.17191019322715162,0.9847538013348504,-0.34496611655060816
53.996697425842285,8.533508680682306,-8.530410838028637,0.8010941280047919,-0.020507468988722456,-0.017107352915904414,-0.17180601809594467,0.9847687415519967,-0.3447456634201205
54.097044229507446,8.582147577448117,-8.553591445174074,0.793350765015062,-0.02236323379922421,-0.018737657122392472,-0.17151159237349714,0.9847499985585744,-0.34403593478128164
54.19549250602722,8.627623852718045,-8.57102550589418,0.786816049209152,-0.02240954040690983,-0.02226888910507611,-0.17201032623169288,0.9845884199737693,-0.34497217661583873
54.29803490638733,8.676681291533894,-8.581959511373237,0.7811340284586692,-0.023118715023603707,-0.0226120558908544,-0.17553404349360174,0.9839420813842817,-0.3520926192746961
54.39474678039551,8.729238934959621,-8.59562268914413,0.7726932813010876,-0.019907455019546647,-0.022887976499629363,-0.18248746547651207,0.9827401277603128,-0.3663966811245195
54.494115352630615,8.77933314480208,-8.608330076342973,0.7696191645360526,-0.019286316564784516,-0.023228016778300484,-0.19241830449799024,0.9808484558401611,-0.38666334890738546
54.5987491607666,8.83462870532561,-8.621216988069975,0.7700600957828684,-0.017349038211892102,-0.022493056732366665,-0.20430519627493393,0.9784949974563066,-0.41104219634117584
54.678144693374634,8.883014776164964,-8.635518687543627,0.7674864686371888,-0.0188791361908082,-0.0238105904891278,-0.21952173803687888,0.9751342679480174,-0.44213317371969657
54.78878617286682,8.929200694956478,-8.654134388713775,0.7637481611691362,-0.017941036796363614,-0.022628356407852983,-0.2365793246050017,0.9711829384077914,-0.477256210435693
54.890907526016235,8.977386610540274,-8.675835946855555,0.7591748125074371,-0.016037712473497372,-0.022156111222890594,-0.2552542460604792,0.9664870244251563,-0.5159156540064087
54.994812965393066,9.021106106371372,-8.702331913625375,0.7504516020821338,-0.016035378636452366,-0.020544273037070574,-0.2755181856762338,0.9609425210901223,-0.5579802587520571
55.09583306312561,9.067203519967455,-8.7251605815953,0.7430453068163168,-0.0154176031876427,-0.02231288287812521,-0.2956535755040163,0.9549101507792795,-0.6000857851588438
55.19190573692322,9.10687002987346,-8.750720987221314,0.7369074935135318,-0.01645988023216358,-0.021427147149064893,-0.31462922062066323,0.9488300180956699,-0.6399203781463831
55.29673409461975,9.150769067512607,-8.782610614648727,0.7321836057188825,-0.019164269005510326,-0.01981447817759435,-0.330903326047151,0.9432619498627977,-0.6742100452191089
55.38030242919922,9.191549839634384,-8.81583417348748,0.7281044535423077,-0.01935039960855813,-0.019733652128894694,-0.34408665693882057,0.9385310423876833,-0.7022380579595506
55.478960275650024,9.230133356662382,-8.84567959764895,0.7297624013924451,-0.018993504412677116,-0.01798846267852056,-0.356006585049771,0.9341172160932424,-0.7277075253198843
55.592228412628174,9.277721651238139,-8.884678676128088,0.7282526783401182,-0.020768811854802338,-0.018134645628426965,-0.36653909737483603,0.9299940221193422,-0.7502512797823442
55.69327116012573,9.324488520005625,-8.928552075463951,0.730653691359092,-0.021926904923543506,-0.018704322437065633,-0.3751851606666588,0.926501729290441,-0.7688483276507789
55.79491138458252,9.364701449494278,-8.97050526468643,0.7306324754125807,-0.022352665151744666,-0.019298791416441797,-0.3817219791377697,0.9238053072231306,-0.7829758130685982
55.89351296424866,9.40648138024725,-9.016565557953772,0.7286338893836076,-0.022237471972235873,-0.02122120019116087,-0.3865823145510922,0.921742518048859,-0.7935481125318014
55.994582653045654,9.445924518177918,-9.057415426732286,0.7313463292386406,-0.023181185751033773,-0.020856635412131078,-0.3894793493632296,0.9205071807466016,-0.7997959986718092
56.09671878814697,9.485679944180827,-9.09788612022502,0.7356740301876964,-0.025212471938610193,-0.020317938399662692,-0.3922766581620897,0.9192771813218881,-0.8057869642131883
56.19328546524048,9.521447922800645,-9.141500667537894,0.743044827264809,-0.02537087334519065,-0.02109847622323861,-0.3950200776139181,0.9180796868293372,-0.8117662164460336
56.295411825180054,9.55736874756297,-9.187182831263364,0.7515244749791182,-0.025636424695959684,-0.02152820779749328,-0.397667162567447,0.9169188283667165,-0.8175346157898612
56.394370794296265,9.59204663394629,-9.229280243830722,0.7570960144036661,-0.027076612293662438,-0.020744711131267596,-0.39886462105742204,0.9163752114147884,-0.8200744049122382
56.495551347732544,9.630987480729452,-9.285052623646807,0.7572543104666278,-0.025008294988336042,-0.021602754654883132,-0.399853181141625,0.9159832638776869,-0.8223376226345871
56.595072984695435,9.67204795107972,-9.33857806245405,0.757403295056368,-0.02722585643196616,-0.020060652178123254,-0.400502557170303,0.9156713518920326,-0.8236388346346826
56.69392776489258,9.706669594388764,-9.389557399772425,0.7539715117401623,-0.029329042310433536,-0.02023375666996914,-0.399591380942272,0.9160006171639958,-0.8215562080669911
56.793107748031616,9.739271696304677,-9.444089851260957,0.7515951165585582,-0.029281063781157794,-0.02121883791917004,-0.3987156802784377,0.9163613842373032,-0.8196538980016196
56.89429450035095,9.777133066960035,-9.489313322210666,0.7532921114732518,-0.03273467653340062,-0.021460782926036658,-0.39696125579892183,0.9170003474061491,-0.8156607778324843
56.99303674697876,9.81574840855889,-9.537309828652116,0.7567111091753627,-0.03277284074489775,-0.023322268980398197,-0.3932452760343512,0.918553300334707,-0.8075679664185571
57.0974497795105,9.851350831840016,-9.585283027718935,0.7586295483752723,-0.0345743929741698,-0.02291021750129669,-0.38915681347779696,0.9202373105934785,-0.7985714695875644
57.192824602127075,9.884476905415974,-9.632624181121324,0.7637039020501541,-0.038113709394453146,-0.021770923933832096,-0.38336140631068927,0.9225548244840266,-0.785798056119563
57.29481506347656,9.918673866819045,-9.676904969214013,0.7734684604032205,-0.042093624043220694,-0.020328035447838202,-0.37503423443361483,0.9258316373901531,-0.767573263377951
57.392783641815186,9.95199941991835,-9.720173618785598,0.7766449300733019,-0.046699933303939796,-0.021115475768047662,-0.3633678073515606,0.9302349646691505,-0.7421540384460109
57.49336838722229,9.987116171330978,-9.762224049270964,0.7736821410423534,-0.05027763940646691,-0.022011281578772142,-0.347938944172103,0.9359092656809075,-0.7088447655853156
57.593732595443726,10.025425435331211,-9.807482766663869,0.7738997961696354,-0.05228245167409814,-0.02137035645557405,-0.3287181774281377,0.9427376161691177,-0.6678305277007733
57.69447469711304,10.064574076417147,-9.83901395008165,0.7718562896848571,-0.05421272694142215,-0.02165623624961363,-0.30669396359466455,0.9500162105794144,-0.6211779145277364
57.79551410675049,10.108883141839506,-9.870615267598554,0.7796112845485855,-0.054901744820609756,-0.021770875338531948,-0.28061317988093737,0.9580021245695416,-0.5664961354420422
57.89738464355469,10.152822269894362,-9.896175275230016,0.7765555006552939,-0.05537354191705608,-0.021932841753192756,-0.25367523667612524,0.9654540877770943,-0.5104941179325104
57.992267370224,10.196536146315943,-9.910526445666552,0.7859637223693208,-0.050702185306631044,-0.021879583089447076,-0.22439225257891565,0.9729330342996501,-0.450425448262177
58.091615438461304,10.240340230350322,-9.919826699785634,0.7807636040770047,-0.04898832844826446,-0.023838944901223954,-0.1941077427896539,0.9794661977684309,-0.3884204234013444
58.190601110458374,10.286479439241397,-9.924305295850376,0.7875865162178965,-0.04636155249350253,-0.02286819879359779,-0.16256299838409707,0.985343048633673,-0.3244814021005542
58.290465354919434,10.335833642835993,-9.92441642637012,0.7921364798290447,-0.042946244470481044,-0.022602594514226703,-0.1327903399620443,0.9899552860709779,-0.26445585491258033
58.390443086624146,10.387371902109095,-9.92857210062396,0.7940672806984084,-0.04045874532770353,-0.02236310718583829,-0.10600773205974347,0.9932901600776344,-0.21063121645076457
58.49175500869751,10.433875712519958,-9.926456912703038,0.7957303242031198,-0.03594196872396011,-0.02374749045399317,-0.08319549692378057,0.9956016979058385,-0.16493192614375954
58.592870235443115,10.482538745977845,-9.920206796445676,0.7949888267326211,-0.02984612694939831,-0.02332092352820604,-0.06566190179348558,0.9971227897730423,-0.13008549414068957
58.69304919242859,10.530189801481091,-9.916364339551498,0.7949728081821272,-0.02586377026826282,-0.023045310628037784,-0.051340485988493334,0.9980802240020755,-0.10158652783343874
58.79864549636841,10.57926696876562,-9.914978258178099,0.7989928640845049,-0.023549078271272957,-0.022230825970919355,-0.042782107950967034,0.998559423634115,-0.08458579693171675
58.88872718811035,10.634075727677192,-9.908399637370794,0.8033114652776971,-0.02024059091944912,-0.02189805117960151,-0.03612166197643173,0.9989024073300792,-0.07141120648443058
58.99241089820862,10.685727588608438,-9.89786837023362,0.8047569287002986,-0.017865812708907414,-0.022043621881039914,-0.032746813218394004,0.9990608278251408,-0.06475589349115793
59.09207010269165,10.737389664056815,-9.889579182010133,0.8073737015701578,-0.016592792978800605,-0.021235366613713065,-0.030551116666225814,0.9991698392647721,-0.06044063630391162
59.192426443099976,10.789128530163751,-9.878910897770693,0.8049288636643783,-0.017761952116488126,-0.022970644752315233,-0.030959272049470354,0.9990987869129065,-0.06115237967874679
59.291208267211914,10.840983576192478,-9.86617427362761,0.805853100573241,-0.016961768730958487,-0.02436465916172877,-0.03352223323472734,0.9989969577853612,-0.06628144293003468
59.392207860946655,10.889050860807265,-9.860391715152279,0.8103875541126487,-0.016247566522509926,-0.02346569266594,-0.03503001556974438,0.9989786163171801,-0.06936151431018416
59.49205732345581,10.939401985773422,-9.854687197641272,0.8124894704002817,-0.0156896181871191,-0.021433825638496287,-0.03898074136058642,0.9988868448441095,-0.07735423043358514
59.59227728843689,10.99257903842085,-9.849888804537736,0.810826088140522,-0.015102723244598156,-0.02011150527153415,-0.042334985781722095,0.9987868561836262,-0.0841312194201159
59.69207286834717,11.042381319594037,-9.847480829804473,0.8158772806064754,-0.015799016877906618,-0.0213612297289113,-0.04651623985843671,0.9985641333232397,-0.09244548037803721
59.79286479949951,11.090157326420918,-9.843943190826389,0.8153553834254343,-0.014246591634351803,-0.021399689210193466,-0.05190519977836731,0.9983210596619101,-0.1033108552949976
59.892528772354126,11.141620351981924,-9.847656769953138,0.8155559194830228,-0.012474255153253582,-0.021845347565314956,-0.05502433409157932,0.9981680702195901,-0.10963229705813271
59.991530656814575,11.19315009101444,-9.848049838297628,0.8148487579705782,-0.01176271803409152,-0.022939209474416643,-0.058758314554235205,0.9979393226062819,-0.11713253440633271
60.0861611366272,11.241275917207451,-9.848792508730842,0.814462435451046,-0.01247579600118717,-0.022355236190523455,-0.06098615126055605,0.9978102461307097,-0.1215758182146942
60.19276762008667,11.290804474640684,-9.847835345537463,0.8173723122273663,-0.012911654611733658,-0.020457801375828987,-0.06361545372105436,0.9976812324514874,-0.12686173015805163
60.29134392738342,11.341904154785574,-9.84845203321852,0.8142789759504905,-0.0148402082084307,-0.021320569953217475,-0.06511797235968617,0.9975393983161585,-0.12977465907471314
60.38976001739502,11.386654139773862,-9.854937606946214,0.8114409922201395,-0.0149485667969838,-0.020923116872087835,-0.068056840365563,0.9973500037652426,-0.13567290684106434
60.49198913574219,11.441926078001563,-9.860012859855148,0.816128285527828,-0.015434688131368135,-0.02209655324917342,-0.06926145184904225,0.9972343576234007,-0.13804268291953656
60.59188532829285,11.49214291938951,-9.864863243795945,0.8149582582652481,-0.013908329826924604,-0.022841361938341614,-0.07189455103064657,0.997053661584134,-0.14338248154491537
60.69194984436035,11.54202429853532,-9.867739267383872,0.8149481178186995,-0.01269565828312228,-0.021427295133964675,-0.07530493368933103,0.9968494661913831,-0.1503058220623195
60.790029525756836,11.596982635439447,-9.879414383801487,0.8214665689427222,-0.012401923858503387,-0.02144340723799527,-0.07600682145265453,0.9967995463799618,-0.1517273757265331
60.89245653152466,11.644028940470825,-9.88328553354619,0.8153329625944071,-0.013846868726571362,-0.02149374924600023,-0.07914248994931755,0.9965353728064255,-0.15795693089590876
60.99354934692383,11.693453614282467,-9.8955573879326,0.8205919884252295,-0.015480565900060883,-0.0218337132101265,-0.08019008170678867,0.9964201883958044,-0.15998015846397454
61.10186266899109,11.740068517439793,-9.910386970020992,0.818786258126338,-0.015217448492381994,-0.023403590275503847,-0.08276918012178432,0.9961776769460183,-0.16514158821517202
61.18899726867676,11.795143756105416,-9.92675143114548,0.8258851215877331,-0.014593409670704839,-0.02243087754633877,-0.08363955312588713,0.996136694073452,-0.16693710034215697
61.292394399642944,11.845777254224698,-9.945878376642066,0.8268216576915514,-0.013003442403677021,-0.022002499863661734,-0.08605462324002507,0.9959625506535982,-0.1718685849659264
61.39306092262268,11.893524524428656,-9.95578737283546,0.8247133006008396,-0.013466039339807176,-0.022707923878963494,-0.08881194260129428,0.9956984758595296,-0.17737703452043166
61.49251341819763,11.94516159239367,-9.970592577942107,0.8260579943952766,-0.015035333164397518,-0.022477085656475035,-0.09178947573988226,0.9954111771124657,-0.18329101713125573
61.60073757171631,11.992077681275578,-9.981446184513041,0.8236573024467635,-0.015193341721323828,-0.022907352956504687,-0.09423951049616462,0.9951700006578316,-0.18820141512198732
61.688886404037476,12.035929322148442,-9.996586845333814,0.8166795808592524,-0.015614702041294693,-0.021001004654139725,-0.09644502318622336,0.9949942192727992,-0.19265036181826606
61.78929090499878,12.085263158872433,-10.017326507715179,0.8166504021169076,-0.013615864201395045,-0.020418357381749522,-0.09945684554190831,0.9947391792820535,-0.1988036670182202
61.892613887786865,12.137702392282899,-10.032416356780235,0.8141888706012342,-0.012170075874260928,-0.019957048295025325,-0.10241032131778148,0.9944675618461135,-0.2048116842525557
61.993786334991455,12.187249618112611,-10.050570689837683,0.8163384577780406,-0.014787609760105033,-0.020282130723230856,-0.10418366809079607,0.994241281115432,-0.2082647742296683
62.0918128490448,12.23617899076581,-10.064708817980728,0.8123245539105228,-0.01589549923261939,-0.02186917116032315,-0.10666328372128726,0.9939275709842738,-0.21317937247662944
62.191832542419434,12.28375868702667,-10.080699629829821,0.8141774889698227,-0.01482996613076095,-0.02134465835626301,-0.10811566043154655,0.9937985115875679,-0.21616012316323
62.293633699417114,12.32590357173319,-10.102102534692355,0.8101581788454931,-0.017347759697457187,-0.021254596381440862,-0.10712678067978885,0.9938667668391603,-0.2140575497284868
62.39328646659851,12.375631985325283,-10.118771965201548,0.8084031690638658,-0.019733747380395635,-0.02250500661818454,-0.10838173291687522,0.9936586455425109,-0.216444728657452
62.486287117004395,12.425066403915391,-10.13656830013424,0.8061416611798005,-0.020870126145254606,-0.02494391652511591,-0.10738039885520557,0.9936859105395257,-0.21431131760225916
62.59498596191406,12.475953544427316,-10.153639713294156,0.8102419867305926,-0.02116821029633303,-0.02530969164901459,-0.10163730445306506,0.9942741999695038,-0.202725613853838
62.68724775314331,12.522729287736293,-10.16485365126852,0.8033922694144104,-0.02188732701550761,-0.02663547080765422,-0.09510623071937171,0.99486999225493,-0.18951104311915476
62.78904438018799,12.56854323853957,-10.182006945244906,0.7940921090947778,-0.0240610189144166,-0.026188946075019554,-0.08443175794076299,0.9957943988210178,-0.1679458546970801
62.89082741737366,12.616874572689655,-10.195733113015947,0.7860006527067185,-0.02460768675021971,-0.026138549037766082,-0.07286450645544554,0.9966955411287881,-0.14468911627815198
62.998211145401,12.668091243100779,-10.209106736879573,0.7788961503757869,-0.022546202577194654,-0.026822116665782613,-0.05972602859868907,0.997599641296419,-0.11841920758493457
63.07870531082153,12.71008353389702,-10.214880537698054,0.7702377743006095,-0.02208653724276165,-0.02708319857979799,-0.049354277462468385,0.9981697453456847,-0.09764095209378575
63.18891787528992,12.752407208648442,-10.222283590122618,0.7591895919552397,-0.022708929182755567,-0.02800395836167626,-0.0361427311446169,0.9986960427661952,-0.07109705035007248
63.28869915008545,12.797581674324054,-10.232385500626194,0.743992447720159,-0.02318001838643652,-0.02722747592071085,-0.023290943264477386,0.9990890266960409,-0.04536259734288658
63.39537596702576,12.83505026381132,-10.239791823994643,0.7154097201760695,-0.0218512681608986,-0.0275230712609346,-0.012273750139878161,0.9993069386758154,-0.023365853906530502
63.479634284973145,12.875705482212382,-10.234456124178609,0.6972807699790601,-0.019467543426019696,-0.026955457755639418,-0.004533760106383752,0.9994367729223484,-0.008024719415612466
63.59167242050171,12.918097810546621,-10.231580570277691,0.6762790379620378,-0.018455201297923444,-0.027477858256354806,0.0007020809682527606,0.9994517896992384,0.0024212649020399837
63.69280290603638,12.954641906680529,-10.226080527681068,0.6538180218650165,-0.014851916544967307,-0.026844488383116878,0.0015584166017233887,0.9995280713197031,0.003918392886435476
63.79316258430481,12.991021669332422,-10.215844002739741,0.6301743348840606,-0.014759162646468586,-0.024850978076513437,-0.004063019425862387,0.9995739531819348,-0.007398264884893041
63.893444776535034,13.031200647731882,-10.21296771198753,0.6146749086307873,-0.013940948222665348,-0.022201196562878816,-0.013603441332691079,0.9995637564546533,-0.02660580594274896
63.99559259414673,13.068040334555352,-10.211295944417717,0.597297467568552,-0.015091160052244021,-0.022041104859094954,-0.02565871479973682,0.9993138030367106,-0.05068960033069254
64.09622645378113,13.108468155651376,-10.210549352384959,0.585142913089215,-0.013189029270267674,-0.021380515587077834,-0.03914605151446114,0.9989176691354328,-0.07779624357600326
64.18152093887329,13.142292805340608,-10.21637407956573,0.5665666496585284,-0.012594593266165759,-0.019857383443000864,-0.05590323599578874,0.9981592501943047,-0.11142461970303558
64.2933177947998,13.184070059493658,-10.215442633827855,0.5543223267161432,-0.011989626296760541,-0.018374816526132553,-0.07224917229278251,0.9971452612743555,-0.14425087258383662
64.39184379577637,13.228582294559587,-10.209997460914497,0.5539605666797005,-0.010801955003776668,-0.017706928171703353,-0.08876657084259856,0.9958364716978709,-0.1774635435683444
64.4936625957489,13.270739230909513,-10.209995892379037,0.5503723183380239,-0.01082966115702325,-0.016024786827951294,-0.10253242775534441,0.9945416159743834,-0.20515293618794078
64.59607267379761,13.312396496640018,-10.21152257052428,0.5434162829460937,-0.01152700337010139,-0.016848478852199828,-0.113130010082644,0.9933704534424072,-0.22644816438819956
64.69220852851868,13.355135530721988,-10.214849952007405,0.5431579124906339,-0.010803560161390955,-0.015557191602180697,-0.11830691123439993,0.9927964200335676,-0.2369145911052661
64.79397892951965,13.395977141960376,-10.219169097004057,0.5421943983521467,-0.011616613768434177,-0.0164540728693862,-0.11960357614610619,0.9926173997788003,-0.23949075474724124
64.89373016357422,13.434254707425353,-10.223618706551113,0.5413914793515134,-0.012701820379906782,-0.017460561114748807,-0.11777025971736005,0.9928061031695465,-0.2357457869200593
64.99633502960205,13.472963413802336,-10.223216302988437,0.5410503266506277,-0.013071634945070711,-0.019092621683490362,-0.1132367123831081,0.9932985709874848,-0.22657815879447754
65.09256839752197,13.511245367012167,-10.229617758968342,0.5381001775500982,-0.014380521118608472,-0.01910583091489134,-0.1059004782072358,0.994089159257301,-0.21175552090204455
65.19070410728455,13.558913846063621,-10.233950188937461,0.5425350617253403,-0.015435604202544436,-0.019485722611537415,-0.09627286704701694,0.9950445134805558,-0.19234044574575165
65.29230451583862,13.60610953229174,-10.238955886220726,0.5384230390326774,-0.017098464510382598,-0.020058651486042002,-0.08452390906450724,0.9960727894127033,-0.16865050971959378
65.39095306396484,13.651152508204042,-10.241223026855488,0.5318445912513906,-0.018202613134985595,-0.02072631926432468,-0.07197158303642595,0.997025163072649,-0.14338934179597687
65.48954129219055,13.699445251613877,-10.240784334538482,0.5286775659439621,-0.019101100116410235,-0.021842257194236686,-0.05966177699659788,0.9977968411157714,-0.11862884761220115
65.59165525436401,13.746142010151765,-10.247669450616174,0.5356690444641137,-0.019137441342731612,-0.02441598526479036,-0.0496664503960824,0.9982839584544352,-0.09851342564163333
65.68841052055359,13.799795779280558,-10.260428467805017,0.5377901077968217,-0.017304206747091554,-0.02494758844194635,-0.043711157318332985,0.9985827542000097,-0.0866575640963037
65.79923796653748,13.846353625602559,-10.264375715192035,0.5438110710401894,-0.016601271572099292,-0.025124878176522068,-0.042658701996848514,0.9986357561307068,-0.08458013927629415
65.88963508605957,13.893981809156525,-10.270534557084234,0.5572405760430561,-0.015444802143193609,-0.023682238310501605,-0.041895612941962694,0.9987218668335942,-0.08314649625111821
65.99079418182373,13.938758219589642,-10.276937825955153,0.5676596258089847,-0.014055631292792841,-0.02311504415543677,-0.0407670809308106,0.9988023723815608,-0.08096575654938849
66.09015345573425,13.984128419385362,-10.278688507265041,0.5725301473782686,-0.014316366928019355,-0.024768497481763015,-0.03847071738863679,0.9988501224278254,-0.07631542156388701
66.18715977668762,14.025973928793245,-10.282564888861252,0.5834526750720662,-0.01371467123176921,-0.024323599692752117,-0.033001236616871724,0.9990651573710038,-0.06540034078732665
66.28798270225525,14.06261312218618,-10.286340160594662,0.5910092115077047,-0.01385501219852786,-0.02361110758023853,-0.026492594791290493,0.9992740848521179,-0.05237655567359601
66.38870525360107,14.105074628396535,-10.287101669819187,0.6057491457782977,-0.014901830187874268,-0.02296791893928428,-0.01904010066009642,0.9994437876756769,-0.0374236608339761
66.48976397514343,14.14448367649454,-10.28725423039116,0.6156288721881937,-0.01624699827380956,-0.0222997996631552,-0.007613470844669653,0.9995903105991831,-0.014511190803233522
66.58990716934204,14.183795955207925,-10.29107484894669,0.6244067633020233,-0.017008697668862195,-0.02343110302552826,0.006446590733130192,0.9995599677270673,0.013699898633166285
66.69135522842407,14.223184829806167,-10.29406906885352,0.6351186162659708,-0.017575731428660143,-0.024314966062251423,0.020421687020303416,0.999341198384908,0.04173113213914991
66.79085659980774,14.26392554957447,-10.298731604864336,0.6438596062764581,-0.019083276274965786,-0.026174819410139587,0.036613491955141145,0.9988043650296643,0.07430297225102087
66.88700819015503,14.306919696646958,-10.295101361278997,0.6490807850330332,-0.019536401455844423,-0.026911292420288488,0.05333317930362859,0.9980228871843535,0.10785956749162232
66.99044108390808,14.345878851037574,-10.298034347356433,0.6585955599904487,-0.018264205489077447,-0.02672209458982794,0.07035327324455107,0.996996873316242,0.14191801542951601
67.09202647209167,14.389004519376067,-10.30057756819054,0.6676246504632823,-0.01856606388709744,-0.026684368166864956,0.08808232702318299,0.9955826180852378,0.1775280165022708
67.19166231155396,14.429410798309021,-10.2993121753333,0.6769358937176977,-0.018853634568057047,-0.026031283101081274,0.10350505870258732,0.9941094585540666,0.2085171893848785
67.29041576385498,14.46662168817217,-10.29211395400661,0.6856656422779055,-0.019336652788381745,-0.025825595856708815,0.1174773026032042,0.9925513668474104,0.23666236300112667
67.37896680831909,14.499752293641452,-10.287008835690177,0.6945468869163907,-0.01648683577021278,-0.022044875946634627,0.13167216939138715,0.990911018961112,0.26497020093758317
67.48702216148376,14.534508649422015,-10.28454271685106,0.7077857235950886,-0.017349465071448376,-0.020144262354072594,0.14409292078073999,0.9892069727497984,0.28999576230265356
67.58910918235779,14.568513890992735,-10.27564297574896,0.713318518837632,-0.015456078497651512,-0.019277283022869726,0.15572697443888014,0.9874910659995071,0.3134311819001598
67.68877363204956,14.599865793161975,-10.273137896281753,0.7186088347807021,-0.013520780497825926,-0.017684758436181107,0.16732438460090046,0.9856505405729322,0.3368090071933132
67.78941869735718,14.63284536680632,-10.255079639956715,0.7259015916242902,-0.011660741840228712,-0.01799235300693903,0.17624360153015467,0.9841130500367776,0.3548792549361809
67.88577795028687,14.66789729149918,-10.24367821106499,0.7372678243928618,-0.01042563806691817,-0.017538262782514833,0.18440405488756645,0.9826387230058118,0.3714222160611501
67.98907899856567,14.706973699500123,-10.224851049063908,0.7480449748359305,-0.009378759774931519,-0.017141419825982822,0.19030562303288015,0.9815304276656434,0.38339626930378906
68.0891854763031,14.739407348314488,-10.206017230961265,0.7596952664112022,-0.009799335333658841,-0.018422797954513747,0.19511195970399042,0.9805589715682652,0.3932568022852506
68.18177199363708,14.771668773428205,-10.18106701778833,0.7657873750247501,-0.007746974013836212,-0.018339561074695157,0.19643438553606232,0.9803148356891709,0.3958885542624629
68.2860963344574,14.809754938913288,-10.1643855742963,0.7739368357411787,-0.006877663868766574,-0.017722688283450163,0.19889167678403766,0.9798370808281088,0.40085578976189357
68.38632392883301,14.843884250870412,-10.145972367871636,0.7827261924842278,-0.006999239869535503,-0.016724325961501897,0.19896542674918752,0.9798387961909325,0.40097670157319315
68.49344730377197,14.882972608930526,-10.128193435076824,0.789412237883159,-0.002579919477099666,-0.01740727546276669,0.19550743397547146,0.9805443253809497,0.3938081525747401
68.59273672103882,14.920757693446665,-10.10895939827951,0.797909241902419,0.003043903111933224,-0.018756066565284266,0.18995775659202083,0.981608371669359,0.38232997450054673
68.6910183429718,14.96220367900107,-10.094395202671482,0.8125290421152331,0.007417603050532103,-0.017771551305966308,0.18037836831088713,0.9834087631166737,0.36265622925614643
68.79820013046265,15.000983163947625,-10.078113754607493,0.824442087054093,0.011538183418480443,-0.017363501157539037,0.1665416310684259,0.9858140109939714,0.33439259698409507
68.89907670021057,15.04009914409567,-10.070269782334622,0.8270454348722447,0.012650143576759313,-0.01832520343456877,0.14910951504730502,0.9885699334437228,0.2990186461999289
68.98792243003845,15.081613929835969,-10.064433087934912,0.8325060989554786,0.0131783390633775,-0.016442657931247027,0.1272231794717186,0.9916502573915834,0.25479959427378884
69.09322047233582,15.120112107681686,-10.060608045063656,0.8341002996791483,0.013748507219745599,-0.01620759915637759,0.10262921922576548,0.9944926021041708,0.2052456167386589
69.19252586364746,15.163233363321424,-10.062534567726408,0.8320792478395576,0.013100772113094161,-0.0156689383140475,0.07457307635683158,0.9970063743150439,0.14892073274543702
69.2900390625,15.209270824414707,-10.070529007585632,0.8393946783003099,0.010226928406972686,-0.014561202956635445,0.046272854397267374,0.9987703461005155,0.0923066844387368
69.38898539543152,15.260530565810482,-10.074442694359004,0.8448070368503899,0.006927656375550772,-0.013910888592639678,0.014691055497142344,0.9997713076719522,0.029198262265288644
69.485524892807,15.300894892139238,-10.087528588326883,0.8437156863421256,0.004762851917099063,-0.012879141499943325,-0.016585310170352634,0.9997681583459204,-0.03330267593183453
69.58811736106873,15.345272312127314,-10.10575071375708,0.8360773361957796,0.00028404066818218644,-0.010840868204308842,-0.04927055383522771,0.9987265929283377,-0.0986045152283501
69.68958926200867,15.398694903992125,-10.120841337270118,0.8337836434222465,-0.0011997743860994714,-0.009797957073531514,-0.08165099595245011,0.9966120987819588,-0.16348416674363497
69.78969383239746,15.45491625284129,-10.146119908240209,0.8339691298443955,-0.006183429237951995,-0.009280544792885658,-0.1143033504263962,0.993383300026987,-0.22902084774240103
69.89781975746155,15.509481253401074,-10.169414437965955,0.8278366024579596,-0.008168883580734988,-0.011093012140133876,-0.14712286772188848,0.9890222829724268,-0.2951889012260706
69.97691249847412,15.560840242365542,-10.19792298953496,0.8187240618118423,-0.01008850483996351,-0.01008160623284516,-0.1789353503108703,0.9837574516591913,-0.3596549726242806
70.08957052230835,15.613235576165023,-10.228080384514051,0.818948922060533,-0.013423546735459093,-0.010830945931798374,-0.2076718690414385,0.9780464681251597,-0.41816050101457275
70.19048929214478,15.669104132273263,-10.261210675458074,0.8163040572119048,-0.014169447902516856,-0.012440922664192305,-0.23414223792580058,0.9720194764553328,-0.4724230310743155
70.29037356376648,15.722120306955759,-10.298314716271715,0.8161560289704859,-0.01582011820755469,-0.013885370452140075,-0.25625188855543124,0.9663808203596969,-0.5179923899274363
70.39270186424255,15.781089194118161,-10.332189123045698,0.8171382657957449,-0.01822749538594279,-0.015866644215894506,-0.27405116175687544,0.9614114461316697,-0.554838033043792
70.49200701713562,15.835526901025103,-10.365423396245527,0.8168668378644098,-0.022143190562453365,-0.016489647146742274,-0.2847701051746011,0.9581981829702755,-0.5770280218196959
70.58502268791199,15.895893728004058,-10.399541990203574,0.8190977849791179,-0.023210507187665923,-0.018259925935188225,-0.29268992622759926,0.9557512513964161,-0.5935264324417462
70.68999814987183,15.954216858262953,-10.438933703641386,0.821847182747058,-0.02398336038857324,-0.019114530007110404,-0.29550375732708795,0.9548491831554617,-0.5993804706356354
70.78904223442078,16.013033289999957,-10.473605643818248,0.8293850625049954,-0.026129734440717426,-0.019369575510646934,-0.29747770890555253,0.9541745486161839,-0.6034201573879968
70.88876795768738,16.070207497172994,-10.50992439313681,0.8381927111154319,-0.02770259766979961,-0.01857798841836304,-0.2948280254553253,0.954967988905799,-0.5978049546146492
70.98899459838867,16.125793600910853,-10.548059608767796,0.8396075468063362,-0.027873996652694116,-0.020935131916927432,-0.2930131950056503,0.9554726726153957,-0.5939683128241
71.0916097164154,16.179917583922663,-10.58931101856797,0.8384488008928044,-0.0283352127225606,-0.02225602647663599,-0.28862964190147117,0.9567626219816842,-0.5847592139438409
71.17739963531494,16.23726535916539,-10.620257567384886,0.8405724802685762,-0.029571122169641396,-0.022387749912949548,-0.2852688495995351,0.9577296178126795,-0.5776688842281915
71.28681635856628,16.294256991420045,-10.655768920245945,0.8369112663520539,-0.029228915650531834,-0.025315351138401217,-0.2811789811916991,0.9588760003371821,-0.5691197807289696
71.38932967185974,16.34804559103648,-10.684337528191763,0.8375747391774807,-0.02753228286004729,-0.024918822781561364,-0.2773779215187034,0.9600429752493684,-0.5612899805940217
71.48994398117065,16.400626365878853,-10.719074433917386,0.8393334581654136,-0.02788448008816379,-0.023891176115540928,-0.27285175705485165,0.9613550780778709,-0.551850172720861
71.59369039535522,16.45502953849489,-10.750117498855511,0.8382316032558391,-0.028393975297665734,-0.025859146496838473,-0.2678595835141372,0.9626922302734574,-0.5414207119826793
71.69237899780273,16.50665902371291,-10.784933475420686,0.8454466678899033,-0.029994540952141862,-0.024398941897978824,-0.26246048299595276,0.9641677831232801,-0.5301306994645916
71.78005599975586,16.556139453586507,-10.82384416703287,0.8477905442323767,-0.02817093510414653,-0.02488163943738782,-0.25777616209012105,0.9654733309068425,-0.5205122005594044
71.88963627815247,16.600854617472848,-10.85359533693464,0.8546861283461592,-0.028759578534411544,-0.02373387697071514,-0.25182032105587643,0.9670553839516004,-0.5081607851562525
71.99007391929626,16.643046283162274,-10.886297172281266,0.8561790015136695,-0.029416366418772762,-0.02300967124642867,-0.24817005851339488,0.9679963091217373,-0.500588512475373
72.09583878517151,16.68943655677223,-10.914142129772054,0.8612638955115138,-0.030218342040763544,-0.023090168234512876,-0.24353466985948446,0.9691463050085065,-0.49096888324265625
72.19148468971252,16.73950228167876,-10.936271616929421,0.8702181041422967,-0.031477189458584284,-0.023272558207034104,-0.24084984651509825,0.9697726156228285,-0.4853557065999155
72.29152917861938,16.787840860512254,-10.95917081169758,0.8678675109314337,-0.030222351272859067,-0.023061849742098132,-0.2369289518172759,0.9707828966152936,-0.4773445104225645
72.39264988899231,16.83962688342839,-10.98485323870159,0.8734439047674214,-0.028678357819367232,-0.022513544628952633,-0.23455059971620792,0.9714199443463118,-0.4725383970202182
72.49898719787598,16.886811888528374,-11.004360868966764,0.8751282046898108,-0.02870882861867856,-0.023534159908355088,-0.2309308665330311,0.9722617350071197,-0.465065185700599
72.5922315120697,16.93500214963125,-11.02525713060821,0.8756168724920946,-0.02868827703008679,-0.023641687652205697,-0.22792160456281377,0.9729695758550279,-0.4588739964487802
72.69234991073608,16.97335153486495,-11.045448673266746,0.8780069872168388,-0.027724864696488015,-0.021803867404730913,-0.2229755667672468,0.974185721445651,-0.44879843819106374
72.79136443138123,17.01754305421438,-11.067649765811469,0.8759535525907106,-0.02864838569586357,-0.021444488268618004,-0.22008992902922175,0.974822972164603,-0.44283609848375177
72.89263701438904,17.06137170256496,-11.084613364245907,0.8744745127355131,-0.027003001370877636,-0.022090623369830815,-0.2156489327273333,0.9758475188725229,-0.4337964202932848
72.99109840393066,17.109325761102486,-11.10686394361669,0.878716620565653,-0.026424038018651248,-0.02165578991752495,-0.21169319224661717,0.9767388542155337,-0.4257289101160436
73.09384107589722,17.154421800169445,-11.123784354825347,0.8795580631652251,-0.025784839022108194,-0.019530280495997667,-0.20876204044440405,0.9774313892493123,-0.4198050800004334
73.20201063156128,17.202983048961308,-11.142170156488621,0.8804256417055657,-0.028552626076442118,-0.021010569070061207,-0.20545508098538265,0.9780242907151033,-0.4128708910679558
73.2902512550354,17.255061165236743,-11.169212250072368,0.8798793399991499,-0.025332394275009832,-0.021064569100795363,-0.20192169939857185,0.9788473737211977,-0.4058033763945129
73.39197087287903,17.307921741887387,-11.18959467892026,0.8795040650307377,-0.02479411862255647,-0.019875220022687143,-0.19974260552130235,0.9793329969169535,-0.4014023624997438
73.49278783798218,17.35318833903156,-11.205683985299707,0.8812253382466493,-0.02488975284119478,-0.0181535754588445,-0.19948460470418836,0.9794165816380577,-0.4009111238936864
73.59184527397156,17.40222962625982,-11.224191641794963,0.8742972329090203,-0.024911104626246853,-0.01854010890941636,-0.19400652656035128,0.9805086276417535,-0.3897195643218116
73.69483423233032,17.44939956502238,-11.23597395567253,0.8638268224800607,-0.025180635836039012,-0.01855567895610692,-0.1912815824614881,0.9810366856384116,-0.38415022826986694
73.79812169075012,17.492502974984273,-11.24897177691066,0.8614586593194837,-0.023348376412198595,-0.01776194589604593,-0.18793063713642066,0.9817440818372165,-0.3774179939203044
73.89842653274536,17.53858578195531,-11.251288139349832,0.8578273244772741,-0.02445403244040212,-0.01878558783471494,-0.18497234754648995,0.9822598091290555,-0.3713205703961667
73.99096846580505,17.593935004532693,-11.26439516071947,0.8486824211524907,-0.02317856219822658,-0.020227815283538633,-0.1809590518888333,0.9830093647991216,-0.36317437721264156
74.09374952316284,17.64292227891774,-11.279283384382472,0.8490120429815288,-0.021982139879285368,-0.020141576023473173,-0.17954925932986776,0.9832970893456943,-0.3603621045537247
74.19041013717651,17.69255624263692,-11.290105009387583,0.8509463707550694,-0.023190956386334446,-0.02029886685811815,-0.17645496526009902,0.9838260927527898,-0.35401026664120944
74.29508066177368,17.743728150196027,-11.30226955931613,0.8545924254889611,-0.021518324067193912,-0.0195351904037111,-0.17609830440102417,0.983943456328825,-0.35337635112703275
74.37969923019409,17.800843464739927,-11.313145157566531,0.8606213134867522,-0.021036016685896802,-0.01974428648799574,-0.17449785964058287,0.9842348023383068,-0.35014014563216905
74.49017477035522,17.852877035046898,-11.331533933529418,0.858237807512448,-0.02003501531866803,-0.019361300473907758,-0.1742571819124952,0.9843059345330878,-0.34970164878373716
74.592036485672,17.904725433422357,-11.352450304084055,0.8533767625515682,-0.021093713716537274,-0.020515385030750767,-0.17217401285936723,0.9846269768367041,-0.3454006283673033
74.69135594367981,17.955721919081398,-11.36691897258285,0.8561165259295589,-0.019072877007169524,-0.020616123786849065,-0.17187544674033411,0.9847182498615963,-0.34488399956094523
74.7908079624176,18.015049942755244,-11.3769352097396,0.8497010472482607,-0.019655881973688536,-0.020889784427035252,-0.17154333066413574,0.9847589293401119,-0.344178570862282
74.89396357536316,18.062079763331166,-11.387345534456667,0.8477544061558709,-0.01676020175017108,-0.0217210040776937,-0.1711305280667343,0.984866303608135,-0.34346307922139446
74.99286437034607,18.112808190818633,-11.397845745194694,0.8446913181056882,-0.0142149604441188,-0.021546110877585248,-0.17015006660093723,0.9850800245875051,-0.3415893491347887
75.09452056884766,18.16342616964191,-11.413926323876213,0.8462938397639588,-0.01684937484176252,-0.022083031300143455,-0.1694511102548478,0.9851470750753099,-0.34004404580711317
75.19400143623352,18.21218005905181,-11.42544061030415,0.8500070974047479,-0.016325326113708034,-0.02345655784183793,-0.1690155952625503,0.9851989657828206,-0.33917339417382997
75.30370879173279,18.263794909930574,-11.438914195917171,0.8495679693791037,-0.015413281443749783,-0.02339174707540136,-0.16929302943919292,0.9851675629593155,-0.3397823500091818
75.37574887275696,18.316128571185725,-11.451232639867046,0.8510907786190023,-0.01607653483926294,-0.022425853143752176,-0.16864370465171907,0.9852907829771274,-0.3384378992555259
75.48479628562927,18.3648935595786,-11.466031926019605,0.8544549270896487,-0.014949925286169122,-0.02240013244946854,-0.16780838156968433,0.9854517141266473,-0.3367951625643838
75.59162259101868,18.41236998054994,-11.485965019788166,0.8509674684100387,-0.01594209439183983,-0.022101831414492297,-0.16772307727319996,0.9854574207060066,-0.33657736113303754
75.69285583496094,18.465330861166965,-11.507969170451718,0.8581586258892717,-0.017828469319284744,-0.02321073703018742,-0.1671018115892698,0.9855051455633456,-0.3352145988110148
75.7944974899292,18.511744082491585,-11.531602225821121,0.8587267360252604,-0.018321104718363197,-0.024162127509918384,-0.16635946563808,0.9855988316291298,-0.3336723432126118
75.89742136001587,18.562506329905872,-11.554457917605687,0.862798166183549,-0.017678002502043433,-0.0247442314539877,-0.16449429375360383,0.9859091431566057,-0.3299136895423077
75.98376441001892,18.608734705646707,-11.574957219000812,0.8719585487381872,-0.01592250035027949,-0.02288663053388523,-0.16366180041264036,0.9861224524424408,-0.32832856018753526
76.0951657295227,18.66030246993946,-11.595368269608992,0.8753509575646362,-0.018156094092754167,-0.023381564634139915,-0.1627171993510298,0.9862285595732421,-0.3262971755699415
76.19001936912537,18.706344985192786,-11.612229933323617,0.8782927044125766,-0.016959090523962366,-0.02410502909239911,-0.16130324164832394,0.9864646983317735,-0.32348165059069994
76.29131245613098,18.75325914755254,-11.633678211482795,0.8814228565485254,-0.017205502014290063,-0.022070821932482984,-0.15999748184914075,0.9867206571880386,-0.3208422396680493
76.39280247688293,18.801913807410042,-11.651696304271875,0.8886034969835874,-0.019579303062683576,-0.024071334827476174,-0.15984417383508442,0.9866544794517392,-0.32038791838826597
76.48996329307556,18.851307023172943,-11.67191818928863,0.8890187157711843,-0.017242619855799036,-0.025910676470604407,-0.15893323264007958,0.9867986402847941,-0.3186440836998279
76.5916018486023,18.895146078478056,-11.690818065396202,0.884289608392415,-0.016931365724223744,-0.02513880060439129,-0.15903455469567085,0.9868076712164509,-0.3188726971575916
76.69539451599121,18.93945146401697,-11.706750232408606,0.8823481632898168,-0.01642028480036116,-0.023878815268276465,-0.1581556083579121,0.9869888449082883,-0.31712763706272823
76.79084706306458,18.98663086919775,-11.725152034827413,0.8833237769868406,-0.01695677040610446,-0.02267628484026296,-0.15689944475988624,0.9872085991710553,-0.3145666090302432
76.8915765285492,19.037911946713933,-11.751494595750158,0.8827709576422842,-0.016982798084728426,-0.021774760472651457,-0.15581413142380326,0.9874003245007659,-0.3123763335827615
76.99858856201172,19.085334255760085,-11.773638761846112,0.8789449858069245,-0.018099337831489197,-0.020494914860271843,-0.15392809318414136,0.9877036572594161,-0.3085222931116832
77.08357048034668,19.130238232257017,-11.792011366389772,0.8742285079776024,-0.021002183687421242,-0.019931468467334876,-0.15123896346394042,0.9880730847338411,-0.30295857820246547
77.1902551651001,19.176103244272635,-11.814506142425211,0.8713939231239487,-0.020591943317841806,-0.018671486727305234,-0.150120070023397,0.9882769409583314,-0.3007394512340377
77.29433846473694,19.218697653084618,-11.838993493527541,0.868343495717735,-0.022407354476775783,-0.01972146340373482,-0.14782074483899865,0.988563605309143,-0.29598298890060926
77.39187979698181,19.26430740009072,-11.852669106662736,0.8669094197991812,-0.02033943864145949,-0.01965012962862745,-0.14607192467903643,0.9888696438165601,-0.29253708150444546
77.49831366539001,19.311461746116603,-11.872668291688205,0.8681674678730658,-0.02236582065558881,-0.019492605656525306,-0.1443990362304277,0.9890746820775693,-0.28906895423758494
77.58972454071045,19.362798068327034,-11.88670405541882,0.8649514213974698,-0.02203098955173929,-0.02249929886178869,-0.1444435499148732,0.9890118694626918,-0.28910084340940834
77.69118785858154,19.407388316588822,-11.899660808515735,0.8671327747342905,-0.03599767947221781,-0.048892343656868655,-0.14343722692885366,0.9877952559793526,-0.2853221751961451
77.79567050933838,19.45212816492707,-11.909957471439112,0.8674212286179246,-0.042522608124933164,-0.06399958342627445,-0.14411210930443763,0.9865736571951141,-0.28548953718219855
77.89391040802002,19.49010676738144,-11.913422272108708,0.8727048054187111,-0.04374466984320971,-0.06613703682406759,-0.1434848854548728,0.9864706705556139,-0.2839837278053413
77.99358820915222,19.516235560652625,-11.918239386723444,0.860757190167241,-0.04279822601641965,-0.06342204660506336,-0.14455642826911724,0.9865340312935729,-0.28637253028842474
78.09378433227539,19.54115547919496,-11.909578329623448,0.8560386189982061,-0.03844888153204438,-0.05826014024460828,-0.14593407546813983,0.9868285996994983,-0.2898717164511632
78.19214487075806,19.556566521980653,-11.903835703378753,0.8497295534934242,-0.034589550278351866,-0.0547265071284166,-0.14611465432785822,0.9871469395281106,-0.2907758247289198
78.29095721244812,19.568559095960232,-11.88647537307313,0.8513565650458396,-0.030174574451355206,-0.048700115950030924,-0.1478352021696892,0.9873512783009805,-0.2948545487703393
78.39221167564392,19.579045197006607,-11.868379222029294,0.8520266255849843,-0.02615146748811908,-0.04772089981435617,-0.1476132239485836,0.9875470381630596,-0.29482120452832816
78.49032616615295,19.578895430846366,-11.853237817410882,0.850824870167007,-0.023258411382489685,-0.04383802809541691,-0.14871696809822613,0.9876338071331597,-0.2973634857801665
78.59487676620483,19.580835473975473,-11.834856050320381,0.8510444915446768,-0.021197409319349336,-0.04023315023081621,-0.14836349364328863,0.9878867532336945,-0.2968455320946768
78.69331097602844,19.579902021178192,-11.814083202233034,0.8508940016434412,-0.020475990323371822,-0.0366009962486128,-0.14786195562829782,0.988118385099509,-0.29590813904003926
78.7933976650238,19.581241243144497,-11.792999803185067,0.8468516617821842,-0.020654901814140057,-0.03710798044671313,-0.1464076158303265,0.988312290141681,-0.29294351785054445
78.89243292808533,19.571936060112257,-11.773546538224055,0.8491177581559949,-0.01939074189333566,-0.03625667243038203,-0.14715123059845714,0.9882590592382453,-0.29455200614639077
78.99395608901978,19.56372679343707,-11.751993035456637,0.8491944667200865,-0.01910801709671669,-0.03555018573714032,-0.1462783252789137,0.9884198093574829,-0.29280825583524195
79.09369468688965,19.554224838255564,-11.732355138882497,0.8448534619854349,-0.02048539951681384,-0.03658867279199505,-0.1452683191010217,0.9885032791526392,-0.29065197396416986
79.19485807418823,19.543546713075358,-11.713199171986812,0.8442794426923124,-0.01647726507249807,-0.035085043904669176,-0.14653723264204252,0.9884454354589078,-0.29352601890190066
79.29410719871521,19.5318032515524,-11.68941010591158,0.8493813154515555,-0.01499179048425782,-0.03456223644727115,-0.1458714955903405,0.9885859622734263,-0.292283240302153
79.39527177810669,19.52003980041577,-11.668406079540665,0.8459030708342968,-0.013995423620262813,-0.03358651330143456,-0.14645040950377025,0.9885486087179123,-0.2935232262261224
79.5017442703247,19.508869693391212,-11.650348013191724,0.8520100475768156,-0.013178227684315126,-0.032657510557063285,-0.14499902596267894,0.9888048866127179,-0.29063640338856817
79.58757209777832,19.49947407399344,-11.635824030368788,0.8544436146099413,-0.012802237525175755,-0.031057084518073704,-0.14548592479293782,0.9887898694377536,-0.2916422739176685
79.70141100883484,19.49185201687364,-11.623277859461139,0.8510024567401794,-0.012581695543338316,-0.031558860806676345,-0.14392299876667608,0.9890055154890932,-0.28849353537261496
79.78419470787048,19.480759943254327,-11.60440776097746,0.848020090798022,-0.012711625028058705,-0.03007019241267987,-0.14559404846164647,0.9888056286095657,-0.291864736380724
79.88769102096558,19.471172596589568,-11.58866142201889,0.8491564764811499,-0.013358589584101823,-0.027918219129796557,-0.14539850109867467,0.9888889710190942,-0.29143006545965705
79.993008852005,19.45586946484542,-11.580122369190839,0.8504517552063301,-0.013993194210150718,-0.025989445363506267,-0.14620758792833172,0.9888134710235664,-0.2930377097523058
80.09469747543335,19.44747660970299,-11.569977760651941,0.8522922821139611,-0.01233757999506472,-0.024290898213903227,-0.1473667628651366,0.9887066165382316,-0.29547528461721734
80.19425415992737,19.44108014346832,-11.55906385355222,0.8464411019658744,-0.011634096280648596,-0.02556096997408228,-0.148269250638853,0.9885481849321811,-0.2973369936199544
80.29954171180725,19.433466493146593,-11.555990830513696,0.8396313320925084,-0.013007499168741662,-0.024822821658838614,-0.14880073907658817,0.9884700160048001,-0.29834281022113013
80.38345575332642,19.425841856049207,-11.550530711895714,0.841266446021883,-0.013722494468885342,-0.02517714106028664,-0.15073408309872752,0.9881584088120527,-0.3022195591701474
80.49051451683044,19.41977746377006,-11.539680666913583,0.8356667318382466,-0.02289980248480781,-0.024733205589112912,-0.15054062889824277,0.9880290413942118,-0.30134636981987606
80.58561754226685,19.41266436928141,-11.532721425192628,0.8378194733144925,-0.032232691434278773,-0.02359048932083013,-0.14851679837674084,0.9881028807854114,-0.2967785141714735
80.69138193130493,19.40868394807056,-11.532938124486087,0.8351712183806834,-0.034260194824608854,-0.02468860979859992,-0.14418267098337637,0.9886496189170821,-0.28784867383839285
80.79398512840271,19.408612986945037,-11.516141841668748,0.831514011752367,-0.03353515855568692,-0.026542756858273835,-0.13648827668412455,0.9897180535520231,-0.2722526744447342
80.89694142341614,19.415250575049207,-11.50335517699752,0.8274477313070346,-0.03127327446024871,-0.02895830335459915,-0.12375187777092136,0.9913974337870398,-0.246572989969728
80.99908256530762,19.415361570697502,-11.487494353265722,0.8240168350500343,-0.027664604827670816,-0.03031007160016395,-0.10678634838432335,0.9934347713856525,-0.21255214665957217
81.09476256370544,19.41858609630961,-11.46350946484204,0.8145595627677263,-0.025328629765883418,-0.03367630372968991,-0.08512963703217336,0.9954784337091682,-0.16901587477871333
81.1951003074646,19.419887179340446,-11.44476139127827,0.8098760967480375,-0.022051158920855983,-0.03475501250174474,-0.059179863881189086,0.997398405456543,-0.11708907185952011
81.29881286621094,19.421649883942127,-11.422077228985156,0.8101742372657589,-0.020593856237463185,-0.03500179279629334,-0.031339600829656186,0.9986834318272001,-0.06134912516926491
81.39869093894958,19.424973890097533,-11.395241045994627,0.8119544818249381,-0.01793212847791093,-0.03636047096473734,-0.0025830307272480093,0.9991745007113304,-0.003868015658607075
81.4968695640564,19.42731136668668,-11.36745979800131,0.8085055266751081,-0.016873679894201642,-0.037923062203062,0.02874069198083237,0.9987247332996383,0.0588866920548335
81.5824019908905,19.4200737570132,-11.34111791360663,0.8012447637955112,-0.01634497005168754,-0.039137625659682464,0.060053869038870784,0.9972936483429513,0.12171447011637056
81.69022035598755,19.42115598162531,-11.311418906511244,0.7998465234941745,-0.01751857523385961,-0.04046673242027894,0.09279239760209108,0.9947085573353919,0.1876780495890931
81.79916453361511,19.41533804393324,-11.277122916318579,0.8048444077071257,-0.01745603831327747,-0.041500091853201304,0.12395343108887702,0.9912661479259122,0.25055835897325934
81.89417862892151,19.411452555336965,-11.249908447815557,0.802264915380573,-0.016110912333434462,-0.042375534310971866,0.15626890369049154,0.9866735946274309,0.3159284614639424
81.99319982528687,19.401611578435393,-11.220290430259032,0.8061977747802513,-0.01745566080910918,-0.042159183332863115,0.1889369028326653,0.9809285141713556,0.38247923114552596
82.0966157913208,19.394390237995935,-11.187756841318473,0.8138302762199492,-0.01784762934781482,-0.04264367865564414,0.22034274291637065,0.9743264619425398,0.44684040928753266
82.19692945480347,19.38697540887697,-11.15851844715997,0.8173847321388854,-0.016824002703635495,-0.04241391014243926,0.25177455853056824,0.9667096693610728,0.5115600749825786
82.28278827667236,19.365782809828627,-11.12437142780103,0.822978872088202,-0.018970760150647636,-0.04145054595867158,0.28236603533429316,0.9582230348872998,0.5751946831372586
82.3954849243164,19.348351989475066,-11.081119919564188,0.8227979188907735,-0.015038980582315922,-0.04164806640267877,0.311996550364142,0.9490507995828454,0.6371403736157908
82.49586868286133,19.322057322630624,-11.035274172458632,0.825840358957132,-0.012093193257440188,-0.03985825393976252,0.3419866684985529,0.9387812273575631,0.7003623483025392
82.59934973716736,19.295784238348542,-10.98764160845025,0.8324577299209719,-0.010578638611385624,-0.03989154946391093,0.37206745052989626,0.9272877487288836,0.764790530656964
82.70141553878784,19.27405004452327,-10.93751672115047,0.8341261323569269,-0.00759324185988059,-0.04021873929072287,0.40120724938376784,0.9150724226692843,0.8279683037340805
82.79494905471802,19.2457736784843,-10.890281697348028,0.8355242500909645,-0.004945401157742688,-0.03954473640156497,0.43024042485292685,0.9018342051911165,0.891721921206913
82.89411687850952,19.214211379842055,-10.850629741219214,0.8405693787837937,-0.002160597447170412,-0.037103420522670315,0.4579997954273747,0.8881750139430135,0.9534133387108062
82.99216103553772,19.184212277483855,-10.813931770332328,0.8492319345013629,-0.0014239814803798298,-0.03570938842706052,0.4859733173495338,0.873242661966992,1.0168015825692356
83.09656834602356,19.148344881322654,-10.772532679576457,0.8492741289658371,-0.00028304356635067504,-0.03540259020284515,0.5134537755643889,0.8573866087430706,1.0802766957080818
83.19924545288086,19.11498613070684,-10.731986856561731,0.8505457116031355,0.0028387159180966663,-0.034390059272789104,0.5400830096201735,0.8409040422276289,1.142825200286035
83.29622983932495,19.080295150701822,-10.694896736332543,0.8544231883532457,0.005209390880908555,-0.033019899608712516,0.5657421895771052,0.823904316901534,1.2043037970800494
83.3969099521637,19.037814849104002,-10.649625897647905,0.8623726726821596,0.010122815316353223,-0.03040221267455982,0.5897918064983312,0.8069193634199125,1.262949886937505
83.4963927268982,19.002828433309475,-10.619131206935574,0.8610643261431037,0.011877319201915164,-0.028145643535379728,0.6158635951522387,0.7872603026983608,1.3281652462736857
83.59506964683533,18.956774918876565,-10.568640027586651,0.8615478474265763,0.012982399856171545,-0.028575384378976706,0.6379193418623877,0.7694633311467327,1.384903840252009
83.69968891143799,18.905861200851188,-10.523216116298181,0.8597583995129079,0.015867982961175572,-0.02686002981877552,0.6614387780338032,0.7493500442570398,1.4466910387617617
83.79443693161011,18.85354757781001,-10.475171872678938,0.8565080815015675,0.01785999046620505,-0.02446801669605444,0.683457951086459,0.729361066959437,1.5060610756625032
83.90149188041687,18.806171491033886,-10.435260057162175,0.8591500676387104,0.019265619448152617,-0.023669299441208637,0.7033124598206147,0.7102254459200387,1.5611957684175883
83.9829089641571,18.760152422698464,-10.393863861367311,0.8601680252652886,0.02261256208292515,-0.02256909424991614,0.723744660085421,0.6893279154499858,1.6195464520992136
84.09893655776978,18.715161678652095,-10.356085149800153,0.8615813712189827,0.0249847694802956,-0.020704865134582882,0.7427654046238202,0.6687649987460377,1.675465261332113
84.19482159614563,18.671871297931197,-10.318657889822473,0.8649474390989419,0.02715606214631199,-0.018211710317510156,0.7608692712210641,0.6480808853897357,1.730314597956927
84.29526710510254,18.624612409919074,-10.281400420114473,0.8661647227495466,0.029952316242539766,-0.016697167646030617,0.77868977561574,0.6264713055646013,1.786220315041143
84.39475059509277,18.57826372677707,-10.252252492095911,0.8747771036082306,0.03305406854687369,-0.013100863037803839,0.7956921404295507,0.6046567733837134,1.8413052528093825
84.49010276794434,18.52941280812572,-10.220649744553796,0.8807270615779096,0.03676071799151129,-0.010228839505354873,0.8112521151903848,0.5834501058824559,1.8936595417711355
84.59766960144043,18.48676245863946,-10.182430380908789,0.8751034164970225,0.03816066075543132,-0.011734811841927605,0.8258097527779271,0.5625338304303155,1.9447102446035824
84.70015692710876,18.447984314351697,-10.151173283553744,0.8797693758481699,0.03942216473087322,-0.01284926080002673,0.8372391855292802,0.5452626299675162,1.9862044400203906
84.78916263580322,18.413841054793345,-10.118690585462181,0.8879756643555149,0.04002501413451443,-0.013587427245317604,0.846105373026657,0.5313370660887556,2.0193072389305198
84.8876883983612,18.382760015242855,-10.083890906048056,0.9011696652197821,0.03992868278685262,-0.012380649256170368,0.8523341253002348,0.5213242356380401,2.042884187998008
84.99538087844849,18.346435579758083,-10.060492396420273,0.9008195762520587,0.040329331509820654,-0.010931115471242394,0.8557423342016531,0.515712238743305,2.055939132133912
85.09971714019775,18.318037755237736,-10.024857343511965,0.9058619300753521,0.03826749685633021,-0.00851350716711955,0.8586390870898931,0.5110792864140572,2.0668822775164144
85.19700074195862,18.288889180373488,-9.994254711549152,0.9131970331918987,0.038016349417552005,-0.007165526151848676,0.8597783755164389,0.5091999188985047,2.0712332711314554
85.30640244483948,18.26677260592559,-9.963442307033038,0.9069034578053365,0.03946581566551172,-0.006167871265169605,0.8604650873994515,0.5079411778194072,2.0739663604821565
85.40446209907532,18.247246437264366,-9.928321466388779,0.9194020657491511,0.038567955328424566,-0.006652507676652672,0.8604547254514482,0.5080215767186174,2.0738968606216868
85.49170541763306,18.23063374979989,-9.900888787292159,0.9221050212147721,0.03794743024555211,-0.008883219318524758,0.8595913926435526,0.5094935903869803,2.0706270298215155
85.59532499313354,18.212711987008515,-9.865660081340025,0.9262390278871181,0.038543458748055634,-0.008847508551750241,0.8588940189056139,0.5106243116698679,2.067928051269266
85.69827651977539,18.1953883914466,-9.826575588821335,0.9371451594383433,0.03713001940880981,-0.008261890035254116,0.8579234844029962,0.5123674440687741,2.063984681692195
85.79980301856995,18.18181089480034,-9.790497932010705,0.9407418632660817,0.03616887609253405,-0.008652631269483185,0.8571293870908885,0.5137569057049411,2.0608526465534536
85.89963746070862,18.164888583071647,-9.756648877007656,0.9474083032507564,0.0340654458736344,-0.007610666467592911,0.8560416091753693,0.5157270465215048,2.0564124752384987
85.99402666091919,18.149084628008186,-9.724157899020629,0.9624707552580588,0.03326559151548677,-0.006710313386927051,0.8551914766980416,0.5172000679605498,2.053009239675423
86.09852457046509,18.131611281182607,-9.68546548539573,0.9675336546701694,0.03229502347408543,-0.008611144819681964,0.854666100958979,0.5181010861938811,2.051053741137267
86.19847989082336,18.11734764012734,-9.660152904845338,0.9710365504606752,0.03107531411610106,-0.008859802641496425,0.8541538348438426,0.5190154671792522,2.049025815671665
86.29652953147888,18.105767665920517,-9.631037003727332,0.9668945723280549,0.032152888418256524,-0.008907943203727833,0.8538201418032558,0.5194978400006209,2.0478033572593417
86.40414476394653,18.08780756924288,-9.597018088382749,0.9830051077131714,0.029839620961117082,-0.008177233430447996,0.8532135401669645,0.5206432413371717,2.0452899751218485
86.49365758895874,18.072879511606157,-9.564618300714347,0.9889392801075032,0.026800570385591,-0.009071071067753787,0.8530520326861769,0.521058225754735,2.044578597776429
86.59865832328796,18.058881052769518,-9.53003622649615,0.995563991583818,0.025632371783561664,-0.008797775688387438,0.8525293393069474,0.5219763464761082,2.042498619226772
86.69561386108398,18.0518330297625,-9.491051239967643,1.0088469095623027,0.024734801048628054,-0.00951759205826146,0.8517849427418352,0.5232208103437648,2.0396567424429017
86.79940724372864,18.03796389790127,-9.453178281173185,1.022503962049409,0.022310613180576828,-0.01005099500793698,0.8500721736745112,0.5260974373470647,2.0330567431474837
86.90293169021606,18.02175675783864,-9.418315401037326,1.0312269060406225,0.021088034883668696,-0.008932707606535294,0.8468008494008443,0.5314168071989906,2.0205541403940703
86.99524474143982,18.005579587033978,-9.379670758666743,1.0316913007396145,0.021002725698047103,-0.010786275350377367,0.8420135509960386,0.538939441603934,2.0027754208759676
87.09613680839539,17.992419477044585,-9.336780627117017,1.0338552191257848,0.02154356768714215,-0.007371010574357944,0.8372032634916742,0.5464176410890415,1.9848450041948056
87.19358992576599,17.9805166691696,-9.296751835951891,1.038528188457991,0.020554985896318427,-0.006801162690704096,0.8313057884045544,0.5553934847528725,1.96336654570628
87.30113053321838,17.96555563316902,-9.25495138118553,1.0393888130400548,0.020852337387861884,-0.008033290669311844,0.8245302427562264,0.5653764454298063,1.9392462009946843
87.39670729637146,17.951576157937946,-9.212660730686688,1.0452036211448572,0.020371165760067023,-0.007526734255805293,0.8171018237086964,0.5760841722951089,1.9131655957791636
87.49439239501953,17.93506603292639,-9.170303535941883,1.0553945011743833,0.021490432278798103,-0.006464109632762476,0.8089333306147027,0.587471908458379,1.8850505828953064
87.59496307373047,17.91731155689004,-9.118641027931355,1.0593217732562814,0.020430091176222853,-0.005182971638675416,0.8015702701162805,0.5975289534786049,1.8601157260712669
87.69766116142273,17.89625290135814,-9.072818808418917,1.0624977892911673,0.019414343095273904,-0.004329637510621697,0.7927745917662227,0.6091902692682352,1.8309073515478513
87.79501914978027,17.87211708505401,-9.023384607428552,1.065519492389489,0.021080594306966523,-0.005421435773539673,0.7838432591281218,0.6205771198628118,1.8019088130599923
87.89378881454468,17.853383663750392,-8.976199130007481,1.068053889977236,0.021405457178925846,-0.005553974252675332,0.7750322414752365,0.63153462648285,1.7737615248101244
87.99849343299866,17.83489912897928,-8.923666777021246,1.0738204776611422,0.020425571027453467,-0.006032918712542787,0.7662178817939642,0.6422278081484646,1.746077985413573
88.10025143623352,17.820300508740345,-8.863958206462948,1.0765952071651943,0.02011925593237439,-0.003700661757031304,0.756724493637877,0.65341377500921,1.716695230806254
88.19940733909607,17.806894978080667,-8.807461693488552,1.0806910083219898,0.020227334093341962,-0.0019236807283279666,0.7467998809155975,0.6647383637735839,1.6865441590489962
88.29315066337585,17.793495247754677,-8.748961629546418,1.0917436879696092,0.0194850398433426,-0.0020889884045668153,0.738293544177104,0.6741947878589389,1.661127582383462
88.39566326141357,17.78717324196367,-8.689349445690821,1.0947795787181063,0.019561426586871947,-0.0028085093263028895,0.7306742612565125,0.6824401708593217,1.6386696051277703
88.49617218971252,17.775426032119693,-8.622851685144049,1.1050725516119826,0.01843558439991933,-0.0046787604773375025,0.7230599910294473,0.6905233434147791,1.6165126068526192
88.60345530509949,17.7636823705436,-8.556007655100506,1.1090664591710844,0.018590108092635848,-0.007674354673896951,0.716031730102228,0.6977779544011502,1.596337574771439
88.69016909599304,17.756536653935594,-8.493790002783975,1.1149259815803836,0.02002942471248493,-0.009357720504881054,0.71127165820361,0.7025694865626647,1.5827969011383276
88.80020356178284,17.74276721356886,-8.423706932416616,1.1149912939357214,0.02144045435218136,-0.00950606375820177,0.708378003217817,0.70544351030124,1.5745794858056104
88.89396929740906,17.73295362602208,-8.352938901548892,1.1219160460785864,0.021187502096490174,-0.011785987055834678,0.7067371781795251,0.7070606347710734,1.5700281887306506
89.00228381156921,17.7241565616723,-8.29143953980135,1.1287269620927918,0.02161177337091286,-0.014851373416489561,0.70665437469318,0.7070728128604572,1.5699571482362769
89.09133267402649,17.715918610889844,-8.221086160617286,1.1305203982631797,0.023825752123374278,-0.014180310591019152,0.7069489718980634,0.7067208808713445,1.5707521230944863
89.19144892692566,17.705467792118988,-8.16527814169856,1.1449745215836893,0.02458773492062505,-0.013592428689492236,0.7067520290121231,0.7069032880536357,1.5701617711186828
89.29092121124268,17.698221323235522,-8.103078858575273,1.1562224636923881,0.02656384324427011,-0.01384640485670279,0.7067381253586096,0.7068407610411529,1.5701362505126188
89.39124298095703,17.68080360029684,-8.033037903221473,1.1662701376648807,0.026739579121220255,-0.014555944082182377,0.7065947526015184,0.7069632062535471,1.5697706176764767
89.48263788223267,17.678095546503737,-7.96780973451607,1.1850988857245164,0.027955307562173553,-0.016885354995774895,0.7068939066443991,0.7065652059893627,1.5707644836936479
89.5894455909729,17.664930766466853,-7.909625532231891,1.193250891922263,0.027390283221659328,-0.018495855681632242,0.7064110855153958,0.7070297405120959,1.5695110576594056
89.69658064842224,17.659142680326035,-7.854170607210678,1.2091639427220153,0.02585898032047979,-0.020987679562185328,0.7072333605835949,0.7061953016843252,1.5720380706706312
89.78734064102173,17.66344866208478,-7.796375199893479,1.2198227528585763,0.026313363101000523,-0.019854995916320034,0.7102634330385214,0.7031637375091323,1.580554038697554
89.89282488822937,17.662954442176364,-7.746799426480849,1.2302832540941828,0.021938561429785144,-0.018807355824306503,0.7230028018357224,0.6902404881104734,1.6170633868849669
89.98721957206726,17.68816578023371,-7.750272196186199,1.2409724865060867,-0.0009265467376689334,-0.01215492169450646,0.744330268620976,0.6677004198024508,1.6793720632034983
90.08983039855957,17.72232601771681,-7.759178523163041,1.2460012968036849,-0.02883054632049283,-0.004660185635193086,0.7584563531823961,0.6510691534591144,1.722034636058087
90.18722987174988,17.73837672565722,-7.757059236555588,1.259954874231825,-0.0408424525727773,2.1256113572899365e-06,0.7689419661254029,0.6380126541021912,1.7547364931809346
90.29487133026123,17.749850026064014,-7.739338170076003,1.2709232370349464,-0.038524642201606715,0.00089555726609183,0.7781009704225859,0.626956082790375,1.7836788880420993
90.39154934883118,17.743757370491164,-7.718558251165804,1.2741545865811787,-0.032915246952316866,-0.0018672627546923643,0.785997699562097,0.6173497518675816,1.8089205189849136
90.48815155029297,17.742988995839795,-7.682014393500236,1.2701935145909815,-0.0248550152098073,-0.0017948336748145164,0.7914879706654115,0.6106765093590458,1.8266667510048042
90.59362196922302,17.74047997468792,-7.6463357547328075,1.2642966202899024,-0.02513811458584757,-0.0010243036891795145,0.7998728193615241,0.5996419755518019,1.8543903131261512
90.6889169216156,17.756803048238517,-7.635576036294873,1.2616688806794565,-0.025912578603051815,0.00346327068465583,0.8194856466455737,0.5725031169943022,1.9214459602535432
90.79167628288269,17.770693287429317,-7.621950737412784,1.2571340092719092,-0.021372814830006512,0.009390643970968903,0.8288817797810599,0.5589365024213709,1.9548282508261872
90.89960432052612,17.76889002622357,-7.602659303722143,1.2618776016526811,-0.026527204203824744,0.012521692834151962,0.8430527765598783,0.537030288326809,2.007003839118438
90.97978353500366,17.771065178356295,-7.587400669735731,1.2618463924095669,-0.03737364807864677,0.01638165024848994,0.8550830869102578,0.5168827395497492,2.0537433623610957
91.08869552612305,17.771458962746376,-7.571421730524769,1.279714478683522,-0.056022181020899675,0.018437919777988747,0.8679771345890543,0.49308949712856054,2.106985437170227
91.19565963745117,17.774183024192613,-7.55935208239237,1.2920494597632524,-0.07078427571531126,0.021075949404564382,0.880826456354017,0.4676431806997509,2.163315533323238
91.28797054290771,17.776808529478192,-7.536564681829821,1.30004920914862,-0.07584168480057711,0.025908847408416803,0.8955548021579983,0.4376738132494629,2.230815412171909
91.38843512535095,17.77094273132536,-7.51096458761789,1.302425310150098,-0.06377552591001603,0.006687326423024099,0.9138720436471806,0.4009062855585314,2.312375446126988
91.49226403236389,17.77077978564533,-7.488198358295257,1.2982900480034834,-0.03549206563837007,-0.024670548281655397,0.9293485065437775,0.3666647388406126,2.388286191714881
91.59175729751587,17.770768988711616,-7.47304916812207,1.289155236441299,-0.010439301594757788,-0.03772754274262149,0.9380601815268905,0.3442539024245836,2.438391632471014
91.69580626487732,17.76586746542876,-7.480207313561985,1.2806755884077157,0.0011277464609401643,-0.042680861528939434,0.9394815654600003,0.33992861075216113,2.4484902426188766
91.79233527183533,17.76624521433781,-7.490028878190953,1.2759527451080044,0.0030160794712182823,-0.04239172712806869,0.9355588173741194,0.350604540713981,2.425851099004616
91.89579916000366,17.763250887437234,-7.507409250062709,1.2687743682486026,0.0013711033406992707,-0.036800835665182344,0.9254944238476613,0.3769666961375484,2.3690193145501377
91.99260067939758,17.766674782472613,-7.530546041020622,1.2612226303706051,-0.0001452319015031325,-0.029779964835723968,0.9102847588277116,0.41291014815338795,2.2905580157402494
92.08518195152283,17.768710569716884,-7.562788004641458,1.254177738467535,0.0029069737752502383,-0.022790830254879543,0.8882540513919692,0.4587775798200218,2.1885755947596404
92.18975496292114,17.756858760640455,-7.597356361479266,1.2464231067732254,0.010484341639803003,-0.014918546598108725,0.8609512167653611,0.5083606179652636,2.0750861909170384
92.28993439674377,17.75342527301643,-7.62512304006518,1.222675398454667,0.030872101272049386,-0.009694013930571335,0.8285535730223584,0.5589739851628568,1.954016758801773
92.3920361995697,17.742319605645847,-7.65491955452447,1.198102600094089,0.06247439926194098,-0.0071930951939467025,0.792336086584469,0.6068350144103415,1.8309129848596148
92.49043416976929,17.744331191942518,-7.6808208718222195,1.1726704741347558,0.07919268115540258,-0.007071812278086301,0.7565255563092177,0.6491129265186076,1.7173015129739788
92.59015130996704,17.744735554761416,-7.7179190281821874,1.1480772110741757,0.06873793197281396,-0.008637534140913615,0.7252076741387575,0.6850359983842594,1.6231482788687732
92.6933057308197,17.75707385524898,-7.758173773907703,1.1201690065496477,0.051886389547307656,-0.010375298228421563,0.6990709439975821,0.7130918391236475,1.5483242268428712
92.7999267578125,17.754075455988193,-7.793097410994096,1.097831859126517,0.04027802443221331,-0.013289908163654773,0.6791330493661868,0.7327887556092985,1.493302101713688
92.88855719566345,17.763294091934448,-7.828909715002824,1.0666417637443728,0.024390384132483626,-0.012869334536170625,0.6637465253236342,0.7474490213461171,1.4518076453865338
92.98926877975464,17.767157588675005,-7.860336073993711,1.038981004999842,0.012007584710877595,-0.013189447800199093,0.6522272090889041,0.7578136473436171,1.4212939169239562
93.09312462806702,17.775083263035537,-7.889579490622068,1.0220106429869311,0.007466405241338037,-0.013153047356396313,0.6430092378154738,0.7657090636932385,1.397115767601761
93.1943609714508,17.782831701319278,-7.909883182786266,1.0062073713205717,0.0028633501875723684,-0.01303414777661683,0.6371399699235331,0.7706325784336399,1.381855717426285
93.29572772979736,17.79162766813837,-7.9187170925172685,0.9937172621019056,-0.004346974787662885,-0.014773968412795014,0.633953897620305,0.7732174916280393,1.3737254023898833
93.39275097846985,17.799284614625634,-7.928337801507277,0.9792469422325701,-0.007344795833465513,-0.01757424163885465,0.6320843154982039,0.7746654878759934,1.3690777218952994
93.490647315979,17.80706037474942,-7.93052515924471,0.9668236532964772,-0.008213221209945476,-0.016533214366963138,0.6318496316861814,0.774871111061762,1.3684087510309968
93.59370589256287,17.815871910014735,-7.928369513527758,0.9538953712529624,-0.005913590422783968,-0.016414235695231677,0.6318932392831613,0.7748590429640003,1.368504005229166
93.69297194480896,17.82049972448025,-7.922053214132256,0.9482871188694512,0.004600668089519899,-0.020873474326931037,0.6324108430303088,0.7743382061737283,1.3700642512334196
93.79470610618591,17.816501334701307,-7.909094328554902,0.9435960006817713,0.02128765119081907,-0.027449166285412916,0.6328575862907946,0.7734886260645358,1.3715271519972971
93.89250469207764,17.812063332084897,-7.90229136799723,0.9328563089286223,0.02816228868027003,-0.0283885678904966,0.6313063003959454,0.7745019882413474,1.3674656082788006
93.9993999004364,17.81410331637675,-7.893924739597797,0.9146581285846584,0.029568478223104433,-0.02931675360889301,0.6266991855107015,0.7781480347168067,1.3556315006882578
94.08560180664062,17.819557669053623,-7.889918131070644,0.8947447573921014,0.030508929490884767,-0.02935621303975475,0.6196333330863287,0.7837486526340007,1.337486240904696
94.19288063049316,17.825318102255174,-7.882203137866892,0.8687189685279154,0.028852629466565693,-0.028996531132552905,0.6081055067578598,0.7928016268940866,1.3082005654153723
94.2953577041626,17.833041050581883,-7.880203033897764,0.843146269234545,0.029205170778197218,-0.03092042793179366,0.593355602956951,0.8038159699682038,1.2713430616563206
94.39819598197937,17.835078460590143,-7.883704392966893,0.8225476295650465,0.02821001708427095,-0.03155235381175581,0.5754891469338421,0.8167134660738745,1.2272545548963187
94.49623084068298,17.836490093149877,-7.883480430035785,0.8009134235219191,0.025285878108242604,-0.03036385920105882,0.5552473340870686,0.8307460854027039,1.1780372767174896
94.59937977790833,17.838449813016677,-7.886634646629211,0.7867708992618425,0.024813371270317998,-0.031125902239057413,0.5331387014674547,0.8450908825763074,1.1252646464304552
94.69599509239197,17.848031588183307,-7.885021875619689,0.7695030136554944,0.024842184792183492,-0.031142724468520788,0.5079471499845276,0.8604665533244303,1.0660967882551653
94.7959680557251,17.848770218647743,-7.888857052367186,0.753863728729346,0.024429288837494442,-0.030233635394327482,0.48211615989847556,0.8752446203790599,1.0064467073278809
94.8959321975708,17.857065435321662,-7.8903032529972155,0.736288409918585,0.022154910187173072,-0.030412807153368998,0.45459578512330046,0.8899027437106711,0.9441208003626835
94.99609613418579,17.866800415040903,-7.8961129543415005,0.7156214430090941,0.020281200594019975,-0.03180663085314793,0.42639677355459926,0.9037493029809011,0.881324581832474
95.10539078712463,17.87962252161039,-7.906401526048625,0.7036719592051228,0.018736921028211197,-0.03272930097936616,0.3985442631893754,0.9163733905601049,0.8201664354806424
95.19159317016602,17.88777032499445,-7.9149240742567795,0.6964268257523158,0.017972155502470284,-0.03244833651715061,0.36873699581073993,0.9287933758400386,0.75549716802839
95.29515671730042,17.891489300235328,-7.926185225576933,0.6915676025097213,0.016471340149123912,-0.031565404810316076,0.3392988590585037,0.9400045768050549,0.6924627167497696
95.38611555099487,17.897508633240427,-7.9459888562418595,0.6757363307700054,0.01630811605306756,-0.031772382981625456,0.30991467122259736,0.9500933941415749,0.6302231783283733
95.485924243927,17.905454152306206,-7.964580294138049,0.6594270248326222,0.01832624333104618,-0.03173610942389354,0.27947829963348947,0.9594523689052935,0.5662704449432677
95.59041476249695,17.918805329196196,-7.98042512521382,0.6355562398597444,0.01753038049788181,-0.030945516947553257,0.24925698614679667,0.9677840748831652,0.5035144395439
95.69354701042175,17.937775325688516,-8.001877301267282,0.6155148208197471,0.019079593564463482,-0.029619238566443152,0.2191278971603747,0.9750598107307219,0.4413164358570251
95.79034328460693,17.950076838663325,-8.025245883739158,0.5941285549171319,0.015828756005395087,-0.0276117058785436,0.18938890225505045,0.9813862073029279,0.3806530128267175
95.89591836929321,17.967977346339097,-8.048874675773753,0.5752445519912517,0.012481181885195284,-0.028804523890997552,0.15878800725583891,0.9868135022656922,0.3186123386014319
95.99419856071472,17.979222243950854,-8.072925176865997,0.5598456776015843,0.010441342263651216,-0.02961421453427488,0.12832281978252047,0.9912352044758671,0.25707970890648235
96.10629987716675,17.999569845323133,-8.09101244659386,0.5453377122448068,0.00954712716496538,-0.031015040747335156,0.0970530318897696,0.9947500332301279,0.1941012945773753
96.20820593833923,18.014491882243536,-8.11710926421112,0.5258119831185244,0.01041545542056623,-0.02898438462175056,0.06617055519385864,0.9973328839268347,0.13199812417211051
96.29446649551392,18.031137266805832,-8.148397507384892,0.5061307213229976,0.008801302764507421,-0.028033626387593786,0.036064495199465293,0.9989174165301234,0.07173400903741299
96.39332246780396,18.046689654325498,-8.188120646351527,0.48792148176388106,0.006258327223985936,-0.027649652461890793,0.006217849057852977,0.999578745478408,0.012103230077384246
96.48360061645508,18.069459647168966,-8.218522038502396,0.4646456032407618,0.0037291666880025984,-0.0293962436784485,-0.025969536763153715,0.999223467165237,-0.05223130654773096
96.59585046768188,18.09010531520527,-8.253171331003152,0.44483747838570936,0.005405127397845932,-0.029793257463427605,-0.05741472259332614,0.9978911243402571,-0.11536451957062596
96.69139671325684,18.110542007111686,-8.288104093380195,0.4295080113648814,0.004872873040444228,-0.02898528340936745,-0.08875246066677313,0.9956199622243436,-0.1782389307431998
96.79452514648438,18.132159334508106,-8.325236198932895,0.40880537631778274,0.0029182455720853815,-0.026941360772414366,-0.11937635672549486,0.9924791848585334,-0.239735099793126
96.88981652259827,18.15714257283342,-8.36388221678323,0.37907507929996237,0.0027188660343051996,-0.02680962706747322,-0.14981737412186094,0.9883463998392572,-0.3012277416401256
96.995689868927,18.180342956628447,-8.404459316506168,0.3558012771971855,1.4822801384595644e-05,-0.027674118020666248,-0.18008671404998342,0.9832613683018073,-0.3625621092040418
97.1000337600708,18.203515048234333,-8.453619368611912,0.3364917788345991,-0.0032405191961260133,-0.02581189476756531,-0.20957941823768367,0.9774455036343467,-0.42255116264791237
97.19487166404724,18.228556475417914,-8.49858992370872,0.3069431876294548,-0.007667810016011095,-0.028317709389719104,-0.23817796971299524,0.9707783303967354,-0.4811489124332492
97.29856634140015,18.251714563545157,-8.548918854527905,0.2765654629201121,-0.010696532788059127,-0.028444711122879905,-0.2680415727853782,0.9629279297300452,-0.5428140475541353
97.39412879943848,18.27585209406567,-8.599816874332069,0.2504820167490823,-0.011441268188306843,-0.028229786622038632,-0.29660180583494333,0.9545153457671427,-0.602398066940492
97.49490475654602,18.29244458135625,-8.644381198896912,0.2361460090511923,-0.012129190414375775,-0.026398467594954598,-0.3254139105176067,0.945125277669669,-0.6630230401992643
97.59788846969604,18.314487020898678,-8.695841772027297,0.20985005532818218,-0.016698030502724094,-0.028296465164055304,-0.35267884531608,0.9351674277385125,-0.7209061182071111
97.68965220451355,18.33443033767105,-8.748602915521102,0.19268989621245583,-0.021225473883135115,-0.02952438369566141,-0.3813193560898825,0.9237279570831584,-0.7823993334621794
97.78536057472229,18.35248066880865,-8.795029390034886,0.16803815278821949,-0.023646486824974014,-0.032534161624142556,-0.40820714076887693,0.9120029069106901,-0.8410481121777919
97.89192628860474,18.371429514339123,-8.837130921046668,0.145157033342957,-0.030140995500624622,-0.03539566456941209,-0.43586581778766675,0.8988101335678239,-0.9019935581381738
97.9834349155426,18.39115072333196,-8.884467846503158,0.12337939246239316,-0.036564693417606604,-0.03865622211794303,-0.46363576489489555,0.884426705384437,-0.9641869855963614
98.08963584899902,18.415413685750554,-8.926298735585947,0.1090499048664588,-0.041408536090524625,-0.04121499217412328,-0.4913164763519476,0.8690194345490974,-1.0273473427249684
98.19928789138794,18.42381382613817,-8.965028387467854,0.10240829369817411,-0.043691887939712425,-0.045571383574015314,-0.5182344960977111,0.8529051969485032,-1.0902952665999164
98.29347515106201,18.435057834727917,-8.998923320227775,0.09114314293888962,-0.0482066653000353,-0.04670267458699719,-0.5419387518620419,0.8377334700471766,-1.1464077049355847
98.39926624298096,18.448952702603684,-9.02407320193473,0.08682889668005071,-0.05943215305234376,-0.04624991010970897,-0.5621928748982801,0.8235702376919734,-1.1946100332401526
98.50077605247498,18.46542352831268,-9.044942311193768,0.08627471940379428,-0.06249389875243858,-0.04594786309322864,-0.5784899388589586,0.8119930400778349,-1.234431122098467
98.59842205047607,18.47261315119168,-9.05974371239203,0.07818891750360207,-0.060544351006060475,-0.04346705024882832,-0.5908560924922348,0.8033268793391196,-1.2650309376709987
98.69578003883362,18.48498774286002,-9.067025871770475,0.07824772414446554,-0.057932850194797145,-0.04115662175403521,-0.6001528374596321,0.7967223412477241,-1.2882497441885103
98.79561138153076,18.498560912892323,-9.06866692059685,0.0689743828469907,-0.05568625057829935,-0.03992632572366643,-0.60600944982809,0.7925007739616374,-1.3030184310896429
98.89464092254639,18.511809598522564,-9.07132587818216,0.06492058443309896,-0.05295675935345397,-0.03652490418333722,-0.6092418845352539,0.7903706972940677,-1.3109749608064385
99.00029969215393,18.517971673199188,-9.063087766802955,0.06497264437825265,-0.05093669074271054,-0.033475409751771205,-0.6110959383966232,0.7892063130470276,-1.3154705671735114
99.09465408325195,18.531932724831933,-9.049068865093899,0.057775119802360476,-0.04891064742273392,-0.03235908458217433,-0.6116279289419019,0.7889688933994373,-1.3167958641746642
99.20061087608337,18.542522022291735,-9.040603861441937,0.05758072498336318,-0.047116419846281704,-0.03183509336493043,-0.6108484793793598,0.7897029220227305,-1.3148325940842907
99.29439091682434,18.558066000492907,-9.030647837702375,0.05880166892773411,-0.04601948592180405,-0.030558920141880316,-0.609322500172032,0.7909958597232726,-1.3108905247980545
99.39527940750122,18.56952215054314,-9.013114716951247,0.05783218011658182,-0.04596574248513135,-0.031147594504381614,-0.608417621010705,0.7916722657249371,-1.3086490596196072
99.49868988990784,18.58076019467707,-9.000573630552152,0.06339543170767092,-0.04512060670310897,-0.030320119786636478,-0.6064999266757009,0.79322295738918,-1.303757946495442
99.5988039970398,18.58962380364799,-8.987465061387843,0.0661733487485763,-0.042931148167061686,-0.02972125604910095,-0.6047250016910438,0.7947208540020129,-1.299302958652686
99.70749354362488,18.596369158456895,-8.971110557836269,0.06289948697767703,-0.041348681782981005,-0.028549237007039537,-0.6037027440839947,0.7956244241893159,-1.2966873561842187
99.80222630500793,18.602008065477534,-8.94771941974163,0.06526050912122855,-0.04164134010412956,-0.027712460700398678,-0.60225037932458,0.7967386641300023,-1.2929599503389757
99.88246393203735,18.61056777371357,-8.923684388924668,0.06281050130074631,-0.04040505760283711,-0.02879939974501982,-0.6003291055421219,0.798212372074897,-1.2882535697453028
99.99752569198608,18.624265497276564,-8.895511614749338,0.06167788058922808,-0.03850678169267018,-0.02806672327078202,-0.5993947039581011,0.799034089182367,-1.2859156553284052
100.09628057479858,18.63459442163512,-8.873240201551502,0.06896070831537851,-0.036906224452942574,-0.026795486770570247,-0.5990201265293714,0.7994340626331187,-1.2849345139535482
100.19605350494385,18.648029445425113,-8.851453866886096,0.06872782617318296,-0.03662647352776937,-0.026641225603102617,-0.5985221376287407,0.7998249791695724,-1.2836845377629609
100.29561424255371,18.65462674291437,-8.82821677509977,0.06632930407203011,-0.03556128365398622,-0.02561161809615988,-0.5989074646210365,0.7996182144902523,-1.2846108367841027
100.39597511291504,18.662813379893116,-8.813083123024759,0.0692967478297017,-0.03410395698738574,-0.025850011323235316,-0.5986503738073105,0.7998665057200225,-1.2840260168143607
100.49890494346619,18.669841287348376,-8.793661857454063,0.07687021835882324,-0.03297669391237798,-0.02735189981852092,-0.5987345280931995,0.7998008352733452,-1.28437812201713
100.59913802146912,18.676440687112926,-8.776978574256532,0.08294170803868944,-0.029518647733958743,-0.02548038999079524,-0.5989370775575117,0.7998460953763185,-1.2848467067109717
100.69574403762817,18.688716013805564,-8.760388149861388,0.08449983268749989,-0.028925111206631927,-0.024273968099597743,-0.5997098096858717,0.7993261265471804,-1.28671480795728
100.79612970352173,18.697737148528766,-8.745060180898648,0.08716383563441396,-0.027855863631453308,-0.022955338045590117,-0.5998059719657793,0.7993309072660366,-1.2868969757150797
100.89616084098816,18.70262246400359,-8.731713424563836,0.09444520087027448,-0.026729101619871437,-0.022067695046720372,-0.5995848155712874,0.7995602672083355,-1.2863154458484034
100.9933226108551,18.698448536528,-8.719032395144563,0.09973233685276231,-0.0269647999602139,-0.021809951852783734,-0.5998791272598845,0.7993386380259647,-1.2870314546524988
101.09745526313782,18.70391548749001,-8.71236253487465,0.10252067916607491,-0.02602085560361747,-0.020071155656780876,-0.5998731775092466,0.7994199363846369,-1.2869392505167403
101.19092679023743,18.709356817033164,-8.705961181128298,0.10802476293896182,-0.02590962898206158,-0.019411120439123325,-0.6001063832992567,0.7992648048380433,-1.2874906766661813
101.29679679870605,18.710293282578462,-8.69643025889703,0.10583024971354349,-0.037087418103044605,-0.018810165404708923,-0.599689605249207,0.7991514740347713,-1.2861495377446661
101.3993718624115,18.715501066916396,-8.689978546595738,0.10548965006483313,-0.05042251284106075,-0.015663174688599547,-0.5987161128915803,0.7992191509976873,-1.2832252779950535
101.49597597122192,18.72708677476072,-8.689376727277804,0.10638510417293748,-0.052770565727741144,-0.012657345742719357,-0.595479864428996,0.8015352706220407,-1.275005736038852
101.59741759300232,18.740504459839183,-8.681026896482427,0.10944924883661723,-0.05265498281326048,-0.014675411153309054,-0.5908521011177946,0.8049260088337958,-1.2635096710434657
101.69763851165771,18.760256301164894,-8.6705014438339,0.11542457934023953,-0.05023779501104053,-0.01572027141664148,-0.5827837355393539,0.8109205599871125,-1.2436213264475364
101.79746222496033,18.78349280746456,-8.668793267964356,0.11808026024186785,-0.049137330719385544,-0.015677891540992746,-0.5700419771455908,0.8199950431182791,-1.2123856843182523
101.89805006980896,18.81228507110138,-8.660225255175698,0.12281464179788487,-0.04811579335798815,-0.014823383660501352,-0.5545917507234499,0.8305980542692619,-1.1749479653117996
101.99839663505554,18.833520718752908,-8.652308202429312,0.12215978719904574,-0.04558348019990935,-0.015570578696740767,-0.5348919134152581,0.8435462905939882,-1.1279595312228148
102.10055327415466,18.858106752472544,-8.642937494105743,0.12843746311021675,-0.042316905470517134,-0.015472190587119596,-0.5126651621921241,0.8574055763198407,-1.0757951319118682
102.1971344947815,18.894551407792004,-8.631116356078307,0.12714162481010383,-0.04118865548320103,-0.01689238143361536,-0.48853027664071197,0.8714105294947594,-1.0199859639819637
102.30328488349915,18.92819625445213,-8.625823941425509,0.12803717232063766,-0.040300366942833864,-0.018167233368990558,-0.46094721764529367,0.8863258399714249,-0.9572363391413924
102.38238334655762,18.96372990076358,-8.618661724716004,0.12607309388193347,-0.03755331595861726,-0.01851726663224618,-0.4341597320719254,0.8998623152150648,-0.8973520117929599
102.49211883544922,19.001450241615483,-8.611993541202898,0.1264528788797955,-0.03861257207262073,-0.019103529881473104,-0.4047603184494083,0.9134074715222872,-0.832426992776012
102.59747076034546,19.037712998821497,-8.597670947274787,0.12823273441152833,-0.034473604266806256,-0.021417752084202844,-0.3760672690705554,0.9257031163598456,-0.7701954398857779
102.69866943359375,19.07313591133699,-8.58366551724349,0.13297976009199514,-0.03292703430345078,-0.021892848577771896,-0.3462966569304852,0.937291384251397,-0.7063273392081033
102.7992856502533,19.111282068407515,-8.57199929825817,0.13050573617049688,-0.03105996980142162,-0.022656142323464863,-0.3171747386285769,0.9475875488137482,-0.6445944092373204
102.8960919380188,19.15305236287048,-8.551949986467116,0.13348092763228878,-0.03069966465592427,-0.023443350772373604,-0.28786905251352524,0.9568904579415256,-0.5830308929917424
102.99546599388123,19.200186473301414,-8.542620757002046,0.1330182584198433,-0.031091570316140023,-0.025132708599611166,-0.2581209398454141,0.9652850571862406,-0.5210563634927496
103.10027718544006,19.245850632152095,-8.523626306065754,0.13798295772046448,-0.02898488375849663,-0.025582935809479602,-0.22786499393291337,0.9729249377258391,-0.45870498563842277
103.19955277442932,19.298126141337242,-8.510192514168894,0.14771754113904303,-0.02676062501209384,-0.023804472935299952,-0.19762085863485016,0.9796240157579127,-0.39688511803566556
103.29966711997986,19.342587013289325,-8.499736797875213,0.15140451909146665,-0.025741658438129023,-0.023199004720029788,-0.16729638127308566,0.9852974647352875,-0.33520724527774043
103.39138340950012,19.38451997428599,-8.48261142685113,0.15758488617706692,-0.025635419612746294,-0.022547409619333953,-0.1354944988207976,0.9901897193821178,-0.2708295923120304
103.49600005149841,19.428505313033963,-8.46708690546538,0.16771520595234818,-0.022853275815864927,-0.022770082850198582,-0.10399530247431846,0.9940544392410077,-0.2074559833433334
103.594069480896,19.4763536271145,-8.450356594587166,0.17505272098920077,-0.02279523391480901,-0.023803827816462786,-0.07358607114405959,0.9967441222428326,-0.14631756336306356
103.70013570785522,19.530042826578097,-8.428133785095044,0.17725848250126086,-0.02057070057037114,-0.026893112140605697,-0.04239031643081783,0.9985272494380572,-0.08377605983081719
103.79847931861877,19.578094921215,-8.403692373917371,0.17956600191719685,-0.01870767148937196,-0.02862161479474139,-0.010906388128184246,0.9993557309046587,-0.02076381548656556
103.89569902420044,19.625792436096635,-8.380516715684875,0.1764242117431103,-0.017358089851982336,-0.029751613158179292,0.019267181556819876,0.9992208534383342,0.03961606160183695
103.9994604587555,19.681788466051604,-8.363345264225623,0.17486225643881909,-0.014432210647090203,-0.030319518686143382,0.050204018772168464,0.9981743307567083,0.10145071792084413
104.0968930721283,19.732188918525253,-8.342598124889792,0.17848283408477839,-0.012104709866218887,-0.031163155308143543,0.0798688040970272,0.9962446024357703,0.160875324541489
104.19424080848694,19.778107325205305,-8.323556373646259,0.1764758939032318,-0.011257701675910402,-0.031490330476348166,0.10671137205387028,0.9937274809090504,0.2148280974983621
104.29528760910034,19.824188238049658,-8.293364753497608,0.17575361884218113,-0.010646612770153689,-0.032727445085843264,0.1310793457670257,0.9907743280323548,0.26399576397495583
104.397625207901,19.863266183186685,-8.254329150623729,0.17344743682084135,-0.009708520010303917,-0.03376926863673622,0.15277551220348187,0.9876360787283509,0.30788638304107147
104.4989926815033,19.900843019432212,-8.230151792686796,0.17193400201257522,-0.009121129128608655,-0.036463649807075636,0.17505319778178577,0.9838412398311718,0.3532278326549375
104.59723281860352,19.941872334374377,-8.199064054564724,0.16874632413443985,-0.006483210251374802,-0.039179511160914726,0.1949148295831754,0.9800158892072056,0.39369853197016774
104.69525003433228,19.980016695710308,-8.171122611838616,0.16435032762592647,-0.005273400509100551,-0.04029909991182427,0.216152237292803,0.9755133951446711,0.4371723875804074
104.79837036132812,20.014678537359202,-8.132927574232763,0.17131571590327424,-0.004222317212567722,-0.040990703422410346,0.2366336746268874,0.9707246974826945,0.47928900304262584
104.89868831634521,20.047797555607843,-8.097452905092677,0.17453869014268916,-0.0028412519657416125,-0.0424123088242973,0.2581493024840178,0.9651694467680143,0.5238020214954334
104.9954776763916,20.074535591542336,-8.064409036805896,0.16942925249954632,-0.00263829405597342,-0.0429006602592533,0.2799332293654208,0.9590568074159325,0.5691695768960634
105.09775376319885,20.10173107935489,-8.034037638177244,0.16852436054157455,-0.0009525169055500602,-0.04402843796644002,0.3040148615289908,0.9516488603110332,0.6196240050715719
105.20111751556396,20.12486256147226,-7.998397546875705,0.1626920238547777,-0.0010433973640360781,-0.0451239471774813,0.3283654072234213,0.9434717272139432,0.6711965081184565
105.30593848228455,20.14265542556429,-7.97079160000119,0.1665053339257041,-0.0017163491366600813,-0.044503661103407643,0.35460631190626385,0.933954411012803,0.7271710101448885
105.38675141334534,20.16135519826918,-7.945665351927443,0.17022947042985162,-0.0014055778953788488,-0.04367621393440232,0.381716160712855,0.9232460047775859,0.785531734706935
105.49352765083313,20.17548926007559,-7.908666430756899,0.17327686549423985,0.000515962964348956,-0.041184275235892166,0.40855628460699367,0.9118033513667533,0.843744791642783
105.6004228591919,20.174673566072975,-7.870851527537573,0.17744213090042074,0.003955645421885066,-0.03887764905853881,0.43441736558514515,0.8998635639645822,0.9005026966919837
105.70253372192383,20.172096440732957,-7.835637012570546,0.17899255340643985,0.006161813450769767,-0.039202893383190926,0.45997001663112425,0.8870472078788971,0.957689109396803
105.7934045791626,20.170477701269025,-7.797795573141459,0.17976532240872117,0.008849360486956273,-0.03717004891417872,0.4846656457392947,0.8738645708133509,1.0135309705414988
105.89987277984619,20.173368378096598,-7.769170876425137,0.17203496716987718,0.010385430634240763,-0.03648842648371195,0.5081468988703978,0.8604344639376562,1.0676212967070728
105.98588013648987,20.171267130767628,-7.736925861045279,0.16923245539305048,0.010999449618922326,-0.036191631457972905,0.531084327413542,0.8464742258900722,1.1213833878495756
106.08950090408325,20.15812347039757,-7.705490934234126,0.1699108503920454,0.012184593949499513,-0.035162756978480945,0.5518654571537708,0.8331024147080703,1.1707859054803522
106.19700527191162,20.14758702407459,-7.67153457794075,0.1677369081001433,0.013614663970804089,-0.033316970144286494,0.5722039690707333,0.8193212057581972,1.2198434519746124
106.30090546607971,20.14106348039599,-7.642641434705524,0.17007698734218457,0.014628865578677517,-0.031347085831624585,0.5908035555906347,0.8060735172446801,1.265443972058177
106.40557289123535,20.136592163252427,-7.609771998094408,0.17263837032110307,0.015963521464380317,-0.030354216970473667,0.6080370481061571,0.7931675331384388,1.308466119303848
106.49661588668823,20.131427023303537,-7.574991950745859,0.175184091395267,0.01549509772630279,-0.028395200186790176,0.6233834428485485,0.7812468865442569,1.3473172766348867
106.59836864471436,20.124203283217845,-7.543288469341449,0.17751353768756806,0.01541985105240796,-0.025170023234336023,0.635376640748502,0.7716380126167021,1.3779496960497015
106.69734025001526,20.114074493014332,-7.510720141975242,0.18380246555057045,0.017645650020540624,-0.022809967429661907,0.6445798910207022,0.7639928667945468,1.401719585123889
106.79850006103516,20.100218977424188,-7.475076159755508,0.18540835138002013,0.01857496345707845,-0.020860184337558943,0.648983711257915,0.7602893961932355,1.4131290151086289
106.89915776252747,20.08439792097856,-7.436382594739071,0.1881655889506084,0.019851335068355163,-0.017180128438863455,0.6504799954341778,0.7590695246305046,1.4168206308823688
106.9998710155487,20.070795902758604,-7.400273114095541,0.1901360109623525,0.020128275326693205,-0.013943682697858863,0.6488750132435203,0.7605009161292414,1.4124247975161026
107.09863638877869,20.057826703829335,-7.365458471981902,0.1918152832015219,0.020785756538621466,-0.011391176724931602,0.6449570225159719,0.763851184803212,1.402030723305026
107.19438242912292,20.05053507210826,-7.325783631091193,0.18906623674985562,0.021482796358381143,-0.010170212979437529,0.6381201409967806,0.7695698421084509,1.3841436997850483
107.29941487312317,20.042240389458,-7.282327068271581,0.19009060064288402,0.023292677150342493,-0.009462021455704173,0.6306473078253584,0.7756622296294756,1.3647540082677359
107.39590120315552,20.039390845215905,-7.242525177396548,0.19438010704710645,0.023626952244091788,-0.00863371130079905,0.6211604664306536,0.783279580418437,1.3403826362398628
107.50216269493103,20.0390408617455,-7.1989964243132025,0.18657592220496397,0.024332113197096307,-0.008426990113744344,0.6101322144225524,0.7918810611631137,1.3123568794516935
107.59659147262573,20.039538945558718,-7.156691696560377,0.18175795347047516,0.024046955486082683,-0.008611888142506938,0.5988648183781098,0.8004426954026285,1.2840528818217687
107.69926619529724,20.045582093279574,-7.114471595369792,0.1769022755855283,0.025367553927634883,-0.009649625163756555,0.5861401515523909,0.809754959651417,1.2524299180335678
107.80099964141846,20.053158199606894,-7.069542080718139,0.18011856490224407,0.026766623377025275,-0.010945201957917686,0.5736990560842246,0.8185555225365978,1.2218543701356945
107.8965253829956,20.06545912110638,-7.023358230576484,0.18044454659245737,0.02660550727053915,-0.011528075997377615,0.5600122776851235,0.8279767504517238,1.1886070630572672
108.00192713737488,20.079891928568912,-6.974290464429274,0.1903165034362845,0.028138989759109907,-0.009240007242724915,0.5463943234223935,0.8370042191370818,1.1558218639711657
108.10282683372498,20.10075576464974,-6.930743108891268,0.18816970444140588,0.025496843103028653,-0.0074818211537076235,0.5317412186098309,0.846489934834039,1.1210526200377264
108.20401120185852,20.123212607636493,-6.880268420854516,0.1955092772916734,0.024121136042505133,-0.008002408161854399,0.5162843557759434,0.8560400669598645,1.0847643085084944
108.29922461509705,20.146423665084658,-6.829982698980095,0.19683463036101623,0.024098819087196556,-0.009471949724910663,0.4999516622204689,0.8656661391841555,1.0468191777320934
108.39886021614075,20.173753673457465,-6.777535117059134,0.1982633841277739,0.02296613488458156,-0.00917504846378926,0.48445486824714973,0.8744666121503938,1.011218989902938
108.49806475639343,20.202202154026626,-6.732018607586444,0.20076594563597394,0.020026560486594836,-0.00940867150415308,0.46887601506864907,0.8829868041307003,0.9758253408167727
108.59421014785767,20.233823481542807,-6.683060236340233,0.20574279237771564,0.01854277458287315,-0.010249201286873115,0.4557718763954267,0.889844433634746,0.9462921958138641
108.70005965232849,20.26980983080307,-6.636600240818679,0.20634933562886137,0.015937413562784025,-0.012452281099175413,0.44377438229088945,0.8959102841058894,0.9194954633390499
108.79569005966187,20.313080798375513,-6.591542446084536,0.2035397454604687,0.012808651333417515,-0.014744499539928636,0.4373575814643155,0.8990755719738028,0.9053106853203281
108.8984022140503,20.356276146705113,-6.5435827873445245,0.2073984342715783,0.011294924562088453,-0.0159273526602234,0.4352033579959126,0.9001204260016852,0.900587910234725
108.99787974357605,20.393960320435887,-6.492182786284179,0.20914627502696678,0.009795859428636696,-0.019981188750469944,0.4396738882024768,0.8978817657504179,0.9107131581646201
109.1001627445221,20.431639953733956,-6.445845396378811,0.21381670153480936,0.009138271166917377,-0.02201790873642232,0.44844299913438074,0.8934934696025014,0.9304118286949148
109.20038366317749,20.470588899296477,-6.393032753971485,0.21373878170180838,0.00834293040979691,-0.023805588214470343,0.46202152960871795,0.8865098959740726,0.9610583339850045
109.29927444458008,20.507240109084105,-6.340006277102231,0.21661211909185113,0.008650170158615751,-0.025879531234298588,0.47717238254212313,0.8783859867725541,0.995528981239443
109.40032052993774,20.5453815975453,-6.286191394659306,0.22182693538691275,0.009028678913681509,-0.028685387166976523,0.4939856102351957,0.8689498537894552,1.034222434949965
109.50008463859558,20.58111061416709,-6.226675694073236,0.21719388822254476,0.010727511061288999,-0.03081356916756615,0.5094837108965274,0.8598614962845407,1.0702154161656035
109.60041046142578,20.614381145649503,-6.169997682031877,0.21685136494408339,0.014966673560100553,-0.030314348497851258,0.5220377937368915,0.8522520641617801,1.0993843305650313
109.69714736938477,20.64825889430652,-6.12092946783532,0.21386219712242538,0.01368706390601069,-0.030433041336697983,0.5320740726188342,0.8460399964088218,1.1231027074669049
109.80267357826233,20.680276162753895,-6.0745571682097115,0.21924028125557599,0.013868371433297458,-0.03039511267387798,0.5408209413630786,0.8404739822162753,1.1438610669766751
109.9017882347107,20.711072999789817,-6.032154999042344,0.2259761565765598,0.01349859800594939,-0.030794754154784693,0.5459790435049442,0.8371238588296516,1.1562187218364322
110.00117039680481,20.745607332918308,-5.978513020866079,0.2208509945659426,0.013204799915969716,-0.032629529669365755,0.5497117950813442,0.8346124186717937,1.1653334362199221
110.09970569610596,20.776479498322384,-5.926607958944458,0.22329182770228892,0.013368677402962688,-0.03178057267478373,0.5527536143486129,0.8326312001657775,1.1725563580973382
110.20332980155945,20.806950881027568,-5.873588044467878,0.22785948941096335,0.014996325173417977,-0.031072215137143606,0.5545229479503125,0.8314529017775205,1.1766995847188255
110.30241823196411,20.831274131853135,-5.82426010355731,0.22613383507790769,0.015996170036919617,-0.030155636178161478,0.5562712341439943,0.8302993883020496,1.180802601220768
110.39816474914551,20.8566033196578,-5.772582111391389,0.230402698876692,0.014380935753968154,-0.03258513173538737,0.556704811130052,0.8299464748652655,1.1821152611678851
110.49907851219177,20.873619813490084,-5.7205009677271645,0.23014675070740026,0.016111866118149066,-0.03126638718600992,0.5561895097382418,0.8303108153334267,1.1806973474641427
110.59987497329712,20.892894549265613,-5.676671414470396,0.24251958927650633,0.014869075547359265,-0.02835685410469075,0.5559019497575377,0.8306309780362278,1.179799332797761
110.69978022575378,20.91257158342751,-5.63970508108969,0.25122420098022474,0.015108573457975324,-0.02692781124206076,0.5532663337078003,0.8324319719804771,1.1733376291507882
110.79341435432434,20.92846942385442,-5.600747199130291,0.2578412861543112,0.015181420290745685,-0.026414939542060974,0.5499659065638768,0.8346312221959578,1.1653717201749592
110.90350580215454,20.9472857336594,-5.558853152257986,0.2557003270294513,0.015529012367355564,-0.026623788031242938,0.545972797607202,0.8372357660532231,1.155813881743121
110.9973669052124,20.96548831258376,-5.515392361093943,0.26005103543747454,0.01665453372150209,-0.025978295946031398,0.5423941474852092,0.8395572305805322,1.147190467116749
111.09906482696533,20.98306296314048,-5.4617090658442775,0.2612600079156936,0.015662773628569483,-0.026083358846796967,0.5381148373435802,0.8423222410361855,1.1370406437986371
111.20883083343506,21.00018217811826,-5.405696864782685,0.26479992004346686,0.01338150332989518,-0.024677197279426397,0.5340556022834804,0.8449831862070944,1.1273838144786408
111.29432129859924,21.00998942904241,-5.34522839027908,0.2647175135529835,0.014333410797425247,-0.023485523521079032,0.5295490934923678,0.8478329676895472,1.1166264048188417
111.39523339271545,21.028447115985006,-5.296381566167594,0.2617317274153238,0.014885319849025138,-0.02420098932653256,0.5253637129304048,0.8504032622847754,1.1067869760272084
111.49537658691406,21.042763317829998,-5.253314043728597,0.26093597681754865,0.01500428558284494,-0.024437044594300125,0.5214549140201512,0.852796854420724,1.097610137389212
111.59562420845032,21.05746598661516,-5.211495554146098,0.26416568514668787,0.014308552302875414,-0.021755590686327354,0.5167188146509584,0.8557590935482915,1.0863852276688222
111.70264458656311,21.071152305955888,-5.170519642257438,0.26748285492419194,0.01416763664874061,-0.02009118967019393,0.5100853467852899,0.8597723891614315,1.0708317504179774
111.79756546020508,21.086063863563282,-5.12287217415107,0.2728472424563175,0.013326665147016841,-0.019247803079879777,0.5043710870640172,0.8631695827625757,1.057543303943904
111.89187526702881,21.104982553010945,-5.077496042586045,0.27891674771310865,0.014353561399432613,-0.019188334822252455,0.4971078656167849,0.8673577998864289,1.0407153247509808
111.99816298484802,21.12551158484737,-5.038699462598723,0.28700796092050496,0.014567755188326037,-0.018022543213363166,0.49052171184630494,0.8711207830446166,1.025502919651326
112.09690952301025,21.14345371640573,-4.996473872762344,0.28846434874837557,0.01475467419827706,-0.017711500748717423,0.4855977769237021,0.8738783676103268,1.0141942982630427
112.19883394241333,21.164701957829127,-4.948986377877114,0.28801649781548816,0.016275898845670066,-0.017206429504574287,0.4804645326713798,0.8766942835135532,1.0024006962319478
112.29430389404297,21.18907841420041,-4.903904671935279,0.2844722071995802,0.018601512470602235,-0.017394531000055113,0.475910684876436,0.8791248114150435,0.9919589284970315
112.39316964149475,21.209393990543767,-4.855189361944449,0.2864576486762976,0.017780923316152202,-0.01660917057962021,0.47206822639044665,0.8812261706572612,0.9832268062590146
112.49810338020325,21.233240384668807,-4.809005594828809,0.2902495303501025,0.01828575719612926,-0.016168499797384096,0.4687712098077606,0.8829823121407555,0.9757225419083642
112.59854412078857,21.26403570064685,-4.758981370278844,0.29394058026236347,0.018581636142396347,-0.017375644484493934,0.46467342170935383,0.8851166143135836,0.9664684707811639
112.6898398399353,21.29183218827557,-4.714657426435993,0.2978145984312386,0.016829794511184645,-0.017442296700455533,0.46021540611469053,0.8874763682922577,0.9564588483864308
112.79777884483337,21.318479327947905,-4.675092575583534,0.2972130963950645,0.015218261182598617,-0.016119135073646117,0.4552444144174344,0.8900905016641751,0.9452802700469305
112.89500093460083,21.354144435765974,-4.6321316093494245,0.296358921157755,0.014964726916407475,-0.01763429482521045,0.4499220076333296,0.892768321369844,0.9333813256602647
112.99835419654846,21.387258310202743,-4.58653377065722,0.2980458880652627,0.01428241166041115,-0.01575076556334677,0.4446099249863734,0.8954719095007629,0.9214649070528671
113.09645986557007,21.42257353716719,-4.544312627367521,0.3007203510658183,0.012721799883633504,-0.016771030867363236,0.43960535909096426,0.8979443282241228,0.9103679251144318
113.19732093811035,21.458342484806913,-4.500321060123909,0.29926642439823736,0.01112067921245422,-0.0182076633104147,0.4339871880662892,0.9006663822331461,0.8979570312423388
113.2983570098877,21.497669874856584,-4.458796258124413,0.29866759462595116,0.010103023827436074,-0.017484012763400177,0.4300935463514185,0.902558463255479,0.8893226808520379
113.39564394950867,21.53642652289074,-4.417002102043972,0.29826570816650877,0.0105833087806572,-0.017879550143387667,0.42652883883092124,0.9042352928897818,0.8814261854200094
113.4989686012268,21.57873974206218,-4.376896383842779,0.3003139599396474,0.010253836248199916,-0.019133744158069663,0.42357594644956,0.9056004506768137,0.8749476862425749
113.6018877029419,21.619890210624916,-4.3330867396032415,0.2993960584362738,0.01145222956098344,-0.019209267765763757,0.42018958343665475,0.9071607158829775,0.8674369260951339
113.69702887535095,21.659151587142084,-4.286246251656506,0.29678183406476244,0.011465939403213039,-0.020663538429505184,0.41612089675402103,0.9090021725484508,0.8585198944920845
113.79706001281738,21.70530169109976,-4.237836401260212,0.3043438357125743,0.010238981249024571,-0.020204630419178568,0.41263476011204486,0.9106148971545994,0.8508771308509819
113.89625859260559,21.75004459421805,-4.193587911911454,0.3042430580384556,0.009977165436414885,-0.02180959108612985,0.4086273139793206,0.9123861661470739,0.8421476139269706
114.00012135505676,21.78792054435616,-4.150917701399288,0.30632625842323663,0.009381388716158082,-0.022371209729439658,0.405067496005077,0.9139649020619854,0.8343898374531646
114.09948396682739,21.832032121335843,-4.112513275774235,0.3104942725636773,0.007601710790170929,-0.02276481744998623,0.4027044248730783,0.915015367776506,0.8292984539452137
114.20073914527893,21.875593871891745,-4.076001849436071,0.3127853378025627,0.008113668309035224,-0.022286647786334032,0.3993563862266621,0.9164889254633686,0.8219439940989828
114.29498243331909,21.918284197038574,-4.035510299705223,0.32329314807114046,0.010364695644204095,-0.023439920209234015,0.39782692306366596,0.9171024383952339,0.8185698049554357
114.40127658843994,21.957100850113374,-3.9951233600788685,0.3312840513384961,0.009733599076144394,-0.024231281436902227,0.39504576309890566,0.9182902303229377,0.8125618907470687
114.50031805038452,22.00061101987443,-3.9570321350932653,0.32806687017282943,0.008396677484826016,-0.026085165867146713,0.3928276733009023,0.9192037200848889,0.8078680950533547
114.59927225112915,22.043126272345535,-3.9197818327485314,0.33050044010642593,0.0037621193407175626,-0.02715021746271265,0.39241692582334675,0.9193789580347962,0.8072176477917316
114.69550108909607,22.08682325895327,-3.8770693701333805,0.3336075331220347,0.0023437716176574145,-0.02929893042724915,0.3938803227809429,0.9186916624942254,0.8105931614927786
114.79868984222412,22.130389401663674,-3.8410566643617656,0.3303781157955844,7.792950717721748e-05,-0.03045414986598216,0.3984475274121743,0.9166853912777584,0.8207263274372849
114.89432668685913,22.175147136762714,-3.804217622133006,0.33150904844424567,-0.0011687479182521366,-0.03196999925426904,0.40650491144178197,0.9130883364437937,0.8385163231027858
114.99208211898804,22.207203055138436,-3.76159756872505,0.3296678594057564,-0.0013702341979549343,-0.032290487312057116,0.41934931229890626,0.9072494701909872,0.8667913287212222
115.09613394737244,22.241053958346328,-3.7215458841221887,0.330683227826117,-0.002125276495226274,-0.03290288423011218,0.4353297547474822,0.899667098454009,0.9022689102027082
115.19833040237427,22.27115470836711,-3.685881777882426,0.32664937556621904,-0.0024640524550754504,-0.0346188824356573,0.45496662963009943,0.8898319096028376,0.9463539008101213
115.30482792854309,22.297005273795982,-3.6410571297491665,0.3300215740517185,-0.0028439735649867957,-0.03483995614713013,0.4774809232084819,0.8779465002162737,0.9973573605236068
115.39005732536316,22.318089709641004,-3.5942886979981368,0.3296137985615752,-0.0010442775712869105,-0.03448127486171697,0.5013145707295614,0.8645771523366208,1.0519934672585183
115.49287939071655,22.341106782357546,-3.5498270346415,0.3311026623782951,-0.0017229893450510974,-0.034397677502054455,0.5260488126333768,0.849756716841471,1.1097412536316575
115.59713935852051,22.358569001866176,-3.4980614128890033,0.3318672456421621,0.003247375776618451,-0.033934480577633014,0.5497680361247816,0.8346214782965944,1.165901682475344
115.694411277771,22.37157721207116,-3.4502599898389756,0.3297996899544793,0.007273087902856309,-0.030619989105753025,0.5701159521681238,0.820961216832412,1.2146564415550214
115.79466247558594,22.388723356796813,-3.400042587299691,0.32924208894986445,0.01306579153627037,-0.029340800438376027,0.5884838663448634,0.807870745585559,1.2595388462217212
115.89989233016968,22.402494573715867,-3.3465285526231656,0.3306771181679208,0.017428846162359412,-0.026602751063007756,0.6013776877920268,0.7983316388464409,1.2913433089639301
116.00406384468079,22.416703396357875,-3.2947385141348184,0.3294792368081598,0.021459905696921924,-0.023242451813686546,0.6103032141324417,0.7915360053091576,1.3134813029035064
116.08834028244019,22.4320490970735,-3.247657293006719,0.3307959861918519,0.027610234248806646,-0.021761361697271085,0.6139435846241041,0.7885666699783297,1.3224802262699562
116.19397115707397,22.446033722368686,-3.201026314990188,0.3300791936655106,0.030273690969006926,-0.018599017599744166,0.6103823240606943,0.7913096730444428,1.3132205630322027
116.29681062698364,22.459411031319608,-3.156811938292204,0.3322033455061955,0.03070966772128356,-0.017874652291900474,0.6023119097614743,0.797469608495131,1.2928399865630014
116.39866089820862,22.474502359225813,-3.123208873899772,0.336751295933894,0.03048289682746534,-0.014313320624667775,0.5889519847176379,0.8074660869354557,1.2593922307117054
116.48404431343079,22.488098596864038,-3.0766670975992487,0.337929058452888,0.030840285189418414,-0.012833585426587678,0.5718393058992113,0.8196852957832306,1.2172578983048472
116.59494161605835,22.50668582038447,-3.0365446836845518,0.33746909824545185,0.031118954010764987,-0.012040780401655252,0.5502983956400327,0.8343010883755342,1.1651241346709058
116.69543671607971,22.532943885568482,-3.0032402572270405,0.337418047124114,0.028687037201435554,-0.011373955100935121,0.5270778499068743,0.8492565143580071,1.1099954839641888
116.79540491104126,22.564283514855518,-2.9641059536444807,0.3350757776175293,0.02818203074175105,-0.010535031888316903,0.500595521479121,0.8651583150622955,1.0482077415684248
116.8949785232544,22.603951104586567,-2.931532136625042,0.33940840872621353,0.025791747537184256,-0.012001158630434041,0.4737906741986377,0.8801779109889691,0.9868394834113176
116.9944977760315,22.642898689359388,-2.894664054903222,0.34757568423608115,0.0240333535967742,-0.013226886938161465,0.44519331675273577,0.8950141664216918,0.9224492638673312
117.09993171691895,22.6854404565577,-2.8597819005313907,0.35226286879008406,0.022321165000713777,-0.01332070912419285,0.41670468529612154,0.9086701984513963,0.8593127183720373
117.19500184059143,22.729665963558066,-2.8279833411497672,0.34900474371205215,0.02101517143297814,-0.01242005028008152,0.38699557918217486,0.9217583884153894,0.794421169547087
117.29579997062683,22.77552410715138,-2.794514474275427,0.3464818324706429,0.019101184702842493,-0.01277706273274591,0.3575589164153311,0.933607793831417,0.7310094130452081
117.39692759513855,22.820715620653946,-2.767661449448709,0.34523119804562313,0.016345523746723108,-0.011784984469339298,0.3288265131712192,0.9441753344745671,0.669881053871774
117.4922993183136,22.873259903904057,-2.741836602062178,0.34738687408041463,0.016182821064230666,-0.011993843597064862,0.3005537382419132,0.9535521561230847,0.6102883474476094
117.59503889083862,22.926938223340642,-2.7194439716551884,0.3452271048261024,0.01360881225906156,-0.011717632658096803,0.27480921722208157,0.961331051950146,0.5565785589498782
117.70014953613281,22.986829743563643,-2.6934749474665534,0.3446499450828159,0.010652331183705895,-0.014879824078605136,0.2519569712829179,0.9675654000106046,0.5092668481887228
117.79416871070862,23.046368654367825,-2.6680447333835637,0.3435927585935818,0.007768387017502226,-0.015903194923671454,0.2329563101890068,0.9723261274374403,0.470175041459894
117.89697694778442,23.109386411175354,-2.6418776036673175,0.344818995884677,0.005748467060964994,-0.017776809790532373,0.21907372790800125,0.9755294162149142,0.4417446592844065
117.99742364883423,23.163407348964885,-2.615004664347744,0.33864579334275546,0.004534780687352958,-0.01940489907277103,0.2077120570592523,0.9779870075866587,0.41853906474835134
118.09555411338806,23.228072522024053,-2.592947016910255,0.342044013062646,0.002523597563175221,-0.02118610902747826,0.2001287111053122,0.9795372781221455,0.4031468602572331
118.19279074668884,23.29123499701876,-2.5645907899775997,0.34435199681864465,0.0014785148885001723,-0.0227697215656284,0.19464761207894987,0.9806078017665936,0.3920348159532779
118.29624533653259,23.357566074049494,-2.5443675562327295,0.3445791640680988,6.87134523359737e-05,-0.024345928824614428,0.19177249386386394,0.9811373918189861,0.3862718890657802
118.39865517616272,23.42671927576068,-2.528487945347933,0.34843435807357603,0.00036185340541147266,-0.02579095839991861,0.190834659086125,0.9812832559553888,0.38438636518814234
118.49948906898499,23.48815353645086,-2.4988352126267146,0.3552020952387432,0.0008221165489870959,-0.02724877923705857,0.19022929331251476,0.9813611181009216,0.38317144339558723
118.59739112854004,23.54727535713937,-2.4714888599449867,0.35325688595172056,0.0018847832900168262,-0.029271354234890398,0.18991066245283775,0.9813631212247226,0.3825251463420605
118.69350481033325,23.612949327553856,-2.4482251934014823,0.3540283356519356,0.0019406867388193244,-0.02937463458431613,0.18937059127699224,0.9814642855129381,0.3814236082171523
118.79505705833435,23.6792738072295,-2.4253345153177595,0.35824157109026905,0.00013990901660630367,-0.029064552299503325,0.1891339963365462,0.9815210459561546,0.381029960698828
118.88852858543396,23.74474041274142,-2.400141881510399,0.35783188471155175,-0.0002921773808826645,-0.03077821845829844,0.18791324985584892,0.9817032272685695,0.3786228027761501
118.98595333099365,23.8088016309459,-2.3858371641306615,0.3606024531937374,0.001322284676917329,-0.03129072206955433,0.18754461412402096,0.9817566704579456,0.3777949135945464
119.08857750892639,23.87212065849758,-2.3600498547737705,0.35818332392211144,0.00015454349073018776,-0.030462500504330827,0.18585043329292664,0.9821057115321978,0.3743811444788671
119.19603371620178,23.93550264089038,-2.3362659228546656,0.37214552567049874,0.0021767712098232418,-0.02895564842239934,0.1850084023070596,0.9823078555968733,0.3725058245601593
119.29819440841675,23.998270958323655,-2.316036818339422,0.376429010843268,0.0027928749935173585,-0.030762618464717062,0.18371885600493046,0.9824933806915467,0.36989446610691196
119.40075874328613,24.054081879822384,-2.2938937574501073,0.38073701231096463,0.003787401182736381,-0.0303216316110918,0.1832544323465525,0.9825904880844639,0.3688782549161577
119.48539972305298,24.11457329178405,-2.2771956274145313,0.39088323485249743,0.0027825602495683893,-0.02941052653597525,0.18275764492902072,0.9827140588733491,0.36789927935370365
119.5899338722229,24.16995686714569,-2.263846359853534,0.3892276337806447,0.00024193872113012716,-0.030772920220255878,0.182170265749478,0.9827853087646037,0.36688806369194193
119.6955919265747,24.226911062936566,-2.2356113913795084,0.3980052144546926,0.0002379333915738315,-0.031055550922586328,0.17870057161019157,0.9834132406322312,0.35983257807187347
119.79304933547974,24.2823290422181,-2.214183564562691,0.40493782325931105,-0.0010075610892896505,-0.02971742558264483,0.17726461275931804,0.9837139403813897,0.3569366973176024
119.89452242851257,24.338819944395485,-2.1966247407329424,0.4140065669592603,0.0010254798621663016,-0.02929807064567605,0.17423315107875584,0.984267941422792,0.3506443396129442
119.99537014961243,24.389445115936777,-2.1778110196342757,0.40999911730134875,0.0010369293866925764,-0.03060238724112508,0.17077743167510206,0.9848337359691975,0.34365555777422985
120.0970675945282,24.444321607833366,-2.160794089983937,0.4176214291650272,0.0005851910419369411,-0.0312301372170224,0.16806481347484517,0.985280952090578,0.3381882009368976
120.19464063644409,24.498491848692623,-2.147970227016415,0.42334449959273746,0.0008122195574712425,-0.030048469268024246,0.16561818031521278,0.9857317323405577,0.3331706481310977
120.29681205749512,24.549711781057656,-2.129436326876945,0.42323716578661214,-2.177851011674171e-05,-0.03111907299532497,0.1630967643312681,0.986119185639484,0.3281311531242837
120.39900088310242,24.597723615701145,-2.1102096265526242,0.4287894334938938,-7.354373865043147e-05,-0.029468597350262943,0.16148407891131225,0.9864352429935235,0.3248122441221394
120.50088167190552,24.651491431284263,-2.0935343999667877,0.4322388231905175,-0.0010249466806960812,-0.029391249120793987,0.1597125291558456,0.9867253984721708,0.3212687939262861
120.60372185707092,24.692447762088236,-2.074883373152756,0.434912570485837,-0.0018816064317184178,-0.030306078277459774,0.15776120214784825,0.9870103364572949,0.31738775357721205
120.69384264945984,24.74481806979904,-2.062614421714658,0.4378747128711642,-0.000519914763915237,-0.028415001982549006,0.15706890089994144,0.9871786452922563,0.3158515838120305
120.79456615447998,24.79358962224492,-2.048013589118771,0.45094453262721285,-0.003991403367744028,-0.027245135501097303,0.1541606748471942,0.987662015884655,0.31010330476696635
120.9045057296753,24.84163840224573,-2.034964899321178,0.4606224397410544,-0.00384930705051339,-0.027501240128793736,0.15265854713505886,0.9878887754262735,0.30706104791290517
121.00293183326721,24.89720689803651,-2.016505929827004,0.4637370745839419,-0.003474889589259432,-0.02933757993987435,0.1503945505307798,0.9881845529637967,0.3025154026762995
121.09308743476868,24.94682378588159,-2.001839511417933,0.4694593419859339,-0.0026928171083280945,-0.02784470736529026,0.14792272124094324,0.9886032012634982,0.2974209849984802
121.203204870224,24.996524123506525,-1.9891874355886074,0.47260057143864753,-4.535135878286685e-05,-0.026244713737922958,0.14583613970804102,0.9889605822777394,0.2930191482654804
121.29418516159058,25.04114945088713,-1.9792105905617847,0.46978415959762204,-0.00037970745405369434,-0.02475070912866531,0.14315435502373317,0.9893907665111983,0.28757625691020866
121.39606142044067,25.084865887599527,-1.966403032555945,0.47030020993961563,-0.0013607378655230637,-0.025014703641300862,0.14127914192791194,0.9896527760029333,0.28383661832157436
121.49825716018677,25.129256441444902,-1.952217467001299,0.47409100872663307,-0.0022984410187529523,-0.024479279891137087,0.13871515620380023,0.9900270640059543,0.2786842749122319
121.59618258476257,25.1796711250705,-1.9434987401491293,0.4754464819923181,-0.0015139277451797775,-0.024520302821911935,0.1370219778891507,0.9902633186923815,0.27522670216116846
121.69582462310791,25.227628503055296,-1.9346220655292605,0.4781754933744943,-0.0008299373069304171,-0.024386583880715466,0.1332135154215635,0.9907869423038054,0.2674976155098597
121.79577088356018,25.280928997020293,-1.9262274818540435,0.47535900860804237,-0.0014211956293066863,-0.02506346472594421,0.13078045299428198,0.9910934749323723,0.26262698231420434
121.90104031562805,25.329814347047805,-1.910998665179584,0.4773424343777588,-0.0019514911437791408,-0.024341334759047574,0.12664114312391062,0.9916479778493641,0.25428058384615587
121.99509596824646,25.37936432994282,-1.897690765268526,0.4808366827528656,-0.004332829767734976,-0.025755160606585996,0.12415054014452478,0.9919196246017897,0.249404421518677
122.10333561897278,25.42415714335228,-1.8864297126956413,0.4843009205753351,-0.004106333069800612,-0.025290272268371754,0.12105356605072147,0.9923152595338415,0.24313420949609726
122.20170855522156,25.474438830958984,-1.8728822079214336,0.48434435068815246,-0.004134623431768672,-0.024726795025536732,0.11950412968557347,0.9925171300712831,0.23999661777703485
122.29879903793335,25.52126415889717,-1.85725349098187,0.49201399602534834,-0.002293919261306826,-0.02241397831172016,0.11758006037561596,0.9928077764163267,0.23598181802402116
122.39897799491882,25.57357098145067,-1.8468862102030104,0.4931296108743197,-0.0027274200290697214,-0.022398324620153086,0.11644400716275446,0.9929409194056189,0.23371069972054645
122.50033640861511,25.627949098134327,-1.8367433252475096,0.4878634229608303,-0.004310360143379486,-0.023635104855008665,0.11466017619350606,0.9931142162959914,0.230214267238762
122.58686065673828,25.68387751205197,-1.822627230733522,0.48898383057900746,-0.00621945638510106,-0.024027980942367456,0.11285429294817514,0.9933015066218689,0.226673008729777
122.7010567188263,25.737866337420826,-1.8128852282464005,0.4927596010414558,-0.0033283919573404534,-0.02318888739099899,0.11120440315483737,0.9935214029035924,0.22319846595854384
122.79418992996216,25.79022028346671,-1.802633375304683,0.4986745553693275,-0.0062945058358130825,-0.022920616835863338,0.10884933095519901,0.9937740425623685,0.2185799794389515
122.89795231819153,25.84183986703673,-1.7942801139665467,0.5026982668431268,-0.008500669566823204,-0.02368566729750771,0.10624800820451974,0.9940211710693891,0.21346296149301125
122.99446892738342,25.891125421991454,-1.7869430795243237,0.5019007821231659,-0.008774667181125623,-0.024108967600512038,0.10320175768425913,0.994329502784654,0.2073581854481691
123.09671664237976,25.945115836727453,-1.780962835556973,0.5052032798155867,-0.007914764163508689,-0.02540436807217319,0.1013913438720537,0.9944907088449386,0.20371602407635525
123.19788813591003,25.998040473437218,-1.763703529418369,0.5014653150446385,-0.006153141429519901,-0.025901433769648825,0.09833919708367263,0.9947967917600877,0.1975039323583545
123.30105662345886,26.04850924321243,-1.7450621106549868,0.5002771112844915,-0.0045829744024550164,-0.025809668850004637,0.09539442534012221,0.9950943477648275,0.19150057194175632
123.3990707397461,26.101816612939103,-1.728471434343207,0.4975029546952104,-0.0036814103431617685,-0.027292250266389713,0.09249435245762073,0.9953322937877216,0.18565672855998808
123.49895477294922,26.149196042099714,-1.7088661426308174,0.4977107166015665,-0.0014802412795320691,-0.029551856586740914,0.08932757409159572,0.9955626957479582,0.17921375217748453
123.59610557556152,26.197546287837966,-1.6913878120792258,0.4942033620829657,-0.00010245341981928244,-0.03006117185396239,0.08608824938440131,0.995833886131614,0.17262946218682892
123.69551753997803,26.248744514801412,-1.6755899850528595,0.49387439338632405,6.701142275411826e-05,-0.02878602031543007,0.08394635000114153,0.9960544015591491,0.16829547468168493
123.7977352142334,26.298749524117948,-1.6611630069089438,0.49504726029197127,-0.0028841463360994015,-0.02754584842983318,0.08304101395594556,0.9961611807008749,0.1666188289213055
123.90309572219849,26.34733493871298,-1.6489663962731957,0.4933405698194085,-0.0036441764078732055,-0.02776135690872859,0.08396451466566368,0.9960752919924548,0.1685198341370487
123.99971747398376,26.398606763864297,-1.6357476751539566,0.49692646506193405,-0.003076573355605199,-0.02828517182729469,0.0864611542718317,0.9958488602961146,0.1735169532992164
124.09826326370239,26.448902569870473,-1.6268338974426098,0.4974076130398389,-0.0037613512158066243,-0.028395567707243535,0.09197193821027269,0.9953495398870994,0.18463572474172363
124.19919633865356,26.49865649353696,-1.6148197879451236,0.49602311584006725,-0.001829518304133542,-0.029403023027878828,0.09792233870963889,0.9947579256689698,0.19651837885296952
124.30629897117615,26.547561460549293,-1.6058741162433081,0.49876791668411635,-0.0018578385399921978,-0.03020159736994254,0.10563413160007262,0.9939445870838886,0.2120617241986626
124.39382863044739,26.59238879511999,-1.596630799691962,0.49705367305706427,-0.0027679408507769957,-0.030672541720563627,0.11381511014752183,0.9930244983835769,0.228610502546537
124.49594211578369,26.641349328532005,-1.5848563549590597,0.49499620837457026,-0.0034788540309707108,-0.030243082186641537,0.12449327229665456,0.9917533356169538,0.25017830412081404
124.60479211807251,26.685336128432105,-1.572982658528301,0.489547234642125,-0.0037579631587849557,-0.030338335280015262,0.13480938572319837,0.9903998650273881,0.27103218135965507
124.69409799575806,26.726898591637035,-1.5568993996813407,0.4870145911650288,-0.0030908595510940346,-0.03012982094244271,0.14702267679698972,0.9886692940435946,0.2956918995968094
124.79860997200012,26.7669579070955,-1.5353999129634528,0.48006571616866867,-0.0015962885902084892,-0.03102071483819863,0.15918989048603585,0.9867592137298277,0.3202922886785879
124.9048867225647,26.81283508292917,-1.5246552846926382,0.4877545742869749,-0.0021041047238783347,-0.03134192805316348,0.17108568657574,0.984755271190832,0.344489308789232
125.00026679039001,26.85449195462326,-1.5119516510407072,0.49530159756537834,2.3488261275671907e-05,-0.03218465327504002,0.18087320683888217,0.9829796694691534,0.36430715336989256
125.10203909873962,26.899887494105474,-1.5001009257592082,0.5042005928516837,0.0008872034146007123,-0.033471095668820054,0.18643934979379595,0.9818957518358538,0.3756421912661685
125.20134139060974,26.935173943298615,-1.4823142734283947,0.5090944581733692,0.00039988221623399344,-0.03283671411183519,0.1890588908682965,0.9814164896129474,0.3809920338472491
125.3040099143982,26.974639302964363,-1.4684800454102045,0.5114058478813465,0.0018346366386905674,-0.030440224276063577,0.1895656859850056,0.9813943537393423,0.3818598782103797
125.40053176879883,27.009544875416054,-1.4601412093151669,0.5124942209476727,0.003319779242055698,-0.02952495227470943,0.1902314120735266,0.9812895934022088,0.38310691455096246
125.50089287757874,27.04098805816687,-1.4532025346794553,0.5143238445715307,0.0022770901674193573,-0.02909292232665838,0.1906860950607277,0.981217218500244,0.38408009523146913
125.60291814804077,27.073024840640294,-1.4396612204097197,0.5233312651305327,0.0020468454061122465,-0.03001136838798092,0.19388040253033237,0.9805638774225985,0.3906390608181064
125.69601035118103,27.105056400725857,-1.424170541410288,0.5294393645238561,0.0034192980228371327,-0.030152543945617748,0.1957779880348368,0.9801786122414985,0.39444009863856305
125.79832100868225,27.139653567102133,-1.411842836620198,0.5370051408173921,0.0024832440282771813,-0.02964429942947782,0.1991937793899611,0.979508492695584,0.40145593416539604
125.89980983734131,27.17027252314865,-1.3977079585329328,0.5410757514554966,0.0008928088580713331,-0.031095059843646956,0.20438515231474683,0.97839614147795,0.4122098245487785
125.9954936504364,27.203519286254956,-1.386259823584802,0.5453207655630039,-0.0027818679248917595,-0.029402381159523233,0.21301116339053627,0.9766032999452792,0.43000823565970026
126.09843730926514,27.23400433618016,-1.3726760980599342,0.5540892384467899,-0.004125889734029915,-0.028722864393827287,0.2260503376818242,0.9736833257937869,0.45680740171135276
126.19988536834717,27.26228174324787,-1.3617244217422102,0.5579502702717256,-0.00458123510146253,-0.02996970035526862,0.24276050263623217,0.9696123801320631,0.49130768019446147
126.29814338684082,27.291622711354854,-1.3489055317038376,0.5691658447076992,-0.0037929910477649603,-0.02931751167407838,0.2615637784863789,0.9647333758671772,0.5301408078976289
126.3987762928009,27.317438507803438,-1.3307766149289235,0.5734147110304381,-0.0034295263266875048,-0.029902039827209518,0.28233709051803646,0.9588429869802233,0.5733772432366568
126.48715949058533,27.34177437369823,-1.31283712402125,0.583483114907209,-0.0026709319195186796,-0.030051478524416416,0.30189997655293804,0.9528620985843195,0.6143066368116016
126.5983624458313,27.36701611885258,-1.2938459033229863,0.5933466296237678,-0.0022430610105036736,-0.03034234514844124,0.3223069932576299,0.9461461371613912,0.6573142698843464
126.69580602645874,27.39345786720062,-1.2679025498126055,0.598782618443671,-0.001029796188272114,-0.029242484943556614,0.3394190932332476,0.9401800336865576,0.6935004410497851
126.80130815505981,27.41594624762128,-1.2386021219333876,0.6082521940160963,0.0012416221933700753,-0.025051160696381244,0.3555928476101901,0.9343043532225295,0.7277062421152135
126.89724326133728,27.439589519573172,-1.212692377262552,0.6112300950948554,0.005296270925077102,-0.025403413477907068,0.3676039427929447,0.9296203296728403,0.7533549755673671
126.998943567276,27.458580756027892,-1.1849800893297333,0.6146612078104873,0.0073018483597518495,-0.02520280045561381,0.3763421138723254,0.9261091270394841,0.7721120998602179
127.10147523880005,27.484183140197032,-1.158006781640314,0.6207569108767362,0.007032322424111724,-0.024823473468904334,0.37911613464579164,0.9249893502400425,0.7781039945151393
127.19722628593445,27.502502165612697,-1.1282923042297457,0.6213496943374502,0.007625329894081365,-0.023241979823431264,0.3793070141751526,0.9249474870042214,0.7784259965550547
127.30138921737671,27.52497396198289,-1.0997854400011113,0.6240159885977878,0.008884395433738748,-0.02199396389554342,0.37609373347043157,0.9262779478721334,0.7713842745228228
127.40307807922363,27.540984563733197,-1.0650351301915293,0.625862272593457,0.010090807346857194,-0.020438274994602622,0.37056581762345797,0.9285264817609629,0.759361919504587
127.4979932308197,27.564109138522525,-1.040780241948009,0.6306761814338486,0.011606484039119864,-0.017311183733989897,0.3633388145440232,0.9314239197549747,0.7436835953956438
127.59966468811035,27.587763159817307,-1.01806331054245,0.6367164127636429,0.011545588543124036,-0.017024160430373046,0.354336603809276,0.9348916774406231,0.7243787155452043
127.69743537902832,27.605169291701433,-0.9913874458989019,0.6422034878804266,0.012251764641826491,-0.017066921507982415,0.3433543656168352,0.9389709229072338,0.7009048832201383
127.7979576587677,27.631895331969506,-0.9658873853653023,0.6480617092662895,0.010830323547856582,-0.01693134678388837,0.33278752334530054,0.942787620778738,0.6784794135103527
127.89676332473755,27.66115918368779,-0.9388912205475163,0.6536378978028962,0.013186086760060048,-0.01481184610767107,0.3196803855047612,0.947317891446354,0.6506336694601464
127.99614334106445,27.68874010730754,-0.9055861007669832,0.652655674585492,0.014960853773004127,-0.015450523141026776,0.3038309845888053,0.9524831688764104,0.6172013330881656
128.09621620178223,27.71709807358211,-0.8765684476484472,0.6534075195036977,0.014712347904501542,-0.017096447821149434,0.2864228779175454,0.9578377698214173,0.5807553766051493
128.19893980026245,27.755366450193502,-0.8435197821914702,0.6482389397209429,0.016155155703018155,-0.017116713641154243,0.2667561168111197,0.9634766230699063,0.5397463756130089
128.29712915420532,27.797515650188885,-0.813035843967841,0.6469385356054742,0.015588466748983173,-0.01932484372216495,0.24356876464290464,0.9695657827140246,0.4917725798942641
128.39942145347595,27.838462690623736,-0.7901651353334198,0.6521276590197241,0.013743229772960094,-0.01822396566323765,0.21952534677572164,0.9753397525139186,0.4423815449165809
128.49482011795044,27.873733134986004,-0.770164465979376,0.650604219661824,0.01364466797107395,-0.017162413290692964,0.1925131775203968,0.9810494131729547,0.38714656359771293
128.59735870361328,27.913140079660717,-0.7518769160649199,0.6480179423285419,0.01502431772180731,-0.018171308933218694,0.1634709085193988,0.9862663613225842,0.3280243748521224
128.69549322128296,27.952646200606367,-0.7375217881362888,0.6413775266352815,0.014056596775493296,-0.019439799308456036,0.1334560373410806,0.9907643475555398,0.26730857673525876
128.7989752292633,28.003382718756868,-0.7247085714742966,0.6436805479241442,0.013530121891420218,-0.01635591145637599,0.10349104926295823,0.9944038529111231,0.2069842864758691
128.89847040176392,28.046281544451517,-0.7106935200432032,0.6409938578987481,0.010711585803401369,-0.017434586330506624,0.07303024522874846,0.9971197924075569,0.14587913231900607
128.99826884269714,28.088999080379555,-0.7067556710711175,0.6401720885109577,0.009827201533127602,-0.016282919747204333,0.0423573282285232,0.9989214931013721,0.08445056477915061
129.09914445877075,28.131364871691506,-0.6969885395561605,0.6319918736643159,0.009558749801059477,-0.013637223883304997,0.012513347019726477,0.9997830127449462,0.024772460756114507
129.20003128051758,28.173704852438302,-0.688408974481874,0.6289226292127895,0.007378143654565171,-0.012842272385242062,-0.015065383616640423,0.9997768117198355,-0.030328022550417076
129.3002369403839,28.226910681906553,-0.6838593686722854,0.6221939814000392,0.005590681350649065,-0.012374144642452758,-0.04099002186226963,0.9990672864898209,-0.08215850419517433
129.40001368522644,28.27821336616346,-0.6822073706683713,0.617996684947451,0.002320302319138704,-0.013328602226796904,-0.06209324133223143,0.9979786540506189,-0.12436057025945771
129.49935293197632,28.33309053077464,-0.6863776954859665,0.6143956155842897,-0.0021301507472783828,-0.013384464718336991,-0.07998412954315885,0.9967039969736354,-0.16012559997365297
129.60207438468933,28.389321677182714,-0.6912496441901966,0.6092462195127041,-0.0024495813350666985,-0.014391785048708285,-0.09246809992353623,0.9956086211814991,-0.18518828315846103
129.6967043876648,28.455139190675595,-0.7001024860535472,0.6066516581920679,-0.002984910167433786,-0.01480823623390518,-0.10033857747798974,0.9948386684888292,-0.20099380376274922
129.79939603805542,28.51519565378494,-0.7161381665549222,0.6089151414777445,-0.0007674378545297205,-0.016879706167691355,-0.10307763973963817,0.9945297817282985,-0.20658467121516624
129.89855980873108,28.588170096672368,-0.7279364048645465,0.6072063553524327,-0.0010754814089972758,-0.02069798907234899,-0.10314809372828211,0.9944500527167371,-0.20675248001401422
129.99958109855652,28.657884038177528,-0.7385886686553688,0.6085705824297403,-0.003798706183037371,-0.02281089363444007,-0.10087687873397413,0.9946301263785571,-0.202083484574564
130.0997269153595,28.720764439594365,-0.7544669830971054,0.6053030935883487,-0.005595663887226322,-0.023375101226469467,-0.09857409349323948,0.9948394047685786,-0.19737051239770406
130.1980721950531,28.78699927975047,-0.7677406698368621,0.5988689035256488,-0.0045690109820752224,-0.024608159996105092,-0.09957240727845404,0.9947154861109911,-0.1994334402592339
130.30007600784302,28.844952226345058,-0.77948104233664,0.5967218150159823,-0.005089864938627651,-0.027147777811320484,-0.10278109861890745,0.9943204398992832,-0.20587948042977694
130.39668941497803,28.903207679260323,-0.7957739923315031,0.5926197686547275,-0.0055077007888759254,-0.027120473176717834,-0.10747296864671312,0.993822774028123,-0.21530343044868963
130.50140595436096,28.96869532482731,-0.8119339009143274,0.5874653349919429,-0.005753186624688473,-0.02830922589697677,-0.11094049161875898,0.9934071148789723,-0.222283415761399
130.59866738319397,29.027446545682288,-0.8287685068691949,0.5833548639569581,-0.007047869128884104,-0.029463641830300643,-0.11253688473232637,0.9931856175587628,-0.22543352659270038
130.7018280029297,29.08559052946208,-0.8469425574045891,0.5822716261339059,-0.009135614046787062,-0.031127441609193025,-0.1115294781216627,0.9932314928780521,-0.223283270972241
130.79580354690552,29.144394997626282,-0.8650184468872303,0.5798984633682751,-0.008577451129096504,-0.03377013840585981,-0.10616342467560942,0.9937380602278063,-0.21251577744795944
130.9007284641266,29.205064956612,-0.8829717281797996,0.5861722841817412,-0.010403401993934604,-0.0339495673958055,-0.0982807470647315,0.9945250579331767,-0.19651445250620622
131.0011887550354,29.26265369113594,-0.8963431058826349,0.5843918089228747,-0.012235962903419892,-0.03470186045801853,-0.08866391919599062,0.9953817215146084,-0.17703051942822426
131.1017141342163,29.31313595432225,-0.9157655000626324,0.5808488990463655,-0.014484011614605883,-0.036130921359145134,-0.07909286757780705,0.996106966257945,-0.15760847963689759
131.20220708847046,29.363111048583274,-0.9331876980180989,0.5764180569159831,-0.015160027976082045,-0.03670802020187018,-0.06873985174995619,0.9968437829399437,-0.13674527027598654
131.29329895973206,29.409056343637005,-0.9466605772112378,0.5669704868793064,-0.016587788513651794,-0.036014933882047226,-0.05685045223992262,0.997595005946709,-0.11277796417111294
131.39490723609924,29.452142533986976,-0.9541257062779679,0.5701448763893225,-0.01723092905351585,-0.03635268171960769,-0.04469787703944694,0.9981902010157744,-0.0883386713148882
131.5017466545105,29.49434545296927,-0.9655957518129596,0.5775230669594428,-0.01842488831232736,-0.036351723819465095,-0.032961257032698484,0.9986253707977061,-0.06471393635968646
131.6046097278595,29.537719411287235,-0.9811184363618326,0.5814077266892423,-0.017183292387337047,-0.0352578791709193,-0.02063604571367292,0.9990174022690512,-0.0401323158204419
131.70010232925415,29.582436709303096,-0.9888668946997714,0.5856151959790812,-0.016689417177447693,-0.03253304442802089,-0.008108860656332683,0.9992984092619069,-0.015153339987705136
131.79049444198608,29.6274545352573,-0.9968513503580624,0.5928108698033974,-0.018345967328116507,-0.032580401351274144,0.00528712123480585,0.9992867402700959,0.011787276468751823
131.89625883102417,29.667154901338613,-1.0015043514848738,0.5959961483029934,-0.016512479199184874,-0.032437375878306314,0.01716582998758922,0.9991899163610806,0.035455773875136126
131.9973487854004,29.700182570659724,-0.998983037794238,0.5983207424919891,-0.01433170003017444,-0.0314102043236139,0.028902111146790522,0.9989858204248209,0.05879256717536653
132.09829664230347,29.732743507033046,-0.9979434490301533,0.605079187342048,-0.016439588520253914,-0.02979620559730077,0.04079839289295985,0.9985877113196616,0.08269529601802608
132.19907927513123,29.767459758872405,-0.9964453968382426,0.6042095576937028,-0.016203418710984456,-0.03013699662061838,0.05201290977279985,0.9980600522382067,0.10517406402553385
132.3008017539978,29.801053779183984,-0.9949599785075782,0.6050006024956497,-0.013672263535170811,-0.029835314518079706,0.0640317162757477,0.997408072219297,0.12912082944423758
132.4000210762024,29.829261724015343,-0.9847471556106625,0.6107347936279253,-0.012991527823029248,-0.028303299296230305,0.07381777209482761,0.9967853730752311,0.14866353945245261
132.4987916946411,29.85905312666874,-0.9756559429336348,0.613477430850789,-0.01255880423237656,-0.02933980681779907,0.08366545287698986,0.9959827027448996,0.16845758096880012
132.60261869430542,29.888589584220362,-0.9653613113793481,0.6172980572727784,-0.013483200633249082,-0.027142486828040765,0.09326145951569313,0.9951802795868073,0.18770385072999052
132.70309686660767,29.921125671429923,-0.9533319579156251,0.6175345901257125,-0.01310432158739149,-0.026828390017069912,0.10115368005325834,0.9944226703251033,0.20354478051573457
132.7981743812561,29.95112459514772,-0.9437125795038006,0.6195507836071794,-0.011517740177289373,-0.02589910618006049,0.1082565499857972,0.9937188220746627,0.21772510328280306
132.89945149421692,29.980210548882738,-0.9332337997313042,0.6238482738142779,-0.010618536402852131,-0.025224181951061776,0.1138276072721442,0.9931234883700312,0.22887655179932032
132.994366645813,30.009660961754157,-0.9120408152560309,0.6268218225505471,-0.007853810207641773,-0.023405421761823607,0.11691174171971756,0.992835408587665,0.23490221269518358
133.08937764167786,30.04075648097659,-0.8941120257031209,0.631010586850637,-0.007166246987088141,-0.025539760512439724,0.11655551390024402,0.9928298835734838,0.2342205775191339
133.19989013671875,30.068953667911565,-0.8796119121201643,0.6319883737668366,-0.003087901980588047,-0.02481160869991493,0.1114557816774462,0.9934548090707247,0.2237298850164505
133.2895221710205,30.097959222083933,-0.8640993083982755,0.6325756404437322,-0.001412529118997927,-0.02479836556245286,0.1002882617372954,0.9946483350333577,0.20116773488687653
133.39437890052795,30.13033882713503,-0.8451276991457167,0.6402338779074238,-0.0005971413963483115,-0.022925497945458086,0.08624893167257154,0.9960096318567635,0.1728753760476955
133.49971413612366,30.160093729485215,-0.8313705963794439,0.6371562654873179,0.001380764578106361,-0.021983084261198955,0.06708496765798991,0.9975041075654131,0.13430770501961614
133.60745882987976,30.191172133078304,-0.8159566063244841,0.6341805654980716,0.003209449749827649,-0.02065659153363489,0.04486653317338168,0.9987742481960165,0.08968802628843313
133.6904399394989,30.229178368868325,-0.8051887475598137,0.6323344636703538,0.003742995215043391,-0.019715555681151346,0.02039704212501433,0.9995905399330037,0.04067284574633083
133.79467606544495,30.263609715300355,-0.7949689634225657,0.6226365461185155,0.004806015642984874,-0.019707223868203685,-0.0060050730515552,0.9997762082779793,-0.012206640856383963
133.89300560951233,30.29946151660378,-0.7829949343863625,0.6168987307365286,0.005256624286830163,-0.017984779241428335,-0.034477674728409166,0.9992298061817743,-0.06919028408945502
133.99686312675476,30.33570419245125,-0.7762243946319273,0.6182548697802296,0.00431517962155779,-0.01579141943705095,-0.062132068342652155,0.9979336733372919,-0.12452484760457214
134.09901690483093,30.375141727848543,-0.7755229861242054,0.6188036043868241,0.004047035663076829,-0.012073747591638635,-0.0886027045792406,0.9959856459119675,-0.17757157960807607
134.19499611854553,30.413673158736845,-0.7795468353463441,0.6214895821109376,0.0015599021465419842,-0.010133406434911096,-0.11460483045874059,0.9933582503884696,-0.2297801508883111
134.29545950889587,30.45309303423355,-0.7799396452181849,0.6228191317241508,0.0016425172159338275,-0.008355403003722348,-0.1377642530749657,0.9904284426209384,-0.2764623910166339
134.3956458568573,30.497442190757198,-0.7942389187797748,0.6185906890075578,-0.0005058947691069466,-0.00862822088699035,-0.1596534158893936,0.9871352919785901,-0.32070629693353875
134.48298454284668,30.547075313862187,-0.8072881105767624,0.6109489653529803,-0.0035359866083786466,-0.008936212330440403,-0.17982493712513242,0.9836516827087894,-0.3615985679268521
134.59669470787048,30.599943300274955,-0.8231919096233925,0.6053487212580164,-0.0014985372259625118,-0.00981372404238511,-0.19804301012644238,0.9801430565721823,-0.3987512958928555
134.6943962574005,30.653665273157166,-0.8433710870950663,0.6042890559834814,0.00027907442065042853,-0.011959441008134241,-0.21402777472207796,0.9767543219949202,-0.43149008201807015
134.79775094985962,30.70518396191326,-0.8677150565778711,0.6048666257305255,-0.0013120149513452149,-0.012638388366527123,-0.22815176211637495,0.973542666347735,-0.4604362527589839
134.89418148994446,30.753731963250353,-0.8872324746168344,0.6041947724693729,-0.004391231194822201,-0.013941309686998403,-0.24051526005945975,0.9705352990238609,-0.48581973669812684
134.99673533439636,30.809542874085544,-0.9177304587735161,0.6104936320277619,-0.004842429922229419,-0.015421930700699124,-0.2518629572055707,0.9676279066426184,-0.5092516956104453
135.08684635162354,30.869671429276533,-0.9460977252833667,0.6140089489085535,-0.006322521640310353,-0.017928626988861992,-0.2616453346325518,0.9649768437218699,-0.5294975453932795
135.19267988204956,30.92340382853396,-0.9780559384356383,0.6238340712405523,-0.006838346279484203,-0.018238751967255093,-0.2717322173914855,0.9621757568024385,-0.5504291088070244
135.2968521118164,30.977145444823527,-1.0129864064419025,0.6370476746769143,-0.009879593435099983,-0.020708840540322182,-0.282480882870931,0.9589984819432678,-0.5727493154477792
135.39912486076355,31.03285237838341,-1.0448640110414733,0.6479147407863028,-0.011854337176065276,-0.021801913334779047,-0.2938088064406503,0.9555420119089372,-0.5963677751335456
135.49744129180908,31.08746952660815,-1.084129335472319,0.6610116827475565,-0.013873635047700226,-0.02273289748610367,-0.3063037699109637,0.9515612109374683,-0.62252022319455
135.5973620414734,31.145382471685917,-1.1247182338562578,0.6797118881309654,-0.014561688559034926,-0.024376588570246764,-0.3200487850044071,0.9469754560563802,-0.6515014593235464
135.69619512557983,31.19683931618465,-1.1703794663726137,0.6993264872962375,-0.015230309228434623,-0.026671564026837104,-0.33473539236909955,0.9418114898686858,-0.6826559273357279
135.80036807060242,31.248045540180023,-1.2227579938243571,0.7266311805049247,-0.01811749530696113,-0.025318504876841532,-0.34928083889107964,0.9365007342539285,-0.7134791500258822
135.8983073234558,31.29784120416745,-1.273449262480584,0.7490489372307786,-0.017734415034881837,-0.026131190341248216,-0.364228900959814,0.9307738496113468,-0.7455682419605157
135.9954903125763,31.34282761552817,-1.318305448155419,0.763169804431777,-0.02011516353562403,-0.026149265970595678,-0.37998501053959577,0.9244041258293677,-0.7794550240909615
136.09884667396545,31.38860032587002,-1.367662332424285,0.7859023635559599,-0.021325521959346717,-0.026812962657302413,-0.3942112755462509,0.9183810523845194,-0.810325312788957
136.1973316669464,31.427740790713823,-1.4073785597885968,0.8008203906630182,-0.025999436409286977,-0.02462463757039815,-0.40576662062358193,0.9132749345726313,-0.8352928790730366
136.29720163345337,31.47199395749281,-1.4526659446532548,0.8155386426394532,-0.027875556476227508,-0.02463425177361823,-0.41538397319894627,0.908885175256012,-0.8563325355647443
136.39581322669983,31.515368230202007,-1.4975267561036316,0.830564287993383,-0.027893249320802425,-0.02433614943571361,-0.42002975864244346,0.906755049794453,-0.8665691598627987
136.50183415412903,31.56191907077476,-1.5378920275487902,0.8413380284487438,-0.030464583070456658,-0.023954051685700008,-0.4188009088796242,0.9072507433492589,-0.8637230936293266
136.6013102531433,31.604453471516646,-1.580408392973697,0.8539076679652831,-0.030561890987158925,-0.023513664525127036,-0.4116129731999236,0.9105426067424894,-0.8478802967317994
136.6980800628662,31.648719923738753,-1.621725166048719,0.8599509553702753,-0.033078639099619375,-0.02370935478707605,-0.40053412032357494,0.9153775661373386,-0.8234655732013075
136.80032658576965,31.688451761810377,-1.6607765234372318,0.8596458700822037,-0.03356229585944911,-0.02593045820482834,-0.3866568696013857,0.9212478758857399,-0.7932153120174814
136.9004683494568,31.731797888856228,-1.6939571431028768,0.8588199384210777,-0.03132325508769285,-0.029918172106358942,-0.37217994085670253,0.9271493128360863,-0.7620486776793565
137.00110578536987,31.771231449429102,-1.7300240684692616,0.8589061570821165,-0.030930847385868755,-0.03115993666095723,-0.358789578463149,0.9323853170302036,-0.7332582645601997
137.0985553264618,31.81077015161423,-1.7625216486871345,0.8580910408427356,-0.02631680813557826,-0.031244625588309583,-0.348250367541029,0.9365110146116488,-0.7109659759600584
137.1992642879486,31.852174635806243,-1.7924450053358951,0.8450867857374822,-0.023872948314150516,-0.030963618752384386,-0.3434684717841809,0.9383500122783536,-0.7008943840918878
137.29874563217163,31.89588469760167,-1.827049061619756,0.8359108278775297,-0.021081933520317737,-0.03260123252752354,-0.34438215130473704,0.9380264631551993,-0.7030649784030618
137.39921951293945,31.931145967481093,-1.8692078131747196,0.827349330731333,-0.01906248938973842,-0.032087743246756055,-0.3518986754999395,0.9352937081008215,-0.7192396922563707
137.50155305862427,31.962271282991974,-1.9073096704015584,0.8218333718989048,-0.018205940043472393,-0.029731548060998328,-0.3646698188521806,0.9304840149166174,-0.7466129420250729
137.5994837284088,31.9916185568952,-1.9489892410451781,0.8201052948303504,-0.017790264577146272,-0.030341743413469686,-0.381121703553119,0.9238555797166973,-0.7821885885485865
137.7042636871338,32.01858385163098,-1.9954256867589855,0.8161634329922121,-0.019240253475249724,-0.028468495343010755,-0.3989890960763119,0.9163116602070065,-0.8209175065863045
137.7921543121338,32.0381027500952,-2.035551254870851,0.8183727181717498,-0.019461703205509863,-0.027070220817424686,-0.41809292545649795,0.9077922399626821,-0.862785182099443
137.89622402191162,32.066079699385924,-2.0760277630061523,0.8196133058501709,-0.020300927556844383,-0.026431793781483953,-0.43601100335377274,0.8993239892120422,-0.9024207122928362
137.9986891746521,32.08871748834184,-2.1189495053447347,0.8151267063368784,-0.023353088958033574,-0.024686177476875987,-0.45238873661241313,0.8911731912843446,-0.9388402063071309
138.10405230522156,32.11217458117023,-2.159463461168014,0.8082060611350171,-0.03035388770555613,-0.021777249037048224,-0.4661312316697808,0.8839265058745268,-0.9694435924495923
138.1913390159607,32.13079842446874,-2.209775412142302,0.8003832142760161,-0.04086040561770439,-0.01840612742909017,-0.47500056640937566,0.8788436172815919,-0.9890729396661777
138.29630947113037,32.15523909543347,-2.25462556978644,0.8003565768708137,-0.04850732841232528,-0.015343301386026712,-0.4795194853764724,0.8760551839565585,-0.9990386103202888
138.39711046218872,32.179795758860756,-2.300516637122628,0.7988239874155787,-0.05207650979649793,-0.014817095703333453,-0.4783481308796638,0.8764996043845459,-0.9962065807178525
138.50347304344177,32.205231145511135,-2.3428292659949754,0.794785297491139,-0.05523940820540663,-0.013370352690674754,-0.4726475014780329,0.8794169550313528,-0.9831022423190405
138.59934735298157,32.23900488351362,-2.379281831148127,0.7930627969544154,-0.05813357292399316,-0.013805726470288266,-0.46275479348412746,0.8844704012702636,-0.9605236991128665
138.70085430145264,32.2766045450366,-2.415508380057606,0.7965964904236728,-0.0572649158740412,-0.015627809996773875,-0.44803230521356097,0.892044592186773,-0.9273828167888656
138.8028748035431,32.31808946364591,-2.440807967819427,0.7944979566623576,-0.058312036536754076,-0.01615055188382151,-0.43081350374861366,0.9004102348688777,-0.8889031531055293
138.89851450920105,32.362325575059984,-2.4631914399876913,0.7974266889845767,-0.055145656339270564,-0.016596372152560154,-0.41016095473923864,0.9101931158966656,-0.8434628568597566
139.00274085998535,32.410887749430366,-2.4810578863639243,0.7921355366112975,-0.05406224716720099,-0.018349131397507896,-0.38820483808903905,0.9198030150485769,-0.7954960687452636
139.0987389087677,32.45880578274728,-2.495893953237505,0.7868463201010522,-0.04901241589462802,-0.019651193080004462,-0.36371926743720684,0.9300107032683259,-0.7428160032346038
139.19980716705322,32.5114293449776,-2.500389309705783,0.7854563181304224,-0.04451028370151465,-0.023234278215843774,-0.33602151963386867,0.9405150404451516,-0.6837601517613667
139.29833054542542,32.56280832915716,-2.5033001898429625,0.7907905546514045,-0.04030008208657564,-0.024649057304392485,-0.3083951449997202,0.9500846077578678,-0.6255250487359748
139.39802241325378,32.611708655954736,-2.504575430114037,0.7880734163894817,-0.03599396863017751,-0.026963937430883687,-0.28088610153807186,0.9586867988364173,-0.5680813866940491
139.5053608417511,32.66018626506738,-2.5064278135604705,0.7801244501552002,-0.032082911910959945,-0.028161310521075903,-0.2507685482069131,0.9671053523702814,-0.5057225690005682
139.58982515335083,32.71141514254602,-2.503134949203204,0.7725046278044483,-0.03251052881101012,-0.02825749604937548,-0.22031027208413786,0.9744783032205803,-0.44291065125836904
139.69527339935303,32.762412382153784,-2.5069890579435534,0.76669061398376,-0.030194470248288658,-0.027644975651104842,-0.1723118078156594,0.9841913889965581,-0.34502208458316713
139.79644989967346,32.810805288994246,-2.511797705994938,0.765449994849411,-0.027103766442036114,-0.024868191860300815,-0.10692337036163627,0.9935866100893084,-0.21305802750841993
139.89636778831482,32.858350851870874,-2.509810750747008,0.773936891450834,-0.025136756942224017,-0.01795672936175085,-0.06968650175530601,0.997090512839313,-0.13861503054417415
139.9996063709259,32.90438305958043,-2.506600196316079,0.7814930709820448,-0.022122397379144513,-0.017630225154741958,-0.04610584345720722,0.9985359412130801,-0.09148761114640126
140.09445691108704,32.949376068203506,-2.502795236878442,0.7796233705918136,-0.01749098619386774,-0.02000179169459915,-0.03450098940270469,0.9990513877980483,-0.06834793244977239
140.19486331939697,32.99650811341305,-2.5044512741203384,0.7748190130084984,-0.017863003003474705,-0.01999257093825688,-0.032092817445479656,0.9991252480542105,-0.06351154317144765
140.29414916038513,33.044248615555404,-2.505479411577137,0.7729690819705591,-0.01804452692363575,-0.017004070214257015,-0.03531832915377672,0.9990685022910272,-0.07005800071927973
140.3960156440735,33.0927782785446,-2.5062105546086637,0.7639608114622455,-0.018765819376846033,-0.01561062045245734,-0.04204773071659183,0.9988173711413862,-0.08355209515666892
140.49804759025574,33.14079848064499,-2.5075543714249138,0.7566423022270168,-0.018820944059561435,-0.014036119963753448,-0.050070464645927695,0.9984696830506227,-0.0996688005113061
140.59681057929993,33.189644965149306,-2.514973022785449,0.7445518945738777,-0.01788757728944913,-0.013850250961934563,-0.06040897122202199,0.9979173118665206,-0.1204149722636952
140.69435620307922,33.24041087045649,-2.509161305904201,0.7266896931865542,-0.016229152443371562,-0.014807069591590154,-0.0695214036406399,0.9973385281522592,-0.13870637123992782
140.79759812355042,33.28936921621901,-2.5058485418119445,0.7040240720376559,-0.015853369475211414,-0.018200104783386815,-0.07673959987558507,0.9967589782254741,-0.15311664612377548
140.88363695144653,33.342804014487065,-2.5050629952003924,0.683935681120757,-0.015848386708656556,-0.020077903777365288,-0.08288180124562615,0.9962310542444058,-0.1654053226250161
140.99590229988098,33.39904463007754,-2.502719935943861,0.661113572300407,-0.0144491893942712,-0.021527279257250013,-0.08571044508834985,0.9959826889943347,-0.17111928977639718
141.09957432746887,33.45561162561831,-2.5027900995311985,0.6350491404688761,-0.011459125845612568,-0.022918512597617128,-0.08759883328191499,0.9958262271213861,-0.1750313536562893
141.1985228061676,33.51200114477963,-2.5048931626839326,0.6204141569909475,-0.012185388108606575,-0.022822576086078846,-0.08913984690396423,0.9956830489826447,-0.17809481703355015
141.2997453212738,33.569553303738985,-2.501680795723097,0.6105852544067967,-0.010538280977585752,-0.023347234830719703,-0.09033558766061989,0.9955819066565077,-0.18057096071683368
141.3949475288391,33.62420061376746,-2.5071601010019204,0.6033351559271761,-0.011163835712823662,-0.02260913372750168,-0.09270775590798085,0.9953740341393156,-0.18531615768023532
141.4995560646057,33.67532705901665,-2.5118558963559963,0.5950656142733084,-0.011745884725439582,-0.022875162662048566,-0.09568183383299081,0.995079769566017,-0.19126582681121493
141.59659719467163,33.73155920021437,-2.5174539671434437,0.594023726899632,-0.009733729123269494,-0.023176106991448467,-0.10021359619093526,0.9946483588286645,-0.20047359107041376
141.7049057483673,33.783215101725474,-2.524699435282029,0.5925857078132143,-0.007502051679801579,-0.02246919240492299,-0.1051372688385379,0.9941755425046611,-0.21048712254164262
141.8015170097351,33.84008504556227,-2.530792636907934,0.5926027262942886,-0.006112716791179745,-0.021497560033629445,-0.11041174102060057,0.9936346094268412,-0.2211668269978367
141.8967125415802,33.89569777627194,-2.536766181343903,0.5924921237005929,-0.003414435749963244,-0.021946825385057135,-0.11655034893540873,0.9929364001017696,-0.23365260585823383
141.99760103225708,33.94947909626545,-2.550875022484089,0.5892817809282274,-0.006038558593445954,-0.023831311365962515,-0.12105361292284976,0.9923414871943109,-0.2426244150454578
142.08695244789124,34.011348144441605,-2.561849753910963,0.5956180291852091,-0.005962082925515019,-0.02353109412690235,-0.12419491831307096,0.9919608678983208,-0.24896229217396873
142.18993043899536,34.06937677133654,-2.5725007527388937,0.5999327981862104,-0.005858371856904104,-0.024747035594565377,-0.12684593808263284,0.9915963753969679,-0.25432463511615416
142.30208826065063,34.12167304689188,-2.581190788890168,0.6071018817304338,-0.00710159091741461,-0.02575602064803278,-0.12803642408368054,0.9914095364251263,-0.2566715366935925
142.39889430999756,34.1692323525044,-2.5980548972693724,0.6149243524348352,-0.00817420021112393,-0.02577032830505916,-0.12814687718655024,0.9913866301788082,-0.2568390017601729
142.49705576896667,34.21955522469528,-2.6162985394366736,0.6280915111040101,-0.0078693960639824,-0.026138343637190482,-0.12676823739781737,0.9915566920678529,-0.2540735778730945
142.5995683670044,34.265621021908636,-2.6298938012053754,0.6321919131979655,-0.007865453874783586,-0.026360630486547614,-0.12613122790173725,0.991632071457804,-0.2527890799537839
142.7023322582245,34.31747200724489,-2.6424203035431124,0.6475800527336129,-0.010870164732049464,-0.02570386941054944,-0.12688879417305574,0.9915242732930604,-0.2541584979633398
142.79270386695862,34.36063318880588,-2.6613064811910587,0.6574996790094377,-0.010030842759912348,-0.02516640110498548,-0.12625462364213066,0.9916278558299645,-0.2529226424484719
142.8951268196106,34.40396066641634,-2.683782683813717,0.6716191664320963,-0.009654481744472457,-0.025898119952926808,-0.1287761831162501,0.9912884408824505,-0.258032433348661
142.99589705467224,34.4486428445714,-2.705470104219426,0.6858787546509455,-0.010791116449010117,-0.026769478286241304,-0.13084084344081404,0.9909831585479961,-0.2621413322702463
143.1014268398285,34.49797871825397,-2.730505648611051,0.7078234623699414,-0.01265961081774153,-0.026587404345560003,-0.13331988632290517,0.990635478919949,-0.26704726537561607
143.1954333782196,34.54417200792567,-2.7564164936386923,0.7317054896748504,-0.011891423855878777,-0.026693902201823192,-0.13628009522977902,0.9902392464793959,-0.27307085894809446
143.29662799835205,34.58568048966403,-2.7810091110781987,0.7489624409655857,-0.014834051622955266,-0.02745531738525506,-0.13953866584872485,0.9897247684042672,-0.27949203088238705
143.3982973098755,34.630249536663136,-2.8026467640139114,0.7674635229135156,-0.01634087444016769,-0.027492584425532273,-0.14235602600633446,0.9892986887102496,-0.2851042845485015
143.50159740447998,34.673974212615654,-2.821632451379575,0.7888848708747026,-0.01660524586414678,-0.026764877074978304,-0.14469970503360913,0.9889741667648043,-0.2898375527806555
143.6023907661438,34.720091816641435,-2.843292905816818,0.8015362713843006,-0.017661909428307344,-0.027325250038033856,-0.14637017401156424,0.9886946747229549,-0.29315333176196695
143.7015039920807,34.76484797845388,-2.8655711989958794,0.8102257055332858,-0.018235769568873482,-0.028631886593277606,-0.14770713698017593,0.9884484171991273,-0.2958135580138669
143.80697464942932,34.80789934542771,-2.8940056703049364,0.8221433987791527,-0.019177345471915047,-0.02838949700036428,-0.1478909150461418,0.9884101087744561,-0.2961317888441879
143.89683890342712,34.845359261316425,-2.9178383242734878,0.8277609414176724,-0.020643591557579326,-0.027037573737200372,-0.14751585225743125,0.9884745242376118,-0.29530469900980877
143.99662590026855,34.88525691005269,-2.9421596038319047,0.836014033036324,-0.02242301151759281,-0.026901993327330554,-0.14790790710031115,0.9883808690614686,-0.29599787584957515
144.09136939048767,34.92146428466746,-2.9642481390228848,0.8457508707720343,-0.0258810376366801,-0.02764427696714813,-0.147793935314894,0.9882929315369756,-0.29554588187335984
144.1968674659729,34.96109504387919,-2.9878064267776305,0.8500415555844069,-0.0270347336153001,-0.028236928917020735,-0.1470868958731626,0.9883507697604542,-0.2940283018121372
144.2994613647461,35.001552664348274,-3.00949276124728,0.854351376726297,-0.028638935649467172,-0.028518149913691036,-0.14619302528200961,0.9884301320018829,-0.2921105754261495
144.4002616405487,35.03786602042131,-3.02385147399146,0.8617730244586067,-0.02801719823667319,-0.026957787046740515,-0.1447496521604454,0.9887041278966826,-0.28927467622049313
144.50878357887268,35.0791445131315,-3.0374853336232914,0.8593167077586297,-0.025602506188548254,-0.026202059934956064,-0.14409486316532874,0.9888855515889569,-0.2881128089241476
144.59988617897034,35.11417780185187,-3.0544545489037507,0.8578091981613215,-0.025290519790919428,-0.025037508113493416,-0.14348835389562806,0.9890119337462491,-0.28693470773758406
144.69312644004822,35.14579652021406,-3.0665713845248814,0.855314679382014,-0.025455967807481557,-0.025245998862857156,-0.14312953297541184,0.9890543817377493,-0.28619400402596723
144.79842400550842,35.183982577866985,-3.0763878648031913,0.8557725282156294,-0.024431299443101347,-0.024260442200934644,-0.14367796928150867,0.9890253706022301,-0.28738564457536364
144.89949107170105,35.22339492972023,-3.086231215056539,0.8542673154581382,-0.024526638860707314,-0.024280397400500968,-0.14597350396842565,0.9886863215537323,-0.2920243676671151
144.99947452545166,35.26629615238367,-3.10050485193089,0.8512204753464314,-0.02437603093696907,-0.02423898780242568,-0.14749714217968235,0.9884649076395683,-0.2951170074306004
145.09845113754272,35.31069389277225,-3.1109529542575762,0.8478963425984697,-0.022272729424775352,-0.0231920544626044,-0.14964988351185332,0.988216052540467,-0.2996091821559331
145.1974048614502,35.35112458741373,-3.1154729705003366,0.844004255999868,-0.021286205732408973,-0.02331509439041814,-0.15043236412527863,0.9881160901648971,-0.3012410211367309
145.29519653320312,35.38918525427886,-3.1202762487148794,0.8316310260858519,-0.020575634896205196,-0.021920718347259414,-0.15095748107841023,0.9880829743813115,-0.30236680199049376
145.3989679813385,35.43130582207281,-3.132979047824631,0.8255200814189868,-0.022795273217003344,-0.022061810221050568,-0.1506619009180121,0.9880762337292116,-0.301657904748305
145.4984486103058,35.469901532342966,-3.1450382814488584,0.8236519803643255,-0.022498219841113647,-0.021023140653332086,-0.1483446359233105,0.9884562340608873,-0.2970064687529286
145.59811186790466,35.511562241264805,-3.1546239502942104,0.8175105498280666,-0.02270784806433462,-0.02106986006070325,-0.14528023746155508,0.9889054895370051,-0.29079523631209947
145.69863367080688,35.55922137429776,-3.162826515034149,0.8117434805179167,-0.024165254543253897,-0.021718022250419695,-0.13952953296923676,0.989684736374052,-0.279080371246579
145.8036448955536,35.60428360403058,-3.1716586521447656,0.8003471020028514,-0.02408937338849142,-0.023010359876467015,-0.1334545010148926,0.9904948872089,-0.266773270224709
145.91036987304688,35.648391407941155,-3.1837834305604997,0.7900525467185616,-0.023696934699230728,-0.023303294096865403,-0.12473774446834171,0.9916329496719267,-0.24918992618583158
146.00153970718384,35.69582803159751,-3.19014181847576,0.7756323806856151,-0.02519921158893177,-0.02490970544209925,-0.11451942913580121,0.9927889033729649,-0.22845971615980626
146.10166215896606,35.74307684715115,-3.1965243664736827,0.7595280948211379,-0.024557749771012397,-0.0252686880630994,-0.10388422219683638,0.9939650289161649,-0.20706498804954293
146.19446992874146,35.78691621248124,-3.205661863554369,0.7568240561641659,-0.023753652264307697,-0.024059985619884015,-0.09163719651399316,0.9952183204257914,-0.182514491516326
146.2884349822998,35.833789867723304,-3.2081392847460353,0.7548646588244743,-0.021330191600773783,-0.02506206017060749,-0.08043639750677445,0.9962162927910843,-0.16010525363701378
146.3933620452881,35.881215791842216,-3.2117826216888585,0.7451802139601797,-0.021449643425511797,-0.02558226613008583,-0.07237333354077818,0.9968187202539703,-0.14389484213155565
146.4992663860321,35.93092999659385,-3.213301758495156,0.7462632175964307,-0.019214640603067476,-0.025141557317238494,-0.06829439572257447,0.9971632640621331,-0.13584119461639954
146.5950391292572,35.97871560432788,-3.216860287236124,0.7421391117892324,-0.01859131011457794,-0.02502240391170953,-0.06750126307838822,0.9972320802970215,-0.13428572023397214
146.70134139060974,36.02051106070657,-3.2218455427232184,0.7419458588780573,-0.017797527055573432,-0.02464322107303165,-0.06877625353845923,0.9971688857134811,-0.13689483818030876
146.79957604408264,36.06594594786003,-3.2246138481318654,0.736763045814569,-0.018692507488519226,-0.02627356086089244,-0.07087027487734046,0.9969642392294173,-0.14100785567658264
146.89918303489685,36.110597437067874,-3.223122645611958,0.734285673307417,-0.01907626704570063,-0.025829634779794195,-0.07031648208885033,0.997007782491888,-0.13988733311974016
146.9972951412201,36.15646591642965,-3.2266111618406104,0.7295844438043543,-0.018656190383346583,-0.027016528528075134,-0.06797339904645507,0.9971467649091298,-0.13517678632660263
147.08927011489868,36.204123903651215,-3.2326577805467647,0.7265418942077664,-0.020690095622044054,-0.025113401766961325,-0.06282948068920625,0.997493705920577,-0.1248015272490345
147.1972141265869,36.254958242283,-3.232177501320755,0.7354449159706568,-0.01774744009309425,-0.025505364588428843,-0.05653702922571242,0.9979168648107338,-0.11232627190973717
147.30727314949036,36.29932519288326,-3.229175166534955,0.7326260531868177,-0.015764969154175495,-0.02799538087383327,-0.05043418356371287,0.9982104575316563,-0.10013772830809425
147.398996591568,36.344766400995326,-3.231388786496761,0.7326754451734315,-0.012261504106164332,-0.031924137526346555,-0.04362868910226831,0.9984623390230956,-0.08663060664187339
147.50257682800293,36.38593943410517,-3.2290325205543415,0.7351127297071555,-0.007921986168894156,-0.03543494525600057,-0.04065124127551341,0.9985134367511557,-0.08091479465736733
147.59848070144653,36.43084282383305,-3.226210819593821,0.7378327294706007,-0.004310634059499079,-0.037711068159867786,-0.04401396066739512,0.9983096037996508,-0.08791899748489905
147.700998544693,36.467084661603955,-3.231150431686633,0.7373623153833128,-0.0016159775220553334,-0.03948300895119856,-0.05210780665471095,0.9978593373348986,-0.10437969942262619
147.8012731075287,36.50575445284979,-3.2398908254606495,0.7422029371144,-0.0011351936041071062,-0.039240293938369586,-0.06532559688438033,0.9970915088690762,-0.13095805297948565
147.90496611595154,36.53497653920484,-3.2540526330254997,0.7510162940355335,0.0007009428734726545,-0.037864116879995365,-0.08368227295200216,0.9957726118575329,-0.16797342914825344
148.00342345237732,36.567066567468835,-3.2703649781194124,0.7486631751535255,0.0009686909396070081,-0.03728692463829764,-0.10612343926650505,0.9936531399473006,-0.2131609789075044
148.1004297733307,36.601176582326005,-3.293117166129051,0.7601596151833774,0.0010589646375232088,-0.03503455965415384,-0.13213774926726085,0.9906114644210001,-0.26560857012286315
148.19730234146118,36.62461130872541,-3.311629084026897,0.7675291844686378,0.0019342099917046705,-0.03476364711669486,-0.15934527720249855,0.9866087523958587,-0.32075877348063747
148.2993712425232,36.65051904156622,-3.3355558254177033,0.7654835275825588,0.0009037467505124634,-0.03313624189748686,-0.19017534602826788,0.9811903538446303,-0.3833609827066683
148.40046787261963,36.67720384148323,-3.3625348027823625,0.7658355412939484,0.00040448985466764315,-0.03011752411916901,-0.22064941815374245,0.9748879963346064,-0.4455790957378095
148.49955868721008,36.70050992773082,-3.3956758512814287,0.7607851722935266,-0.0017005789634140526,-0.03127122681375896,-0.25098433342562415,0.9674844095796308,-0.5080302433028556
148.58538031578064,36.72398146417305,-3.4332148237121562,0.7617197133907785,-0.004409555207571769,-0.02910942775337183,-0.28278150779549843,0.9587324005621418,-0.5738752784815414
148.69140672683716,36.74187532381747,-3.4698763545529863,0.7662569133631367,-0.0061488660356781985,-0.02747496112819425,-0.31314409105666746,0.949288205021938,-0.6374205225816489
148.79683184623718,36.76250750872667,-3.5035539462427336,0.7691545493391494,-0.007370797654165853,-0.026002374686296164,-0.34410402444917837,0.9385424701154946,-0.7029461914856077
148.9007785320282,36.779350768563916,-3.548826612027982,0.7737387274253762,-0.00816226539717157,-0.02469784540857073,-0.3733717648851345,0.9273170542173375,-0.7656403784557155
148.99649119377136,36.79435390691873,-3.597486777063711,0.776770827496903,-0.010874395517798433,-0.024261847711918704,-0.4014855433582493,0.915479365546847,-0.8265751886978395
149.09988927841187,36.80371145201437,-3.65137925337212,0.7717675760209745,-0.013539420087510159,-0.02335872078180107,-0.43020708854286166,0.9023263906340134,-0.8896750308837525
149.19905352592468,36.814559263820875,-3.702592865409626,0.7668089278039527,-0.01632787683014013,-0.02174603749934088,-0.457272777063597,0.888910635355345,-0.9499873087399665
149.29964995384216,36.83360750055857,-3.7667070526058954,0.768298702523577,-0.019267252907207412,-0.01963698292167283,-0.4847490177579006,0.8742205394806818,-1.0121829479810964
149.39636325836182,36.844822394655495,-3.8293169747261158,0.7685447989289362,-0.02242154618430177,-0.01803043536425888,-0.5118888264627134,0.8585697449886681,-1.0747162828203667
149.49667954444885,36.85587130524685,-3.884179740554036,0.758242223661301,-0.0248494225964599,-0.016591227718439766,-0.5371362650245374,0.8429661144760846,-1.133986116785693
149.60145092010498,36.873965800392334,-3.9441971675818177,0.7531561138464687,-0.026262045085079844,-0.017367752021720195,-0.5607539567757941,0.827383626945779,-1.19056459577647
149.6997742652893,36.890480484990896,-4.012444928978068,0.7446192225680853,-0.028260520312417395,-0.01632065169291265,-0.5817598773545917,0.8127056197789951,-1.241741255663803
149.8001742362976,36.90921568109114,-4.072453224043313,0.7449614597643976,-0.029849668880080085,-0.01662084437983889,-0.5991311347235359,0.7999216387901624,-1.284834612099667
149.90377116203308,36.9263636250485,-4.140321372004645,0.7429953342933939,-0.03194964578110137,-0.015371348478285612,-0.6123581580214118,0.7897850518242575,-1.3180482702676248
149.99908089637756,36.94110407697405,-4.210358470635375,0.738576723917661,-0.035830926594031705,-0.015203719432530132,-0.6190794167321804,0.784363224146424,-1.335055799843425
150.1025631427765,36.95969078265483,-4.279407299971641,0.7288208712308585,-0.037709868233210896,-0.017703443450067465,-0.6214226070929247,0.7823672394225596,-1.341107084822836
150.20185256004333,36.984408951158855,-4.348582529228808,0.7230567329041837,-0.041408820074744376,-0.0195746352682424,-0.6167180383704606,0.7858504975010348,-1.3290955404623799
150.29884815216064,37.006548848039735,-4.422595224174246,0.7172502370173436,-0.04666883435259924,-0.022333023202673535,-0.6069629523741332,0.793044280239177,-1.304341589613709
150.40006613731384,37.02619423939966,-4.487851776679471,0.7166666725455766,-0.054027715394731585,-0.022589877448629777,-0.5918271034998289,0.8039349370248096,-1.2661324077033789
150.50351572036743,37.04824329089188,-4.544969521867095,0.7096232936657652,-0.05862471817417569,-0.026089240483728366,-0.5724424654686758,0.8174301913179648,-1.2181900600087991
150.5994839668274,37.071961760515165,-4.595911765851811,0.7112129225569446,-0.06272397544612683,-0.025518870855861495,-0.5505687480354955,0.8320387874499017,-1.164826838688227
150.7045075893402,37.10059270758842,-4.640557178282447,0.7155195781403871,-0.06553079814084521,-0.025592390422345897,-0.5255194425419274,0.8478679493635292,-1.104939206550188
150.8023657798767,37.14136441075884,-4.686713116181056,0.7144747819149577,-0.06731788342496771,-0.025849140440927,-0.49995110804002474,0.8630463568541374,-1.0449844528870234
150.89941573143005,37.17474027183425,-4.7205919379705366,0.7119986915966161,-0.06660281403581855,-0.0268490271354938,-0.47226418876974485,0.8785270234375505,-0.9813874787952298
151.0057783126831,37.20918902380071,-4.751148356518694,0.7112022787479778,-0.06631988594938823,-0.026920545094589993,-0.4434593569706887,0.8934320095533926,-0.9163401649410391
151.09969305992126,37.25163533834812,-4.774534421685855,0.7146880181583862,-0.06429425908725189,-0.027454749524452208,-0.41404436377679343,0.9075680414170837,-0.8511245518037148
151.19786071777344,37.29880451039343,-4.79640201356792,0.7080862431257445,-0.06455600454963603,-0.02713205713004719,-0.38327093800530676,0.9209776120150867,-0.783785282367752
151.29650735855103,37.34285913175253,-4.805394312587374,0.7057394751805063,-0.06054189750489406,-0.02651889060264018,-0.35273600031984514,0.9333856336831365,-0.7182531851152372
151.39850330352783,37.398673194512085,-4.8079974224677064,0.6997185459755942,-0.055673785385334275,-0.026911935339525083,-0.321742311212764,0.9448058332443857,-0.6526034896839723
151.49887609481812,37.4501290318659,-4.8120767966307865,0.6871849419469414,-0.0522624276827328,-0.026179666740596567,-0.2910475655159513,0.9549212419405573,-0.5882619282716879
151.59835290908813,37.503062539211655,-4.81035650843533,0.67938387214653,-0.04771338642379478,-0.025604255894064787,-0.2604410021125106,0.9639700925105074,-0.5248153003550499
151.69875478744507,37.561132017470264,-4.8054016554187395,0.6717320925429443,-0.043318087420682126,-0.02521553235328928,-0.23084857415178764,0.9716978213634324,-0.46398151026105977
151.80138158798218,37.61291711277668,-4.795315357167677,0.6713778211150742,-0.03777634434640719,-0.025517868578742484,-0.1998494908719659,0.9787655322850493,-0.40075097235239715
151.90118956565857,37.6607307552267,-4.780631589930768,0.6713776837907216,-0.034574070261470836,-0.026192894297032546,-0.17002179065749856,0.9844852241935971,-0.34014776394554114
152.00033593177795,37.71346143778552,-4.762846313298275,0.6693777174323556,-0.029960747221015955,-0.02603507733803796,-0.14111353229656962,0.9891974016225203,-0.281834950473075
152.10080409049988,37.766355063005086,-4.745874944183172,0.6660347192599294,-0.028463283814882147,-0.028849897671338,-0.1133357500541435,0.9927298386965567,-0.2257488621489407
152.20747804641724,37.820198078631456,-4.725823226967109,0.6618784259084418,-0.023166498321316255,-0.029726517453186118,-0.08559296189638568,0.9956171414702731,-0.17021730473424246
152.2903037071228,37.87607448082846,-4.709720356331254,0.6573941230450282,-0.020065495059147287,-0.03149470653014857,-0.061854852883567374,0.9973863025645396,-0.12269129885621112
152.39580726623535,37.92678117264124,-4.686034137388047,0.6619592587653135,-0.0182876644174767,-0.03085286178656349,-0.04225218345642359,0.9984630264776446,-0.08350958307345596
152.4976305961609,37.97511151148418,-4.667669383169069,0.6600603971372682,-0.014257757566156678,-0.029972560327592167,-0.027714163271647014,0.9990647061781064,-0.054649652529965856
152.6000497341156,38.02843587217524,-4.648990414498187,0.6626667643854666,-0.011208102604964482,-0.03017837515304311,-0.01770245481526541,0.9993249057251762,-0.03477567083868222
152.6988775730133,38.08717170720706,-4.630903467159555,0.6625023236580845,-0.009257608038843458,-0.02869479916432527,-0.013054224334523414,0.9994601004649171,-0.025608373510651945
152.80381107330322,38.13816681738775,-4.6197030703730455,0.6646084285607106,-0.008327472489665462,-0.028562315908666914,-0.011355636458027831,0.9994928198003729,-0.022262443923568926
152.8897020816803,38.18877794528271,-4.6079407304826825,0.672976043872086,-0.008128638240634641,-0.02878578405561922,-0.012103513381646527,0.9994792688397677,-0.0237683286120912
152.99814081192017,38.23837243776555,-4.596552312424837,0.6746313377633404,-0.0064035575020509935,-0.02859176023989452,-0.013591863260112783,0.999478247362503,-0.02685074477061169
153.0972192287445,38.282745885684086,-4.582251022764566,0.6788521938440726,-0.006946830369052692,-0.02822072001169226,-0.016615368424909075,0.9994394739262352,-0.032878717436979156
153.20199918746948,38.33172147991581,-4.5741404568476804,0.6813429474324832,-0.0042012381498448695,-0.02747937288007995,-0.019296671078720424,0.9994272720660596,-0.03840809757177411
153.3060917854309,38.38121492688915,-4.5618954784292285,0.6848593879653355,-0.004820257094512713,-0.026781024628581437,-0.022766582976015373,0.9993704140812767,-0.04532733213879614
153.39364051818848,38.43070640905685,-4.553692338740228,0.6846893363054078,-0.0046732878880653,-0.026182481753191385,-0.029834605671872096,0.9992009479248721,-0.05949422476113566
153.50025725364685,38.48195652466589,-4.54369499240535,0.6803659301572675,-0.00560113815480301,-0.026458615894576088,-0.035568720942044905,0.9990012187113994,-0.0709300539808065
153.59990000724792,38.528049442866205,-4.536375180475691,0.6825545866509433,-0.005826520400433894,-0.02453656449762961,-0.04178307525172925,0.998808381665465,-0.08337932353651792
153.69804286956787,38.57971862038982,-4.537702538723342,0.6856766645004537,-0.004168496262193609,-0.024800757808433747,-0.047799961820392006,0.9985402894730931,-0.09551773528167248
153.7984902858734,38.62825216487881,-4.5412510464303955,0.6870089426175022,-0.004992205932583981,-0.024486746235620506,-0.05450603155969278,0.9982006660297982,-0.10891954003536043
153.89983797073364,38.676342589955304,-4.544667763161356,0.6854390764765693,-0.0052618402832530315,-0.023238738501948148,-0.05955261745745474,0.9979407596764638,-0.11902754304190546
154.00078582763672,38.7238638507152,-4.552391378147635,0.6849973351574706,-0.00501147142439194,-0.024160227898076213,-0.06490674573871044,0.9975862283029402,-0.12977649940489444
154.09758520126343,38.771286988900286,-4.565169265179137,0.6866511238774857,-0.005438202054629161,-0.025802255352023375,-0.06944994964346694,0.9972368695910124,-0.1388702313009577
154.19827008247375,38.82298668018218,-4.575908040771078,0.6910667781692712,-0.005747603710350399,-0.027636712098435073,-0.07475240868052072,0.9968025153421501,-0.1494987030908048
154.30150818824768,38.87823103111599,-4.586292922810166,0.6902082312758778,-0.0061612486901437835,-0.028976588133348403,-0.07787842495603602,0.9965226275810779,-0.1557547458095533
154.39701342582703,38.92741822211124,-4.597456500979283,0.6916217401389199,-0.0037227326155124373,-0.028446740395540657,-0.08253490401940507,0.9961751421518455,-0.16524785724173194
154.50019192695618,38.97170577846656,-4.616197540264381,0.6958302907353024,-0.004328138056397242,-0.02885057357401889,-0.08559725731502194,0.9959026163062134,-0.17137000413043663
154.6029348373413,39.01941511007261,-4.637038170891994,0.703599259237965,-0.0036862578573585505,-0.02914324735686265,-0.08925940260246074,0.9955751311094294,-0.1787712146086171
154.70551109313965,39.06862080164839,-4.65722124967718,0.7112952140272979,-0.0035876870577942798,-0.029245365401690846,-0.09416785808976386,0.9951202196754335,-0.18864916717466296
154.79086685180664,39.11478159329995,-4.680546800690449,0.7174731398625211,-0.005762048135138604,-0.029221902197206433,-0.09723093001964285,0.9948160762074468,-0.1946845244451539
154.89689803123474,39.15994296703318,-4.699569297977319,0.72823436022658,-0.005377560585800524,-0.029442752481163615,-0.10167421292134135,0.9943674173037372,-0.20365126985603846
155.00049138069153,39.20717530948594,-4.7224262054060135,0.7372786831918825,-0.00818027714337252,-0.029013077245361913,-0.10677497379653265,0.9938261565210297,-0.21375569782071663
155.10499334335327,39.25528180643941,-4.737686396647191,0.7511536537779444,-0.009676551219669552,-0.028742886303576007,-0.11014859493428503,0.9934523128351131,-0.22046414758725139
155.1986162662506,39.30164220344117,-4.76155073827659,0.7651659560446638,-0.0127834445649363,-0.028457869075200107,-0.11383897511245081,0.9930092753736497,-0.22772079455240882
155.30181431770325,39.35290706388689,-4.782501003189325,0.7811953707161154,-0.013754076532765174,-0.027778952476326522,-0.11875234329405894,0.9924399408227275,-0.23757529999733246
155.39913725852966,39.398239460179425,-4.797285825365322,0.7931437923755099,-0.015079482299988185,-0.027750274034051517,-0.12427951962147994,0.9917444895270423,-0.24865010006021102
155.49850368499756,39.44941207477012,-4.817323745905938,0.8049982201145045,-0.015583388169401954,-0.028056972936952283,-0.13004902786769976,0.9909879992378531,-0.2602664223912912
155.60212111473083,39.497610593362516,-4.840333209632334,0.8145431318062093,-0.017404432103033624,-0.027422694850643484,-0.13580081838599128,0.9902036251579744,-0.27178836490986635
155.70512580871582,39.54710310473194,-4.865526670181711,0.8343226714148689,-0.018717980835458982,-0.02847752714347395,-0.14151696394814048,0.9893490873074765,-0.2832575238283825
155.79285502433777,39.59355645389124,-4.887673226599146,0.8502942941398198,-0.01821766216337812,-0.027655272661266175,-0.14799918540651827,0.9884328726819738,-0.2964158476512477
155.9077911376953,39.63800680373081,-4.91246796746669,0.8616178518547369,-0.018892012418303725,-0.02741691704576963,-0.1543137462090577,0.9874607193490882,-0.3091713279409448
156.00685000419617,39.68654571124861,-4.9365208312280755,0.8642271616092709,-0.019377566844765996,-0.026461972857695193,-0.1608856607420478,0.986427938606389,-0.3224806807298069
156.10382604599,39.73460301958816,-4.957426375331366,0.8691198864745815,-0.01868042600407307,-0.024932767344428747,-0.16601763676089906,0.9856305307168509,-0.33295128434718807
156.19534373283386,39.781806016039354,-4.976461538646445,0.8729901215646696,-0.01934972762875059,-0.025542245538949154,-0.17004962457347106,0.9849143652703736,-0.34109799263652923
156.29606461524963,39.82928199407484,-4.9958485566919295,0.8733270838316758,-0.019686881327898323,-0.028272333307914843,-0.1726411974763605,0.9843821000032639,-0.34632081431538986
156.3980348110199,39.87953913570661,-5.012125910247082,0.8698266817280285,-0.0204575574254054,-0.027967791338854905,-0.17506035159507677,0.9839477446954288,-0.351197335779963
156.49818396568298,39.933457825357706,-5.026990862731552,0.8667264433510177,-0.022406327692140012,-0.027263112756435694,-0.17760184750717492,0.9834695027931576,-0.3562607915147686
156.60413718223572,39.986136407027445,-5.050746881799048,0.8681655270089157,-0.02180686694689428,-0.02689545806012463,-0.17846748420090783,0.9833363880039705,-0.35806209678683487
156.70974445343018,40.03150754371364,-5.064572739400539,0.865001462504189,-0.023223109490969975,-0.027448457279887123,-0.17908484193813318,0.9831764280974796,-0.35922821800114646
156.79759097099304,40.08032838301993,-5.084061456223069,0.8609991599122633,-0.024803497861848312,-0.02653183561353287,-0.1803789509489036,0.9829263869931292,-0.36178442762332647
156.89693760871887,40.12664298186503,-5.099047249838524,0.8527856634274742,-0.02483248433949096,-0.026060509549533643,-0.18066052789415216,0.9828865505359985,-0.36236459581410324
157.00042033195496,40.178200762571535,-5.107592129326858,0.848201461961038,-0.025623388792634053,-0.026449891835951502,-0.18206128792781498,0.982597340016099,-0.36516366874572914
157.1093327999115,40.23033635661227,-5.117472620977011,0.8461281924465366,-0.024789838578654834,-0.026848685790321923,-0.1835811866221465,0.9823250785218616,-0.3683010752673556
157.2020468711853,40.27930934733259,-5.128671561051853,0.8413958500918195,-0.02387815015783728,-0.028164679015476375,-0.1847152225162984,0.9820981984362609,-0.3706461992469484
157.29847884178162,40.32539108322729,-5.14335377689124,0.8412285997865778,-0.02330740872459132,-0.027592367563696724,-0.1868579815313742,0.9817227310645279,-0.37505565177425404
157.4027442932129,40.36881074259902,-5.154682538576497,0.8369449890541606,-0.021541797782283417,-0.028248926924827746,-0.1888861806686394,0.9813561839761938,-0.379290369896361
157.49306535720825,40.4240686315474,-5.159367614137802,0.836695747924155,-0.021490386452695815,-0.028577678255251995,-0.1919112187464921,0.9807607066532025,-0.38546260767348767
157.59841132164001,40.47751060272404,-5.171663611168086,0.8337423009582811,-0.02038245935444889,-0.026533374934250013,-0.19428093756001685,0.9803751591437145,-0.3903792004295139
157.69927597045898,40.528635244060254,-5.182600192902159,0.8338004210318267,-0.01907029803876522,-0.024847988909012287,-0.19663079329052396,0.9799771590755723,-0.3952600745631266
157.8001492023468,40.58124255306213,-5.192152409154293,0.832552960183468,-0.018706422471842673,-0.02470459592795056,-0.198248433408491,0.979661835201015,-0.39858400673830896
157.90850400924683,40.62751736595775,-5.207966867892239,0.8298601475329608,-0.01800784270894553,-0.024547379225831327,-0.1992946892970057,0.9794665745149872,-0.40075874130966754
157.99835968017578,40.67490498447654,-5.221405768124896,0.8253826703417237,-0.018463357423626838,-0.024469833455421915,-0.19866444924668064,0.9795880605074893,-0.3994477958708007
158.0872061252594,40.7201604038848,-5.236181711507839,0.8139493638416438,-0.018603897441943004,-0.023775341711844287,-0.19881081808683748,0.9795728082884382,-0.3997434871483292
158.19371485710144,40.77142042481677,-5.251965138938287,0.8143308247326597,-0.019642282326286915,-0.024529260225414306,-0.19743304096387523,0.9798125792586891,-0.39687040186090194
158.30010175704956,40.81826716838061,-5.261107455889565,0.8167423965298127,-0.018799438170263735,-0.02395356109510906,-0.196383570421751,0.9800542338583873,-0.3947751319338992
158.4016764163971,40.86214540555972,-5.273357887039207,0.8200042065706038,-0.019692934399818736,-0.024795469560062795,-0.19442120585821923,0.9804069398656133,-0.3907162429300441
158.502592086792,40.910745082877355,-5.295749139906812,0.819985614090735,-0.0198202728893395,-0.02409348877289983,-0.19332874053149346,0.9806378835563354,-0.3884858487259695
158.60608100891113,40.96102279220665,-5.314909143767224,0.8167686491289392,-0.019425851011488127,-0.024016026703661503,-0.19238545705996846,0.9808331676109222,-0.3865822864507702
158.69847536087036,41.00665754569511,-5.337534832567578,0.8119760417429885,-0.02002032136724896,-0.023953700007209207,-0.19210389661893124,0.9808779230322904,-0.38597772001885533
158.79959225654602,41.05966502222531,-5.359015565158857,0.8078932308273219,-0.021178173575024176,-0.02515448490766586,-0.19260414972354883,0.9807254347483423,-0.38692483785186677
158.90480661392212,41.11296390277404,-5.378515618597202,0.8120016014074756,-0.019550281007510186,-0.02423826587529293,-0.19245018372701883,0.9808125303865783,-0.3867060042715307
159.0052936077118,41.16556760002429,-5.396216289195943,0.8144618677789712,-0.020701492133840337,-0.023924738354220102,-0.19327261342215207,0.9806348719167017,-0.3883272438694449
159.10659527778625,41.21435974884533,-5.421382739688934,0.8116796625321235,-0.0197182551215289,-0.02423474372724987,-0.19269582137320815,0.9807610249376458,-0.38719845487438104
159.19741439819336,41.26092010513517,-5.439915890814336,0.8150365833230692,-0.021048689672176206,-0.023422401030757992,-0.19389503146470566,0.9805167314056092,-0.38958519688699766
159.2979292869568,41.31397800141404,-5.464260927570357,0.8152324369036671,-0.02201185237721212,-0.02267034640169998,-0.19370898684931787,0.9805500304231098,-0.38916682313415163
159.40420842170715,41.363391939000785,-5.477392161045065,0.8156517449847815,-0.021285779265050424,-0.02220046290668359,-0.19461839007998355,0.9803967244388794,-0.39106518706277676
159.50009417533875,41.411191591074015,-5.500066592387262,0.8143408664616086,-0.019761441974912912,-0.021449037394292977,-0.19619160171668212,0.980131766458864,-0.3943587548949628
159.60049748420715,41.461155304821,-5.522561732514963,0.8138645324613997,-0.019712683927462588,-0.022329406079008553,-0.1968852633476556,0.9799739796510206,-0.3957676781611702
159.70175743103027,41.515134652455856,-5.537870021333404,0.8177058036048579,-0.020530659771103184,-0.022518918707201668,-0.19806578704096184,0.9797149250233284,-0.3981363029991461
159.80227136611938,41.57314536198424,-5.562989396556387,0.8193710088858979,-0.020131467333264312,-0.022882732445201316,-0.19835281066303262,0.9796567087918738,-0.39873837395228695
159.90137314796448,41.621387460911336,-5.585102174409531,0.8159304575092073,-0.02038434599307638,-0.023483797011805602,-0.19885385679434378,0.9795356723235542,-0.3997431123684607
160.00237369537354,41.67651515836657,-5.603936163568861,0.815106135425792,-0.020139674061816142,-0.025385670380055868,-0.20142693332849407,0.9789673905692249,-0.4049985085502674
160.09731602668762,41.733999795528625,-5.624080746579557,0.8128073934998186,-0.017884460054750275,-0.025665117449262073,-0.20306770091109988,0.9786648847698306,-0.4084742763666509
160.201993227005,41.79121811986985,-5.639316626058898,0.8122634736128719,-0.018328735210890155,-0.027413322821883045,-0.20425040204287115,0.9783630923449422,-0.41086676928850174
160.29979395866394,41.84640003530248,-5.659824329894024,0.8142302974530519,-0.019470016279425743,-0.027249557938339528,-0.20774471900007072,0.9776095906781119,-0.4179528728161312
160.4003462791443,41.90483606494731,-5.678779490189166,0.8216842849437246,-0.01627518915178555,-0.02709774528138407,-0.21133620930799496,0.9769021635015792,-0.42548964483070384
160.50084352493286,41.96301035937647,-5.695183220645721,0.8226508650852428,-0.017318014830013967,-0.027921780474134697,-0.21500513052552495,0.9760600669964956,-0.4329546958279377
160.5989031791687,42.01374765289561,-5.707968365892711,0.8204636089708653,-0.016316274757090028,-0.028089682509277337,-0.2162531149765171,0.97579677145271,-0.43557308129709243
160.70205354690552,42.06533508464558,-5.732725676224691,0.8189349549882101,-0.013403658145076812,-0.02839374719536748,-0.21890365453168786,0.9752411635596638,-0.4411816517041662
160.8009057044983,42.11928355382739,-5.754428950707334,0.8258710363519783,-0.012910052410298849,-0.027973394823033078,-0.22058882018115356,0.9748801937366072,-0.44466356294538617
160.90568113327026,42.176863063419525,-5.776273745655256,0.8293626303582798,-0.013088838720844478,-0.028520018827664244,-0.22234132483090643,0.9744637633588263,-0.44826029149933083
161.0002725124359,42.226261476462646,-5.7985439121450755,0.8343439350589789,-0.012502372283053363,-0.028705311141567044,-0.22458980968835757,0.9739502621713848,-0.4529166772393099
161.10339188575745,42.27960260229686,-5.821030901327061,0.8380445900280059,-0.011558576675283322,-0.028864209859346516,-0.22588149633105092,0.9736584649196466,-0.45562832507856055
161.20841217041016,42.33447263370794,-5.846751106749156,0.8430191264321418,-0.013771882652308439,-0.02907552577443458,-0.22748850294890968,0.973249161353461,-0.45880949686560357
161.29046058654785,42.38367077531908,-5.872239280200729,0.8365102379224536,-0.014282928194616379,-0.029773111740503965,-0.2288005490076866,0.9729130837609576,-0.46148909513433856
161.39659667015076,42.43433727281242,-5.893743827849693,0.8352087955134716,-0.014469897296804547,-0.030477356171315743,-0.22990697607257507,0.9726276446750787,-0.4637657872355678
161.50492691993713,42.47822236063713,-5.920971495727244,0.8328253194107651,-0.015644837079657057,-0.02985057095054886,-0.2320073859487941,0.9721300094904408,-0.46801024775260436
161.6020588874817,42.5258600128735,-5.94520898260011,0.8335954923239142,-0.017056039115032146,-0.02944794652957355,-0.2317333570055576,0.9721839132725004,-0.4673565355846982
161.6986861228943,42.56714453005256,-5.968758985447597,0.8300409866334096,-0.01659668817440672,-0.02959335706379125,-0.23317813848035074,0.9718419310228258,-0.470361313281038
161.799649477005,42.622225523048925,-5.987729004322897,0.830954741466255,-0.015208831034098438,-0.028797758722662586,-0.23337215654678295,0.9718419712586154,-0.4708331612195265
161.89962673187256,42.66818530814434,-6.008816829806343,0.8255039992822241,-0.0165504644727048,-0.03013669307717858,-0.23409213247045083,0.9716062656094528,-0.4722536581542154
161.9995095729828,42.722351231931604,-6.035747864792787,0.8259418047453152,-0.016473410882021363,-0.03069562749807614,-0.23407659750265716,0.9715938203220472,-0.4722335939937161
162.10302305221558,42.77139901878677,-6.0612731066965715,0.8226276572950342,-0.018282050111008186,-0.031628517657585724,-0.2351322939866528,0.9712765866832663,-0.474307002944379
162.1986005306244,42.81911291251462,-6.0857552162109965,0.8214478177009339,-0.01658058342688491,-0.031048281815330415,-0.2347173731897047,0.9714261902854302,-0.4735522665192734
162.30010843276978,42.862751768043424,-6.112319870033491,0.8227461253539057,-0.016356772234085652,-0.030054773510378805,-0.2348360928316026,0.9714325381079785,-0.473797495767871
162.40223741531372,42.909907977356184,-6.143494671338228,0.8292903776583491,-0.014922404083156838,-0.029113321397111636,-0.2355581765057173,0.9713094676028381,-0.4753582786962992
162.49825167655945,42.95249136705411,-6.173232806465233,0.8372119210101492,-0.01439463967059447,-0.028913150378369338,-0.2355782128342502,0.9713185521350719,-0.4754272843402911
162.60431504249573,42.99722858556474,-6.198229785758417,0.8427113275538716,-0.014680129435230668,-0.028065150040733382,-0.23607628982840848,0.9712182177728181,-0.47642560812353724
162.7012906074524,43.040827730243386,-6.2269698212649764,0.8431317210481976,-0.014969657659341098,-0.028320314717802303,-0.23539043950860813,0.9713728481442082,-0.47499906395504277
162.80247282981873,43.086252111266845,-6.261144559691758,0.8433029917707908,-0.014976940988663364,-0.02806089682772806,-0.23591845525657765,0.9712521607580576,-0.4760835084296773
162.90159583091736,43.13868808567466,-6.281755550003135,0.8439698242059072,-0.0154358605191664,-0.027515829267011408,-0.23530201029181125,0.9714100973854523,-0.4747809193858859
163.00056648254395,43.188654413704064,-6.303188029372204,0.8501615370010138,-0.015431628402299212,-0.02753105917031384,-0.23590224931569562,0.9712641424420081,-0.47601827981885186
163.10218000411987,43.233865157464614,-6.33115770140154,0.8563283912554757,-0.016823542498629242,-0.02790389401673117,-0.2366336218930444,0.9710524548685717,-0.4774511788814223
163.20191836357117,43.27823525373355,-6.364177606583459,0.8635925198687043,-0.01667805364893802,-0.028426031637330103,-0.2364289595790211,0.9710896716185474,-0.47704276387293926
163.2990734577179,43.32430925424594,-6.391976452585194,0.8592996514364724,-0.017963087128621668,-0.028712569047316054,-0.2374857311093359,0.9708004137818323,-0.4791492659972493
163.39798069000244,43.36871846723852,-6.420751370217607,0.8611910556595509,-0.019172675126680635,-0.028845924912131022,-0.23970134533428997,0.9702286257317818,-0.48364874339070096
163.4989984035492,43.412115976486795,-6.446854160628282,0.8605560794017963,-0.019980276672661012,-0.028725904640271117,-0.24104712273579157,0.9698824132684736,-0.486376999435776
163.60343146324158,43.454268441640906,-6.472461916237194,0.8620181160892127,-0.018327709903342027,-0.030542605348412643,-0.24143472151269044,0.9697631254880337,-0.48729341345522165
163.69777488708496,43.5078009200963,-6.494530323460329,0.8577301028790282,-0.01801330415894561,-0.03069929134012243,-0.24333324078389792,0.9692894347479999,-0.4912353983352091
163.80046343803406,43.555988050312735,-6.520262356395076,0.857295368756914,-0.01750362658575604,-0.03119258627833555,-0.24495400234789128,0.9688746989943355,-0.4946225625998672
163.8978590965271,43.60418101864464,-6.541602090917104,0.8582416563334807,-0.018159211962847952,-0.0323660633867796,-0.24604675402933196,0.9685471985367367,-0.4968568483942323
164.00055027008057,43.657055099835304,-6.55965535638316,0.8619921330743832,-0.01846058126697997,-0.0331468193223239,-0.24811772312065372,0.9679866170467033,-0.5011323305051986
164.10340118408203,43.70131211594068,-6.584603079696932,0.8716811815556484,-0.019967215285713286,-0.03261525351420951,-0.24922882080664757,0.9676892840324656,-0.503323155655374
164.19970440864563,43.74185796667206,-6.609315051030506,0.8716900638190205,-0.01916396359779379,-0.032939384205297566,-0.25065915722408544,0.967325036565843,-0.5063415330704893
164.30382585525513,43.77899005960791,-6.629380430696729,0.8684150438548632,-0.019304608078002054,-0.03068706961218762,-0.25242914545133366,0.9669359660247834,-0.5099657207047482
164.40140008926392,43.818140792166545,-6.649352521238433,0.8667539000182508,-0.019063003082849594,-0.03085664281328503,-0.25330659701546576,0.9667058691330063,-0.5118000931399554
164.499347448349,43.8610822225794,-6.674811867166735,0.8669460480768804,-0.01799411092590605,-0.030644580256229487,-0.25363711146547346,0.9666464386529113,-0.512548206668103
164.59947514533997,43.902767979526935,-6.701351272303848,0.8635925154287923,-0.019459159873540337,-0.0300516569267001,-0.25340045299002323,0.9666987376827524,-0.511960078681374
164.69858646392822,43.94264741394554,-6.726128459423044,0.8603773569048737,-0.019340723364776834,-0.030133611670271426,-0.2524566516875562,0.9669454694480658,-0.510013890069047
164.8003430366516,43.98783575245498,-6.739366958600234,0.8672641583068542,-0.019507168575545714,-0.03006703504682885,-0.2524785123700604,0.9669384905820324,-0.5100481663561601
164.90054988861084,44.02821573570108,-6.755104346986087,0.8671876853574434,-0.01835174283880246,-0.029130167321282638,-0.2526728682803667,0.9669390200636154,-0.5105097751076599
165.00078296661377,44.0664863319486,-6.775641075385503,0.8653586262597142,-0.019488360690000532,-0.029656347516230787,-0.25280483076065074,0.966866289821758,-0.5107205718852278
165.1017792224884,44.102777048588116,-6.798849749122461,0.864684137271741,-0.019601366173351953,-0.02774380493667149,-0.2518579044748379,0.9671678570368835,-0.5087367018450759
165.19836688041687,44.14251175991783,-6.8218537418366925,0.8618246110842243,-0.01899128912302443,-0.028818600849949885,-0.2522737276157731,0.9670402191932556,-0.5096422150437812
165.3020396232605,44.182185188749536,-6.8501082578627095,0.866480780777626,-0.018160064760158266,-0.029003230296869856,-0.25038142549385045,0.9675423331554651,-0.5057769914268071
165.40257716178894,44.22124771920645,-6.867069646561939,0.8652295966223857,-0.018971586677689455,-0.029123230829468542,-0.2506408620773527,0.9674559806947838,-0.5062669109186495
165.50375509262085,44.26247607894714,-6.885006400567009,0.8608309916121116,-0.019693528860367102,-0.029365629947660822,-0.24963357375732734,0.9676946334210746,-0.5041417615111847
165.60167908668518,44.3003754299932,-6.906051236276217,0.8582756208985733,-0.019470056232714146,-0.029858495317811387,-0.25034240072484815,0.9675009403442307,-0.505626694518689
165.69760131835938,44.33706219531714,-6.9240673468748675,0.8572071480819234,-0.01996368528107102,-0.029945504097042126,-0.25283013788042774,0.966841062136759,-0.5107468873883223
165.80265641212463,44.3747036523868,-6.946238325644796,0.8559920974751898,-0.020027736922645405,-0.02856347445501176,-0.2586957555564646,0.965328712790563,-0.5228846509169205
165.8996238708496,44.416989486868644,-6.969741725462394,0.8558993668506698,-0.016661366961996656,-0.027272765095706357,-0.2660822424176092,0.9634203835320326,-0.5383933498519964
166.00424337387085,44.4631789232186,-6.986879325862795,0.8503544354341801,-0.016618655377605707,-0.027927838800566717,-0.277277573246383,0.9602400759643218,-0.5617060417684986
166.10850858688354,44.50486942298127,-7.008037531648453,0.8432203789805471,-0.017061675555269388,-0.027668541564833928,-0.28944564548712975,0.9566423413917349,-0.5870912755533784
166.20530152320862,44.54411545490264,-7.023960812565279,0.8354092230661175,-0.015128218729552547,-0.026786048283122713,-0.30303690798677846,0.9524821662442073,-0.6156769420552869
166.2999129295349,44.58201670190512,-7.047632458416069,0.834323091417362,-0.01543840132807903,-0.026071800163276572,-0.31848527457624104,0.9474434267431358,-0.6481953367519897
166.40121841430664,44.61503495465545,-7.074007347593674,0.8385938403801232,-0.014681949089384805,-0.02338428829175532,-0.33338225383831993,0.9423873345168147,-0.6797212780447242
166.49955081939697,44.65033531551922,-7.0994433874605845,0.83744244588059,-0.013253578891455382,-0.022949531497108495,-0.35046114532882683,0.936202246988031,-0.7161612222462553
166.6064417362213,44.6900998968849,-7.131849314547302,0.8377268241458451,-0.012370144994458035,-0.024342578544469255,-0.3670673258218751,0.9297935236903944,-0.7518631990779372
166.69951224327087,44.72252832261069,-7.156747395751429,0.831194733736903,-0.012886503051876375,-0.025241579171270578,-0.3861303968097295,0.9220087404030373,-0.7930814115840942
166.80207872390747,44.76036348302098,-7.190557005799063,0.8343933903610843,-0.01286978129057815,-0.025304619349827633,-0.40688906352208004,0.9130363272921936,-0.8383683334186431
166.90315103530884,44.798360148095234,-7.221416723613309,0.8318415159175154,-0.010638808368639117,-0.02568669429664015,-0.42519100224406986,0.9046765284361531,-0.8787813454802333
167.00159001350403,44.83117173686106,-7.2613148317648175,0.8307568421185686,-0.012111348046012492,-0.027434121687884117,-0.4455813119781444,0.8947390561675277,-0.9241782432817063
167.10391521453857,44.865538456797445,-7.303012475626413,0.8366528501914069,-0.011863454920052474,-0.025487634991706906,-0.4657082223975222,0.8844916565413319,-0.9693631709436219
167.20243048667908,44.89585411566925,-7.348830569271813,0.8420156095100995,-0.010552772206677028,-0.02399597462127816,-0.48457707157661656,0.8743557021618602,-1.0122656802907175
167.3006238937378,44.9235532487755,-7.395868252230417,0.8456898325466757,-0.012299189014325505,-0.023767280392724747,-0.5017886679913216,0.8645761846175377,-1.0518156909926233
167.39808249473572,44.947065303901795,-7.443838446687558,0.8442004802408156,-0.01381649892890173,-0.023720402915496566,-0.5191409123044479,0.8542477158380816,-1.092177126098732
167.4997754096985,44.970389743598346,-7.492823964473223,0.8470655717363579,-0.015843155267051497,-0.023731907631969404,-0.5344511273436549,0.8447175761592913,-1.12819165246421
167.5981924533844,44.9927860203474,-7.543591096700431,0.8441798084804846,-0.01649665868022349,-0.023852769581492066,-0.5474999940289604,0.8363029727162093,-1.159255387808521
167.69607186317444,45.021504706799455,-7.589344930966088,0.8454152476778419,-0.01730312202036618,-0.022372346537180086,-0.5592129379959816,0.8285414715369842,-1.1873089297342125
167.79544520378113,45.04458340300918,-7.638529435755462,0.8450060738370058,-0.01708709807516017,-0.02194603173963737,-0.5696468177517173,0.8214188370104465,-1.2126033029090701
167.89678621292114,45.07505500433199,-7.695039923974559,0.8490925139133052,-0.017912670225289567,-0.0214901358572417,-0.5774064475192139,0.8159773922539023,-1.2315275467658593
167.99999237060547,45.09267700754593,-7.751549089377848,0.860563878242444,-0.021436926084888203,-0.0208518047360544,-0.5821106263961231,0.8125594618709413,-1.2429732757208283
168.09795379638672,45.109920212972376,-7.810431695430516,0.859299348555468,-0.021823884756839357,-0.022024680376446015,-0.584702476605393,0.8106550717536747,-1.2494244269982167
168.19671630859375,45.12718030894238,-7.869100178306958,0.8631017122242884,-0.02083447125688385,-0.02261748541118319,-0.5863776958067043,0.8094538726953755,-1.253624155722663
168.29637384414673,45.1439230865824,-7.927783161795533,0.8636336215443811,-0.022879214824902475,-0.024080144225460183,-0.5863899063080569,0.8093476175062883,-1.253698900527989
168.3976891040802,45.16159194975943,-7.988853810260622,0.8652864530414569,-0.024523177251172437,-0.025749852149883866,-0.5848536986828387,0.8103590007081862,-1.2499719005763217
168.49665784835815,45.17243094639444,-8.05068101436462,0.8658684677300479,-0.02457018272698374,-0.02508069923443111,-0.5816185808258271,0.8127035690119895,-1.2419418859074236
168.6003713607788,45.189844334675286,-8.115788291139587,0.8683755391926133,-0.03106924421309721,-0.0231867071689986,-0.576368806889809,0.8162696105571394,-1.228730250433178
168.69846081733704,45.208658742680775,-8.174513752736875,0.8666883504572536,-0.03656533645990965,-0.022935818163125624,-0.5677066484813452,0.8220985863537535,-1.207364842641204
168.7994019985199,45.23239307862503,-8.228356979955795,0.86984523729288,-0.04269111735968206,-0.02369770453186409,-0.5567693507073438,0.8292308348170762,-1.1806438939692885
168.90056777000427,45.25416551113921,-8.282580201934241,0.8700008113632077,-0.04725123088751592,-0.023115989820833915,-0.5408590134354387,0.8394667949239337,-1.142240254147373
168.99499464035034,45.27704583436715,-8.327551569376439,0.8667854642896248,-0.050646321263544174,-0.023389195271272006,-0.5239384305283092,0.8499273008337621,-1.1019763080276421
169.10113716125488,45.30553536741913,-8.368611185234917,0.8656946831301455,-0.05260825733753485,-0.02332782168932467,-0.5030090647445418,0.8623630701624231,-1.0529291068252011
169.20132780075073,45.32859112059074,-8.40531467835205,0.8689736801967017,-0.053960430097661674,-0.02207151653942917,-0.47938687696565346,0.8756650857116792,-0.9984340950575115
169.2864396572113,45.36056392265058,-8.440274396663456,0.8698864582441201,-0.05573883558291725,-0.02255616886463002,-0.45411304934401064,0.8889126728028435,-0.9410076108992379
169.38825869560242,45.39355298876195,-8.474677790647894,0.8743572891144302,-0.05351016401535482,-0.02203877400106979,-0.4274184017891825,0.9021997919527363,-0.8815121079444636
169.49793910980225,45.43200114529042,-8.499826496954064,0.8768426219988043,-0.05156150251485116,-0.02269888490796659,-0.4012427818007094,0.9142376070448942,-0.8239672080028269
169.600483417511,45.47464246062661,-8.519396526060556,0.8764972509551019,-0.048873434817562914,-0.02178774668885737,-0.3708677311194809,0.9271428193528999,-0.7581619040451401
169.69883823394775,45.51713641192675,-8.531314209284345,0.8697414979245054,-0.04416432090203017,-0.022387852686939675,-0.3422617645846157,0.9382990894777398,-0.6970881603839896
169.80395317077637,45.557491568363524,-8.550136192298623,0.870442615016,-0.041205556414129166,-0.023758463976872927,-0.3123265079816248,0.9487833208494264,-0.6337732241955448
169.90256524085999,45.603139185919325,-8.563096530039353,0.876956143160896,-0.03659388076496622,-0.025109422568750917,-0.2808428794436297,0.9587271154268217,-0.567987497617282
170.00127744674683,45.645632087707526,-8.56853801383395,0.8843942708983665,-0.03248221799326005,-0.02597285346111912,-0.2506714239087836,0.9671784497355534,-0.5055325950513657
170.10443353652954,45.699154084009294,-8.57172417495567,0.8865517295250638,-0.028538841695910904,-0.027220596268036256,-0.21987919001222017,0.9747295601617089,-0.4422943799823705
170.20447492599487,45.75103442437902,-8.573806317924543,0.8887445609062232,-0.024945288623839643,-0.02695537899992816,-0.19077822155834195,0.9809458753149838,-0.3829621001979139
170.30614519119263,45.794864015595834,-8.575957959022915,0.886905367997874,-0.021129524815011316,-0.02615373252598259,-0.16575422355328806,0.9855937615621853,-0.33226731553568795
170.40110397338867,45.84304154034649,-8.569492866391379,0.8802783544361897,-0.0194516295476176,-0.026820043525201495,-0.1432767970723149,0.9891279385367432,-0.286796897893058
170.4995195865631,45.88501663032653,-8.567952625629903,0.8777589214020493,-0.017907354671888108,-0.026379015702223365,-0.12499135947886955,0.9916454175938398,-0.24994296716761227
170.60010647773743,45.92736277062305,-8.568311738697522,0.8730559688054534,-0.015285813789832242,-0.025970362509339564,-0.11240147642311608,0.993205815662504,-0.22470543207938865
170.69925546646118,45.97636963500121,-8.56494655237239,0.871721475235032,-0.013974105154090527,-0.025809894264291037,-0.10642082856691026,0.9938879116833753,-0.21273154235038047
170.80308938026428,46.02242819617913,-8.557937563370322,0.8696124858836501,-0.01303399480002999,-0.025879645682070792,-0.10309716382026649,0.9942491306162357,-0.20608991093442922
170.89603543281555,46.06847397889645,-8.551792365641246,0.8683037570075471,-0.008901535236195673,-0.026394275564061483,-0.10278000615312906,0.994314022441125,-0.2056697112492018
170.9898567199707,46.11791526134827,-8.543174816116586,0.8668962430164615,-0.008062213247600236,-0.026853973552228416,-0.10607191308899104,0.9939630848656543,-0.21234235455111347
171.09975838661194,46.16427821246555,-8.541855028664902,0.8708772316821071,-0.006059931862473707,-0.02593102924209355,-0.10762961069146869,0.9938343553382881,-0.21558267196028852
171.19969058036804,46.20997609040049,-8.539107935945333,0.8681881273366009,-0.005549074143773123,-0.02678242403629619,-0.11082755686164096,0.9934632163190374,-0.2220560178398782
171.2975878715515,46.25848091438919,-8.539511310565358,0.8699365483146292,-0.005064428607081095,-0.028021217107705863,-0.11536165058398769,0.9929153299900372,-0.23123008812643697
171.39975118637085,46.30981505155647,-8.543577101330557,0.8746174439064534,-0.006099923472709484,-0.027874084271583638,-0.11740107906289216,0.9926745755757606,-0.23528285207071173
171.50048851966858,46.35844882215555,-8.544787635158285,0.8725243763946731,-0.00444875853180233,-0.02833648722076796,-0.1213643108077078,0.9921935073873862,-0.2433731194765729
171.60180830955505,46.40357016996453,-8.550253669419,0.8762265510590985,-0.003782410191081207,-0.027065113090270793,-0.12471117465335398,0.9918166644814644,-0.2501467845822114
171.69874787330627,46.45315942986696,-8.555987478993032,0.8784329955630983,-0.003871218147643928,-0.025506371474977488,-0.12899257266071423,0.9913099186846686,-0.2587643274125932
171.80322360992432,46.49858177111989,-8.563728430406263,0.8754095498156909,-0.004255861656174812,-0.02499507751843191,-0.13391635798302687,0.9906682304414394,-0.26868258852808763
171.9038097858429,46.54614295619999,-8.569484287707466,0.8785753468301915,-0.00437424550950273,-0.0253524808790867,-0.13685301100861108,0.9902572246983988,-0.27461474696781246
172.00609731674194,46.590055297804646,-8.576297560147747,0.8759224677754094,-0.003290760466112383,-0.025977234315786076,-0.14156099466561023,0.9895831642576284,-0.28419639959280346
172.09769296646118,46.63576062048835,-8.586312640613233,0.8762720539191285,-0.004313741173586119,-0.02448904047490036,-0.1464047925873884,0.9889121878312299,-0.2939235032229024
172.19964003562927,46.68364121755108,-8.595948533687508,0.8750500486844802,-0.005676099808611748,-0.02638954509127398,-0.150660659883538,0.9882169495431128,-0.30249598085672225
172.29895877838135,46.73045734008557,-8.602671605041794,0.8796619826229618,-0.005045248779256385,-0.025772957629537553,-0.15442433486735727,0.9876555193591315,-0.31014466678635094
172.39962553977966,46.77773229100508,-8.61416027058068,0.8769774734010731,-0.003879557753235414,-0.0249966100543954,-0.15840677228453967,0.9870498533568717,-0.3182629951875099
172.50066471099854,46.82846976327843,-8.631911454880084,0.8751211289160455,-0.004181668843285675,-0.025584856146904447,-0.16124859941765374,0.986573270450539,-0.3240212194021458
172.60386538505554,46.87262859205592,-8.644604155904352,0.878074787647426,-0.004515796887881069,-0.025299999121227306,-0.1640922731070385,0.9861101579080799,-0.3297698817848726
172.70263743400574,46.92088393531725,-8.658653855637226,0.8695912169575873,-0.003759174741641684,-0.025529886406452085,-0.16754928650106687,0.9855259154879281,-0.33682940479243473
172.79761052131653,46.97198451137024,-8.679879233156015,0.8713147433211029,-0.00398278418535101,-0.02547827739857627,-0.17104599640953871,0.9849255108500349,-0.3439204129612058
172.90594363212585,47.020151889255125,-8.694572045311055,0.867462690409101,-0.004487800447086179,-0.026901721375889878,-0.17255742142341657,0.9846218021889738,-0.346993487130699
172.99595618247986,47.06526972386635,-8.716654733410858,0.8667823518525871,-0.0064516415188971684,-0.026624917695931442,-0.177141574484649,0.9838040214740413,-0.35620846139677514
173.09767603874207,47.11538559069322,-8.733916088019773,0.8760916579349657,-0.006453302937033907,-0.025839438309466594,-0.17967407818358277,0.9833656003429925,-0.36134917855371684
173.19965648651123,47.161891449791895,-8.758541286434054,0.8851872875994599,-0.006034621444553096,-0.025057832550199832,-0.182561570579461,0.9828565314019476,-0.36723582369334246
173.29972624778748,47.20393282301705,-8.78449407196128,0.895168433418651,-0.007337295644295028,-0.024184586156659055,-0.18415168276570762,0.9825728612269004,-0.3703984740421886
173.39700198173523,47.25061316017332,-8.804949803319783,0.8964430573430572,-0.008488318269182945,-0.02587219753040249,-0.1863964125608215,0.9820972229022771,-0.3749366237479465
173.49805188179016,47.29663738404241,-8.827876279747109,0.905167383830026,-0.00926286089464655,-0.027301041768368478,-0.18836221730050326,0.9816763864023857,-0.37892189768721407
173.5979733467102,47.33711217602738,-8.856903957133078,0.9055060682409761,-0.0077790216908368605,-0.027821670408232843,-0.18977022343855063,0.9814034357863802,-0.3818817582279236
173.69754648208618,47.38707174634803,-8.876036971556228,0.9074932679025101,-0.007605684486111574,-0.027010765181082225,-0.19187033830847178,0.9810190341707049,-0.3861613987513221
173.79778003692627,47.43405038732511,-8.910502370226535,0.9127047207444139,-0.007864224156742499,-0.026118975459621167,-0.19361378595517773,0.9806985545963932,-0.38969108026444443
173.89759039878845,47.47988373857696,-8.932716921728442,0.9199130421136938,-0.00819278232055723,-0.02523029333718445,-0.19773399481886753,0.9798967179804919,-0.39807302792808363
173.99687957763672,47.52352582282029,-8.959121779755893,0.9256740264424055,-0.009368163951790671,-0.023876529831842967,-0.2001263538592883,0.9794343221055449,-0.4028856240080784
174.09902453422546,47.57503795576465,-8.98756338991776,0.9305745589841851,-0.010778038119113459,-0.02341477086660452,-0.20169750134622483,0.9791086254089773,-0.4060251258632653
174.19759678840637,47.62896877495119,-9.009449991521796,0.9331132953699918,-0.011498214294469912,-0.023982825642379607,-0.20486853549001774,0.9784280751840786,-0.41247900716151376
174.29859900474548,47.68040968572372,-9.035840673435281,0.9350595366885458,-0.01214766930201488,-0.0255123463392329,-0.20573304134373524,0.9782001175701488,-0.41422826050712996
174.39832663536072,47.73308272518841,-9.057212176519297,0.9405843444713032,-0.011362700682036183,-0.02563828198173476,-0.20891789896305285,0.977531011796096,-0.4207884284776336
174.50587511062622,47.782344524755466,-9.074337854245522,0.9428715808834875,-0.01141724079331351,-0.02605570319259492,-0.2102282548391198,0.9772383679589668,-0.4234737208028024
174.59585213661194,47.83223505902266,-9.08936000025005,0.9439353217787256,-0.010833003856160121,-0.02792933628739458,-0.21204495960336117,0.9768006620128833,-0.42725254390219386
174.69453740119934,47.87401136823642,-9.110403367733728,0.9433933845313132,-0.012456405142466572,-0.0271725473979755,-0.21392067604351092,0.9763935861116247,-0.4309976642423649
174.79707622528076,47.92195265626546,-9.134959150527353,0.94808299529994,-0.013385943988839948,-0.029611982352566773,-0.21561324675456778,0.9759379461977246,-0.43444707095012786
174.89828038215637,47.96791419608237,-9.15999919021714,0.9443095254726319,-0.012873852120373194,-0.03164179143317767,-0.2180679266408088,0.9753355526879254,-0.439547414478434
174.99694776535034,48.01086423377256,-9.188243143253322,0.9459265455582374,-0.012429659563628587,-0.033447325668119365,-0.22014769848112514,0.9748137108300471,-0.4438821438829135
175.0975797176361,48.06032236627022,-9.210211011720506,0.9454977170539371,-0.012446570612394695,-0.03280660753781038,-0.22443965516366726,0.9738560728217824,-0.4526879729751842
175.19731450080872,48.11081027188215,-9.228446112234705,0.9498578024711581,-0.011293747739781089,-0.031201318784051423,-0.2284831020404685,0.9729822203155056,-0.4610420989142565
175.27824091911316,48.159183304680525,-9.248640742920584,0.9461993093897898,-0.012011667381447023,-0.03132035820337064,-0.23441029009693198,0.971558835534628,-0.4732066379311816
175.39048552513123,48.20858935137912,-9.273589767629254,0.9469861207627314,-0.012239066801638929,-0.03136049798265821,-0.2372619667615039,0.9708622371575525,-0.47907248095371663
175.49632716178894,48.25227663337514,-9.300605335499368,0.9450263023108614,-0.0122258845839958,-0.030902900879499092,-0.24000145892498398,0.970203503486382,-0.4847144147678626
175.59729480743408,48.29680059542906,-9.328245298700617,0.9513283663631501,-0.011662021836390934,-0.030743025355286984,-0.24270815564837953,0.9695419613510566,-0.4903319240688529
175.69506454467773,48.34334074876032,-9.352823781311804,0.9494535985466828,-0.012182719521229565,-0.02943248962930995,-0.24371440197909078,0.9693237850002763,-0.4923500614502877
175.79207038879395,48.381831454035726,-9.378228333436672,0.9504573499219567,-0.011976850389664834,-0.029260835878228236,-0.2458850916974526,0.9687831956735141,-0.496842499301603
175.8999047279358,48.41795855153637,-9.403119442726638,0.9403312228434773,-0.01257014392983754,-0.027865550627232404,-0.2504520494866045,0.9676462543087654,-0.5062231490187691
175.99183106422424,48.45877688567822,-9.418669100662537,0.9376467246832525,-0.011594166796607238,-0.027316346729497572,-0.25725401172416434,0.9658880711290878,-0.5203479360240157
176.0811264514923,48.50219110876918,-9.438718074699533,0.9412360224893072,-0.010307310947569143,-0.025200953951198857,-0.26680934965154474,0.9633646465381109,-0.5401933592246263
176.18337154388428,48.54482768635869,-9.458028213325683,0.9412532967579779,-0.011111895320973878,-0.024790326896685855,-0.27961235162922216,0.959728554483562,-0.5667944715635798
176.2918803691864,48.5895453169024,-9.480059618050108,0.9356484918750112,-0.009524947067045094,-0.025821226009932433,-0.2934722864420145,0.955571324790154,-0.5958628445723931
176.3971312046051,48.635093694456444,-9.505986116540507,0.9416588498917455,-0.010696455615249012,-0.025586671481262185,-0.308507828842448,0.9508174523128505,-0.6273713831342681
176.49342274665833,48.67356437634609,-9.536650004238725,0.9448826837935554,-0.013190865567062789,-0.025198855385924594,-0.32353813923168595,0.9457875507825894,-0.6589659780236007
176.60059690475464,48.717699366948416,-9.56612633662768,0.9506436765272875,-0.01340529178740817,-0.02566702307361951,-0.3417795758770959,0.9393339254982251,-0.6977051316967091
176.69800758361816,48.7463544438908,-9.59425782129312,0.9583370477891796,-0.014117971352927293,-0.02377815818771238,-0.3594796520799928,0.9327430845728771,-0.7354627586556167
176.79863452911377,48.784111069675305,-9.62330278083178,0.9610284363456139,-0.014025675846291176,-0.023486441444804065,-0.37617234906770736,0.926145793750745,-0.7714023741843449
176.89783906936646,48.81958995681149,-9.654447049961076,0.9552239745152831,-0.014059722452276316,-0.023519134829522677,-0.39099975272448206,0.9199828084648265,-0.8035509437693749
176.9992070198059,48.85433820547861,-9.690303475304638,0.9608880841205699,-0.012498630800006134,-0.02339477951708398,-0.40235152141107144,0.9151009352730815,-0.8283701120233686
177.09341597557068,48.89352215779838,-9.721176169330736,0.9641789003583774,-0.014076663091135283,-0.023102956555462822,-0.4134850760799661,0.9101088906354886,-0.8527139349392863
177.19761204719543,48.926146661866824,-9.762358248758813,0.9635667541915769,-0.01469088417765205,-0.025274677633800167,-0.42368626218491245,0.9053371304814378,-0.8752708600276727
177.29165172576904,48.95829292699114,-9.797846460173204,0.9618718742235519,-0.01669648225410921,-0.025099124982795498,-0.43395672861104234,0.9004292415835008,-0.8979500550938074
177.40190076828003,48.988769217247345,-9.835891000254978,0.9603714477497215,-0.016163182348852192,-0.024910291479811757,-0.4441637101084353,0.8954534200825068,-0.9207171419507041
177.49466729164124,49.021708361840055,-9.87361465856069,0.9629303788399115,-0.01615446486600907,-0.023577545083492423,-0.45333282727513213,0.8908829779199195,-0.9412072368894246
177.60438108444214,49.05960429920707,-9.922739311651151,0.9611038975800055,-0.017535297011762735,-0.022823314021464734,-0.4613622644813697,0.8867448734604614,-0.9592060429115473
177.68970274925232,49.09172932336169,-9.964993519106317,0.9627679217081636,-0.017905135734242763,-0.021677545938823387,-0.46668979009092343,0.8839740550159254,-0.9711908980323385
177.79171800613403,49.12563802364111,-10.008376307357572,0.9578143499909301,-0.019655828554284493,-0.02056242951889248,-0.4742379014354593,0.8799370703284507,-0.9882179346173021
177.8942151069641,49.15350148677493,-10.054979346076058,0.964773354887327,-0.019070805495354223,-0.02000935703037445,-0.48169140999461224,0.8759048553047253,-1.0052094677300338
177.99668407440186,49.186141324053885,-10.100827749806506,0.9638677403872786,-0.018728434174781015,-0.020490473015203563,-0.49029751896449164,0.8711129256108178,-1.0249563214580606
178.09075927734375,49.2126796204903,-10.150272852180482,0.9596739792929438,-0.017299582509428518,-0.020556963829636034,-0.49989150204513333,0.8656711973181082,-1.0471148233650533
178.1944408416748,49.24775393140927,-10.200670336515206,0.9582696863822244,-0.016952598892635333,-0.02088015934049226,-0.5100293765556452,0.8597363918009758,-1.0706578134799805
178.29890656471252,49.2726123173762,-10.255048721886816,0.9645968618994578,-0.014766952957345774,-0.02102423392274132,-0.5195968668451704,0.8540251838517408,-1.0930731046572884
178.38846039772034,49.300464927389385,-10.310098057714331,0.9667840890015983,-0.015300849949192865,-0.019840302737179346,-0.5305202961904203,0.847301871653874,-1.1186997603631914
178.4916033744812,49.32837094980924,-10.3632082477016,0.9700041263775295,-0.01624225263704689,-0.020529787124443078,-0.5397328706508003,0.8414292278076307,-1.1405441726391856
178.58756756782532,49.353481529096705,-10.41879300956425,0.9724855465127349,-0.015858840249286632,-0.020701237525085455,-0.5470546635486452,0.8366905945691969,-1.1580267120025227
178.69629621505737,49.37686318384633,-10.475310479799615,0.9702960697925826,-0.017867615827444696,-0.020557788219806545,-0.5543950822542263,0.8318078013702938,-1.1755788212421296
178.79500436782837,49.39829407624672,-10.535757731916682,0.9634506143448032,-0.021325355550795826,-0.021228260007294553,-0.5578209258164191,0.8294157009057689,-1.1837790702473505
178.88256287574768,49.42255773811612,-10.592569463578739,0.9552051784435107,-0.028697117164209477,-0.021250429932777128,-0.559366716597707,0.8281508141980157,-1.1873023428265064
178.98426842689514,49.44222652479484,-10.644071929700841,0.9536088712838515,-0.03500672832256207,-0.019731523813583066,-0.5561297517213245,0.8301234216612143,-1.1792232767770565
179.08836960792542,49.46737771995962,-10.702705320721787,0.9522379224639559,-0.04032949505843896,-0.019680531855356783,-0.5491003055730469,0.8345508150579017,-1.1621285905837173
179.19211792945862,49.49905991980611,-10.755374808092386,0.950390077565274,-0.046003532028880204,-0.020930432026192932,-0.5349261822800595,0.8433857786134085,-1.1281141413814852
179.29094815254211,49.52922269950413,-10.80889421631107,0.9493224774840011,-0.048633989864302035,-0.023444002714311372,-0.5177511103605976,0.8538260370163109,-1.0875336499146817
179.39086294174194,49.565485479381245,-10.856854716882502,0.9497388301794284,-0.05051472104292124,-0.022577267914853972,-0.49563276055259436,0.8667679600668633,-1.035949513644772
179.48491740226746,49.60101816196775,-10.899917680490391,0.936309302005184,-0.052712696659127665,-0.023838450673468636,-0.47140073294936913,0.8800195729955153,-0.9803044730792853
179.58887314796448,49.639543400903705,-10.942658739264774,0.935206148937951,-0.05294670467959178,-0.02391310702439214,-0.44451796613815964,0.8938839899877422,-0.919630703430388
179.68737721443176,49.67572135596508,-10.979263809198134,0.9274949888502072,-0.05463668078600357,-0.022243595681332294,-0.41621513083048944,0.9073505499153083,-0.8566689619155189
179.78754329681396,49.71503098844931,-11.013837359735623,0.9269643935125031,-0.0534952609053594,-0.021312161674056113,-0.3850861855487284,0.9210823407953149,-0.7886636598712037
179.88426899909973,49.75723849335446,-11.047584922910946,0.9310834476561711,-0.048753197661976444,-0.021046918778433628,-0.3561120638568026,0.9329331974494823,-0.726458164882629
179.98541522026062,49.80386581948421,-11.064792855713263,0.9369570576243101,-0.045044665709391564,-0.022982104985861843,-0.3247252094934598,0.9444555782359362,-0.6597596741888675
180.08643984794617,49.836635934189,-11.078533625921496,0.9387263032182094,-0.04236315508412167,-0.023761790564233023,-0.2936736539761407,0.9546708989807965,-0.5944991936600685
180.18891978263855,49.87527892805562,-11.091525355626379,0.940051721999146,-0.03876598944968085,-0.025332869040559036,-0.2622538772904298,0.9638871031683625,-0.5291632394542617
180.28696703910828,49.92880701480163,-11.09672861175294,0.9393264200585616,-0.033930423112049746,-0.025129205170549663,-0.23302286169210232,0.9715542163789713,-0.46903846860721254
180.38657903671265,49.98013037958901,-11.104194062513226,0.9359272163081499,-0.03082673205286792,-0.02572910061191279,-0.20429074528058094,0.9780864058790244,-0.41024293358384145
180.4883463382721,50.02504342866742,-11.110198406520851,0.9273657738478158,-0.028198254031045502,-0.027317549592055672,-0.1779839281379678,0.9832498824197564,-0.3566907204437057
180.59096550941467,50.06807982802045,-11.111915741992497,0.9315232524027224,-0.024781100714879753,-0.02664734249426559,-0.15767755342359446,0.9868199457508455,-0.31566105875465
180.6815390586853,50.11499532721783,-11.106943853282727,0.928814743737994,-0.02427237579992784,-0.028037532221073084,-0.14188770234803344,0.9891878630888954,-0.2836803595720534
180.78425812721252,50.166743341461036,-11.103169322404115,0.9355417228162111,-0.020561627194356197,-0.026866411849483744,-0.1310073287778969,0.990803964065513,-0.2619305247831762
180.8839931488037,50.216828033036506,-11.102853881455994,0.9350229901878848,-0.01906847506447964,-0.0270782092223058,-0.12308518197432419,0.9918433353218521,-0.24601980320101496
180.98592329025269,50.25999855200132,-11.097092603427912,0.9371727501766555,-0.018776747548123623,-0.02483381318633778,-0.1194812350570612,0.9923481999496847,-0.2388069828298508
181.08871912956238,50.30506593954025,-11.098043507258204,0.9394364684491024,-0.015135752933124953,-0.024125228708433127,-0.11915178947698978,0.992467497395932,-0.2383416378921751
181.19011878967285,50.35154352394542,-11.096638598771149,0.9351163000387145,-0.013049793325722432,-0.021681433595130074,-0.1193947108932301,0.9925243177585816,-0.23895831914361093
181.2859582901001,50.402410795322616,-11.085824742176118,0.9277541789745334,-0.012831796566799936,-0.022042319670088278,-0.1232148460835511,0.992052207721467,-0.2466679069894487
181.39246249198914,50.455404055135006,-11.087357728961857,0.9166887083402864,-0.009726677531330795,-0.022003499608457967,-0.12701162229701565,0.991609442043924,-0.2544689947850734
181.49082612991333,50.509253953289274,-11.088067567213251,0.9088589488728777,-0.008423151111931112,-0.02261687186716076,-0.13138111947265527,0.9910381067741048,-0.26334798886276517
181.59136414527893,50.5596916541521,-11.079110473261684,0.904794196496378,-0.005716691051958767,-0.022083254636958365,-0.13797451998658775,0.9901730561586325,-0.2767860771713796
181.6788148880005,50.609176436431476,-11.076466276400474,0.8981415082135372,-0.004622459545997558,-0.022207144623031094,-0.14273276868643428,0.9895013048695501,-0.2864543774143742
181.7860300540924,50.66204009063169,-11.07893115635139,0.8931285070700309,-0.004259020008632233,-0.02313576310873699,-0.1501042288262842,0.9883902658881304,-0.30139674898799296
181.89144706726074,50.71417069145817,-11.081134886986003,0.8922744625728896,-0.004172599604950756,-0.02338723600509147,-0.15662673001665334,0.9873721152882885,-0.3146164007213497
181.98999285697937,50.77328993446895,-11.081610360520038,0.8863333438954353,-0.002243259818442892,-0.02535436512587305,-0.16126896411272065,0.9865822039589306,-0.32415392607618887
182.08548212051392,50.8262243429329,-11.085396771368844,0.8822079422418118,-0.001763866116078016,-0.02646604247147623,-0.1671888374832855,0.9855680240314264,-0.3362167597787421
182.1865692138672,50.87984214543571,-11.09227275054947,0.8819001321497653,-0.0023606714946555396,-0.027697109513496222,-0.1731803062454503,0.9844977800297082,-0.34838883919600677
182.2724151611328,50.926422416614706,-11.09807692203358,0.8767145759207405,-0.001740969033628316,-0.027988048496589816,-0.17869918318221129,0.9835040620649144,-0.3596548495902417
182.39127802848816,50.97953883760536,-11.108950749741835,0.8726286857317789,-0.0015713256521436194,-0.029259951448857555,-0.18485749717921593,0.9823284032916597,-0.37224034842167103
182.4826464653015,51.024550511240314,-11.124157699956639,0.8712010781311219,-0.00045315770223524634,-0.029651637235510946,-0.19079645862764305,0.9811815766882808,-0.3844229457070691
182.58529901504517,51.0779099599578,-11.142113855967098,0.874527375265098,0.0010135983095425818,-0.03057411539999645,-0.19313929623729767,0.9806943501086034,-0.3893178473705676
182.68827486038208,51.12926498414963,-11.158247448526053,0.8771055181692622,0.00014224093297900774,-0.030082471599190867,-0.19538627234748523,0.9802648770858595,-0.3938384956983022
182.78610706329346,51.18245852026201,-11.175300485553826,0.8790351375580778,0.00034017811258150196,-0.030847135323859978,-0.19754431727760333,0.9798084410906495,-0.3982851050510784
182.88541984558105,51.228553102553015,-11.191634228543316,0.8834286527686219,-0.0004928919387036142,-0.03066858382242838,-0.1996544524884505,0.9793861825783537,-0.402543237387877
182.98410820960999,51.2731598186774,-11.206808710077821,0.888132501297607,-0.0028773050599278393,-0.031518345406180946,-0.19877032790961624,0.9795349262589631,-0.40062681781898507
183.08522081375122,51.31946202888829,-11.223517768923854,0.8896113371307707,-0.0036157998768031824,-0.032815369204074456,-0.19614265165355863,0.9800194578362013,-0.3952541947892134
183.18504571914673,51.36117545077069,-11.243250221203159,0.8950491309069379,-0.0028153403231349562,-0.03307365321809702,-0.19165636528521196,0.9809006295070543,-0.38615111408266445
183.29222631454468,51.40402420393658,-11.262396846903208,0.8945885824662415,-0.0036447843316956526,-0.033943466653949,-0.18766641870665351,0.9816393797665753,-0.3779850478935162
183.38369250297546,51.44833114304376,-11.284594557676078,0.8926975933480021,-0.003481477071217423,-0.03467357778263117,-0.18040717817930188,0.9829745024071255,-0.3632211555872256
183.48205471038818,51.490831531984696,-11.316106658803042,0.8883167624537749,-0.006776398820608976,-0.03513786917099344,-0.17255434208326145,0.9843497394713725,-0.34702561449191066
183.58870148658752,51.53169169493964,-11.34177097195844,0.8924954386076415,-0.0070611702281354865,-0.035576930800300006,-0.16322866794770968,0.9859213071182995,-0.32805855122313393
183.68672251701355,51.573566770061326,-11.368372990196494,0.8956440440581691,-0.007517941504840366,-0.035309757060880013,-0.1517108238335599,0.9877654213139747,-0.30464840859075387
183.78284859657288,51.61212709994205,-11.395339400504367,0.8949582517894807,-0.008655579040183405,-0.03455579377954557,-0.1378555149607524,0.9898115149171839,-0.27649835839564646
183.88304924964905,51.64739156566029,-11.427196450724622,0.8903445016902819,-0.007952815053703443,-0.035347210325014054,-0.12647389465083186,0.9913080658538046,-0.2535475339197831
183.9835503101349,51.681127029261255,-11.454542383399803,0.8861172439516731,-0.008679361350989876,-0.036556619024818444,-0.11292130139675255,0.9928932782443827,-0.22614981955237082
184.08463335037231,51.711238564696096,-11.483139166940642,0.891686255988081,-0.008345361456192541,-0.03637639721787631,-0.10265458522118699,0.9940166743071661,-0.20547630499357483
184.18248176574707,51.739914773633565,-11.503225748045361,0.9026866896427841,-0.009149170990968115,-0.034883361777791895,-0.0973742218180205,0.9945942412192987,-0.19477744302453748
184.28488302230835,51.77737710946688,-11.518821965693794,0.9113335204764385,-0.011508413715180047,-0.03438153448813874,-0.09161012992617189,0.9951346896751772,-0.1830106768636477
184.3847405910492,51.81122668687879,-11.531059302129183,0.9207712333540541,-0.013020691544010332,-0.034092797098925674,-0.08686191689610644,0.9955516813158527,-0.1733550676696361
184.4749186038971,51.84153328504607,-11.552125299321833,0.9334007262943118,-0.013222768809721036,-0.032283453943312085,-0.08173473423940651,0.996043357593086,-0.1630494460814638
184.58531641960144,51.86787592183097,-11.558462078511454,0.9452216913167296,-0.013507421180396734,-0.03198928170077001,-0.07631521502140777,0.9964789126647691,-0.15214370325495466
184.69210052490234,51.897597188616984,-11.566615953239655,0.9572352221325632,-0.014189468504645369,-0.0316265510289524,-0.06941042424815407,0.9969857638197549,-0.13823642116738816
184.78289890289307,51.92475358295071,-11.586985768946223,0.9712395284883645,-0.013431352660250728,-0.029394257283913393,-0.060904812314551186,0.9976202585359684,-0.12124697459651541
184.88027834892273,51.95813380488101,-11.597940223667225,0.9858787121605525,-0.012211365716696395,-0.026455244376551126,-0.05340026360203321,0.998147992253425,-0.10631226617467643
184.98320508003235,51.98503413506601,-11.612175665565804,0.996540506688711,-0.012480378551432629,-0.02489871544420011,-0.04494331153715895,0.9986012181389103,-0.08937380150503607
185.0860276222229,52.01653330299213,-11.613627300627401,0.9983940514293176,-0.0132548906926777,-0.02327824711957749,-0.03520264111547357,0.9990211234715012,-0.06985466023987086
185.1849012374878,52.04199165049927,-11.6209905805933,1.0018935417841206,-0.01407154131654876,-0.02205336300494412,-0.02169647174800048,0.9994222851321842,-0.042803048739982606
185.28355622291565,52.0709288536358,-11.625911186109162,1.0055583973804139,-0.015181042574831693,-0.02314478101056347,-0.008715967296078373,0.9995788548045661,-0.016740786221918498
185.38540768623352,52.099439572405196,-11.628060341466615,0.993392864086941,-0.014493834204890158,-0.023368703254119154,0.006231279248105317,0.9996024227847761,0.013149633911357893
185.48205471038818,52.130756246096055,-11.625694177269814,0.997321566229009,-0.014852359399957646,-0.02290238051928613,0.025671114295493163,0.999297694522324,0.05206273578226005
185.58363461494446,52.165154077590536,-11.617403309974721,1.0000249494153464,-0.015033938376399849,-0.023509151669403903,0.04416626068037606,0.9986343885037169,0.08912942273152193
185.68497347831726,52.192445049519804,-11.599852577151117,0.9941515469081273,-0.014473474677830172,-0.02403660004933793,0.06015285277880509,0.9977947658167935,0.12116162087027937
185.78232622146606,52.22341157959759,-11.595901334100898,0.9897116746951993,-0.011814021967200092,-0.02497061110524368,0.0760801700683536,0.9967189700152995,0.1530231543068298
185.8816978931427,52.25973297043542,-11.577959047084699,0.9917636017104509,-0.014268818339616407,-0.03015941122604351,0.08997870744527764,0.9953846708404578,0.18127672790005722
185.98366117477417,52.2924253405083,-11.563310196902025,0.9822833271057176,-0.015654405123363597,-0.049558591525547716,0.10075904001860236,0.9935524653790394,0.20410763647910093
186.08307600021362,52.31726005019561,-11.543351444153915,0.9736498270627924,-0.013583443910063057,-0.05479900836694282,0.11056721840746402,0.9922638000789801,0.22402724977401886
186.18441081047058,52.346646914887266,-11.521584768363235,0.968008152509448,-0.01192913060592807,-0.05494180815872716,0.11747192929466943,0.9914834539149024,0.2378201215374911
186.28411293029785,52.367727361042185,-11.499684681381176,0.9618250103106806,-0.009312012196195913,-0.053595360889014926,0.12294700644308475,0.9909212165085165,0.24854284304373167
186.38257765769958,52.385630554847786,-11.48161166332942,0.9549087696667194,-0.007355093917424417,-0.048392901363917024,0.126225399185527,0.9907932066236135,0.2546998090774023
186.48455333709717,52.398397663511915,-11.459425414396135,0.9397821592835078,-0.004020995526550538,-0.04722475954494458,0.1305217541039466,0.9903119333758058,0.263031166368941
186.5848572254181,52.4094105601986,-11.43246459214217,0.9222304325794545,-0.0020474494015256576,-0.046702778229867195,0.13254848071780329,0.9900735117737279,0.26693249730920965
186.6833746433258,52.41671392498339,-11.405286218194643,0.9134172246233575,0.0008559319092247253,-0.04330235595426798,0.13315951538482423,0.9901478257370742,0.26779007081286177
186.78786063194275,52.42462523609316,-11.376484904120918,0.9010567633461285,0.0025924815869849465,-0.04152511423100338,0.13391179957787638,0.9901194745388749,0.2691143526666878
186.88435173034668,52.42582203819581,-11.354073697980885,0.8847680453077479,0.003296189728200883,-0.04077846693533869,0.1340940231128954,0.9901237522315468,0.26940598759771933
186.9854121208191,52.425077426576934,-11.328530972796393,0.8731112056259378,0.004260493963627606,-0.03888939714261965,0.13464286674180076,0.9901215892084261,0.27039420036847756
187.08346390724182,52.42008398923845,-11.30331591213168,0.8660308535515477,0.005236080711700777,-0.03782287563756224,0.1350635742469311,0.9901009263953497,0.27114840321202976
187.18307423591614,52.41645592976784,-11.280006000648232,0.8621159411252676,0.0016704847705306593,-0.034015826046459016,0.13808358494602985,0.9898348633117855,0.27742132408191994
187.2837381362915,52.40392150493672,-11.25288920204984,0.853823228868295,0.00379450423776586,-0.03470497559664076,0.1418426668051001,0.9892733819728718,0.28490193641122347
187.3843023777008,52.402509205829936,-11.23097650705718,0.8435582833239889,0.004549608171441086,-0.037974922742766246,0.1428823653266918,0.9890004226423855,0.2870286139949575
187.48294043540955,52.39510449072647,-11.2049682017924,0.8344362678881522,0.007415456363451678,-0.03670157208147681,0.14079988489492234,0.9893297721322484,0.2825754962302856
187.58458137512207,52.38540286027052,-11.192433627204464,0.8261889486820382,0.008723783178753431,-0.03677555333514387,0.13839914381574256,0.9896550567116875,0.2776218327615933
187.68269109725952,52.3761661491644,-11.184496058634899,0.8178091361899599,0.010772223631822246,-0.0343777923134848,0.134018907617738,0.9903237142442995,0.2685906165062908
187.78386926651,52.36649471617587,-11.16270931240844,0.8116263320209761,0.009983737548407817,-0.03443563133902173,0.12793136340614975,0.9911347428760083,0.2563415784798981
187.8921070098877,52.354810783892006,-11.145528177831617,0.8062961160410345,0.010526421538123557,-0.033791950192239927,0.12624401060636908,0.9913676151346814,0.25289177790951867
187.9843246936798,52.3473241950165,-11.13459751181892,0.8065263849382167,0.009459477050004574,-0.033085652004246124,0.1239635353913759,0.9916899212045394,0.24835446183460574
188.07892870903015,52.340893351915284,-11.127079934096253,0.8070589181506574,0.00937473402984529,-0.032499805627977156,0.12353086710637001,0.9917640857925647,0.24748301066546732
188.1806137561798,52.333411035451505,-11.122869858172484,0.8094787554369886,0.009077351952676182,-0.03074815325289479,0.12244384257697635,0.9919574880850733,0.2452984032332425
188.28254175186157,52.32386054761421,-11.122783162521086,0.81559738164887,0.009179108455412822,-0.029843083518940546,0.12578525771970184,0.9915660357608229,0.25203257239186927
188.38320660591125,52.31453180895337,-11.121410418498188,0.8117642339989701,-0.007869105106698795,-0.025617413836983335,0.12703380506048195,0.9915363017383579,0.2553886118529984
188.48221683502197,52.30562331449191,-11.12167795812626,0.815231840850677,-0.01872586757256786,-0.021619023375238897,0.12942863548710873,0.9911761639728331,0.2605054168633481
188.58428168296814,52.30438567449144,-11.115509305586542,0.8098625243751978,-0.019612027511764264,-0.02181423182631076,0.13222197798840696,0.9907859790103709,0.26618570817192816
188.6862337589264,52.3108887281209,-11.109131096345468,0.7949051644282706,-0.015365483471469708,-0.020570487778773044,0.13383609302097244,0.9906708117003917,0.2692264332273687
188.7806806564331,52.31458811737942,-11.099179205149248,0.7759759844637624,-0.012332999026153098,-0.02013510327979643,0.13534440742050602,0.9905172215216275,0.27214508151806777
188.88599920272827,52.3171595726551,-11.081775169430045,0.7564963320113173,-0.0073444805025858415,-0.02072855735393285,0.1361781116466463,0.9904402593920167,0.2736664994104548
188.9843499660492,52.318868398120856,-11.065415981183746,0.7446086108618364,-0.004024302848524681,-0.020397561547038694,0.13724750311399447,0.9903185686224873,0.2756910137575553
189.08438229560852,52.32477383516906,-11.044718372562631,0.7287297018617843,-0.0004853446098754445,-0.019368830917953852,0.13776180864384724,0.9902758690933843,0.27657537505325763
189.185711145401,52.327205408905336,-11.024638640021443,0.7196819513303238,0.002931948719103418,-0.020745842071734983,0.1349449271608184,0.9906315563048679,0.2707711657205598
189.28743314743042,52.33750402015087,-11.010980244031206,0.7117912029829991,0.002931345260707013,-0.020204220827473647,0.13058809853606085,0.9912264853182915,0.2619682657890626
189.38291358947754,52.35387030748795,-10.99462435644501,0.7105334929853285,0.0016564316128029437,-0.018799506986620484,0.12103072384350143,0.9924693439382852,0.2427236240144701
189.4813756942749,52.372795227233624,-10.979841654763165,0.7062613306878197,0.0027678142170459376,-0.018155196799540082,0.10693314559727086,0.9940965900788026,0.21428251798153586
189.5847363471985,52.394164354089035,-10.970915602218843,0.6997204212020119,0.00132928536686872,-0.018081144377947667,0.08876575472686021,0.9958875167438179,0.1778049810619056
189.6860568523407,52.41058593678554,-10.962828240341972,0.6981311505330162,0.0016760047986268877,-0.0166999416421733,0.06640207604022352,0.9976517765506216,0.13290178441184514
189.78558778762817,52.43503436789252,-10.95456005792942,0.6951753046219341,0.00028515468375832196,-0.01456447954999782,0.04272626348676939,0.998980610938322,0.08549745744539147
189.8843286037445,52.45752102513268,-10.954404686622334,0.6779136028902517,-0.0022611910714895643,-0.012002709762023247,0.014887922454918502,0.9998145686767538,0.029837577206389024
189.98581862449646,52.48549047536871,-10.949708567011646,0.6591742977986792,-0.005165880142731438,-0.009477750654152803,-0.015334382625986099,0.9998241558566029,-0.030575797382359795
190.0957534313202,52.51950780528238,-10.943046078213104,0.6402672425176832,-0.004423321590738926,-0.009938477543897479,-0.04644034877247383,0.9988618297322736,-0.09283940818482404
190.1860888004303,52.555053134832946,-10.939424413864717,0.6197093263519102,-0.003642807107348419,-0.010920376602955242,-0.08039816321804776,0.9966963482838654,-0.16091918981587652
190.28523755073547,52.59027026928654,-10.93864776141231,0.594056870013649,-0.004749167422633638,-0.009566954204151837,-0.11555158944736885,0.9932440530767018,-0.23156123008482482
190.3871569633484,52.63894989251567,-10.93584004488579,0.5697044729444474,-0.003126753131329207,-0.01035877802998916,-0.14834325138543836,0.9888767359489138,-0.2977698004299245
190.4938838481903,52.6877657751839,-10.94190535685482,0.5445587965548049,-0.003789323220072876,-0.011263063279762908,-0.17909162716292562,0.983760628158713,-0.36011160756050464
190.5836946964264,52.742421658525,-10.946568502812829,0.5207087301896615,-0.006457639552919738,-0.012794863901579972,-0.2054758816602251,0.9785572300101296,-0.4138407555827864
190.68848729133606,52.79321092061104,-10.953700984330993,0.4934933944311592,-0.008941845953702229,-0.015765176086649565,-0.22579778519307997,0.9740055763781832,-0.4554208344066296
190.79123282432556,52.845637848991075,-10.958219080541001,0.46350438399796945,-0.00962615051924504,-0.01781260904024343,-0.24134928926703617,0.9702270707188378,-0.4874161167458819
190.8792564868927,52.90305492608334,-10.967906171765975,0.4439164704746593,-0.008600550763627356,-0.017942922573383088,-0.25096734016961425,0.9677910292125449,-0.5073122267908554
190.9867067337036,52.961522380882414,-10.971903588713833,0.42578157745565376,-0.00749020205218175,-0.01816482562975534,-0.2584680628561378,0.9658199606895965,-0.522876370993109
191.09258723258972,53.013578511906985,-10.995054168987753,0.41526410177191386,-0.006514227983333815,-0.019577689224603092,-0.2607901650832315,0.9651749938297547,-0.5277475073700157
191.18830728530884,53.077249349837615,-11.009874549200733,0.41197862067514696,-0.006363203475850856,-0.022481935129853713,-0.26186046448541833,0.964822869429318,-0.5300352483246146
191.28386902809143,53.13515879616902,-11.023213006809932,0.41249316763019117,-0.0065999997123430505,-0.023608654838278068,-0.2642198568003528,0.964150890002662,-0.5349484276174689
191.3885395526886,53.198364866270026,-11.041066487881203,0.42333352143196257,-0.003580638285028378,-0.023924960404358087,-0.2646948269903828,0.9640287463886402,-0.5360742016195243
191.4873492717743,53.25890760554058,-11.056247455371224,0.43002369455046624,-0.0032969266713627956,-0.027996410313052403,-0.26432916314880256,0.9640204483272958,-0.5354702984430217
191.5673689842224,53.318965793342535,-11.076236334764957,0.44249882979277366,-0.0023484877088635462,-0.03326268743785341,-0.26716765687148564,0.9630729574397222,-0.5416480073324611
191.6701147556305,53.374920874278686,-11.097651230488522,0.46333025437517433,0.000927220585580065,-0.03670159763423821,-0.2731808468657449,0.9612618570913936,-0.5545471067466403
191.77822041511536,53.430149718323925,-11.128647063092002,0.4851800499258588,0.003245646844903571,-0.03934341008105238,-0.2847322213824372,0.9577938838635247,-0.5789742164268227
191.89201521873474,53.48276367251352,-11.164454769018063,0.5166228481183659,0.004168399952132996,-0.038324577833244576,-0.2998701741011694,0.9532007815042312,-0.6106764620877879
191.98642349243164,53.53280162996535,-11.195475743493404,0.539507509102829,0.002656288302108858,-0.039035473077271406,-0.321147026304412,0.9462207794536766,-0.6554911611976316
192.08845114707947,53.58410236451969,-11.236055815005939,0.5752595370887132,0.004130870785572578,-0.03708461903625845,-0.3442109923287572,0.938150552788592,-0.7044221738940657
192.18874096870422,53.63298758923038,-11.28585781541293,0.610040280430109,0.005344735105038314,-0.03633971474841184,-0.36982966834442527,0.9283732414018154,-0.7593617811704461
192.28701257705688,53.679286642850954,-11.328055168660994,0.635724039310503,0.003286783602449169,-0.036551793399924856,-0.3937592521708901,0.9184807100764943,-0.8111407719072262
192.3874831199646,53.71805102380113,-11.379998014080089,0.6672686620737798,0.0036414558698049976,-0.034269210819552885,-0.4175303671129388,0.9080092254638649,-0.8630434719115304
192.48866391181946,53.74861416152492,-11.42712685886733,0.6915230514707407,-0.001391001292154075,-0.033227829878407354,-0.4410001035110545,0.896890676247789,-0.9147872104365921
192.59138751029968,53.77666277106925,-11.474003779745317,0.7249761654837613,-0.006083672668768166,-0.032843100124813396,-0.45847283248958925,0.8880805039916279,-0.9537471628242943
192.68595719337463,53.80336392712054,-11.522406367897476,0.7558451329544524,-0.010147513308018514,-0.03168634953227398,-0.4739013289802497,0.8799491653599857,-0.9884274531557133
192.79139804840088,53.8378356002781,-11.569896358858129,0.7889583337362527,-0.01210594683767116,-0.029688746857633622,-0.48351869467852104,0.8747466468970121,-1.010148912445354
192.89061403274536,53.85802805073854,-11.62229248523866,0.8270313083287195,-0.013824014167173895,-0.028404245443777485,-0.4894848468676118,0.8714394300007695,-1.023675788775626
192.98728132247925,53.88142279926786,-11.677021925487866,0.866731229890287,-0.016710837832609637,-0.027248606885442523,-0.49302480466252196,0.869427859749857,-1.0316355146695593
193.0887951850891,53.91335633031987,-11.732459964588088,0.9012655444954596,-0.01755736636229827,-0.02814339002549907,-0.4934234704897335,0.8691564687984321,-1.0325761868537906
193.1881866455078,53.94259842675248,-11.788732155731669,0.9366645967990122,-0.019844907323589445,-0.028837928611746205,-0.49304762693614024,0.8692977574452512,-1.031661620665584
193.28875946998596,53.96695203247811,-11.854436450728823,0.9611152489111614,-0.022942116230071474,-0.029266533000557867,-0.49109378609500876,0.8703126005108066,-1.0270576534418063
193.38821721076965,53.98353300030156,-11.907090246401076,0.9833835307511293,-0.02391621718359564,-0.028448105874810472,-0.49009083856298785,0.8708786883282826,-1.0246607672252719
193.49116778373718,54.00063615946929,-11.966347064201829,1.0078515992418966,-0.02437517312228373,-0.028490100546288314,-0.48855124513712506,0.8717292274445579,-1.0211043736471468
193.58718490600586,54.02037061886834,-12.017685125168127,1.0193727347689214,-0.025276302294567593,-0.026637312402455798,-0.48427076380308276,0.8741472355706826,-1.0111502755727975
193.68736290931702,54.03911583135842,-12.070679746334662,1.0334555540202477,-0.02542493549451078,-0.025096631515413248,-0.48023317038121527,0.8764130497700763,-1.0018381301166324
193.78983449935913,54.058300519359406,-12.117297404344656,1.0482992196509586,-0.02630859313961357,-0.025433200455968072,-0.4750061068140917,0.8792213650332323,-0.9898922236242643
193.87698793411255,54.07301121798923,-12.168968673046814,1.0527484560524407,-0.0261050341858631,-0.026755187538806173,-0.47010365259713116,0.8818192802069786,-0.9788095172900279
193.98566341400146,54.09640346156623,-12.22050620597609,1.0613797025575276,-0.025212223591137145,-0.02589693949215695,-0.4682944735166412,0.8828329277843583,-0.9747070670612158
194.08847093582153,54.12442429310034,-12.272895070474602,1.066772926803826,-0.024181692238229417,-0.02542846706888352,-0.46593178329697943,0.8841245456024388,-0.9693782249488052
194.19124627113342,54.148921216061574,-12.3251316301521,1.0762311680780192,-0.024243003840927993,-0.02425627464150701,-0.4638418617961198,0.8852539958400605,-0.9645998063899509
194.28901171684265,54.16955466060505,-12.368936887215252,1.0819535327157783,-0.023641303838673234,-0.02556392474497345,-0.46081612265337074,0.8868123113754987,-0.9578405353263043
194.38997983932495,54.18738660304437,-12.411381433482905,1.0868443346148333,-0.02498322727650048,-0.02732068757780705,-0.4596710237718472,0.8873172872708321,-0.9552703378853843
194.48889756202698,54.205612109768055,-12.453566263239848,1.0904031199164306,-0.02412809448260189,-0.02484234829572796,-0.4569673373050734,0.8888090601609007,-0.9491116555263935
194.59025359153748,54.23105484149865,-12.497056237969549,1.0883282963553067,-0.0254728064887214,-0.025557058069624355,-0.4536261360024606,0.8904612858782189,-0.9415596670882872
194.6889247894287,54.25872530044494,-12.53641518923256,1.0909680780610007,-0.02545735668821711,-0.025912104161041515,-0.4503795546477563,0.8920979445126442,-0.9342807165955159
194.79050064086914,54.283057936980676,-12.575015447652598,1.0922435599493112,-0.026941759052741484,-0.026878243621442467,-0.4453319796843414,0.894556386992679,-0.922933179450813
194.89118719100952,54.30946462962491,-12.617936814978147,1.0894799928475982,-0.028127683493292224,-0.027344712988286342,-0.44212287604460515,0.896096235105882,-0.9157145072866313
194.99056577682495,54.337156445750594,-12.653778969897118,1.0934521642304358,-0.028281995557593146,-0.027306414390188178,-0.43833832440037696,0.897949888257859,-0.9072572749431734
195.09173226356506,54.36283410178252,-12.68655051576856,1.0921193270869907,-0.02698987688909486,-0.02567085590688297,-0.433792024389822,0.9002427635245394,-0.8971430193693426
195.19258284568787,54.383234626328985,-12.721632040401365,1.08815271340603,-0.026951937870793197,-0.02732731061946944,-0.43106499028986617,0.9015041792946462,-0.891138724852126
195.2871561050415,54.40386412447338,-12.753439213176504,1.0802975760917695,-0.027947460941574673,-0.025995868038984474,-0.42862852501768706,0.9026742168761557,-0.8856379939182981
195.38828873634338,54.42451844572812,-12.788071013460597,1.0688225491030527,-0.027585337110518984,-0.026941686652093035,-0.4244258891432047,0.9046412876504364,-0.876373607352134
195.49150919914246,54.450010940511646,-12.819501820727659,1.060204923922432,-0.02562641163701417,-0.02681318190843313,-0.4198428522710735,0.906838640387277,-0.8663376636160826
195.57945346832275,54.486271993649886,-12.8430376047927,1.0586878512386582,-0.02636125751822815,-0.025602333100927067,-0.41635719297222445,0.9084581952418816,-0.8585759054741899
195.68589782714844,54.52293001028285,-12.86399247166809,1.0476468681334583,-0.027533037410294017,-0.025586461165690563,-0.41220475311241206,0.9103156081093609,-0.8493755693202748
195.78593182563782,54.55647430554691,-12.879888325131132,1.0327793908929217,-0.02559333950235915,-0.0246710911935611,-0.41067374738792106,0.9110891237627623,-0.8460825287378267
195.8884048461914,54.59299190904214,-12.897002362219279,1.0224012702944711,-0.025953898330089552,-0.026830277622297977,-0.40850186187195864,0.9119938378143381,-0.8413536608590401
195.98679208755493,54.61768086522331,-12.910754094029487,1.006409808128801,-0.021892600610337615,-0.034255657411590326,-0.39641782572933704,0.9171696524732167,-0.8154141833544601
196.0914180278778,54.579881675773315,-12.91615677655731,1.0000179343398972,-0.027219471709866973,-0.011335709966306368,-0.38882154793789214,0.9208411404246538,-0.7982014239552937
196.18424463272095,54.554801309388914,-12.92157980837265,0.9907553282440764,-0.027700378304522384,0.02143551964729612,-0.38514430132429955,0.9221914523007974,-0.7918568158626414
196.2888023853302,54.54117714769931,-12.930528185206663,0.9885754899392307,-0.02681892189889832,0.034373594210307404,-0.38378209252900297,0.9223939000791938,-0.790197281372769
196.3698103427887,54.535118608623904,-12.94054398335944,0.9883317770934867,-0.026368786732012667,0.03126937019205903,-0.3851393243676841,0.9219515249728032,-0.7927776471876371
196.47691583633423,54.54539197928856,-12.951098428060819,0.9798230838929819,-0.02243902356824006,0.0217184015665549,-0.386965248714924,0.9215653517476093,-0.7957458337248073
196.58902025222778,54.560135062654155,-12.96587717209655,0.968775331880957,-0.021120329725606266,0.014875882145228345,-0.38736578983053443,0.9215640968872698,-0.7961048095843671
196.69121146202087,54.58794392402529,-12.992909308885713,0.9633828450474486,-0.019596621357759646,0.008775783661088636,-0.3882292486223658,0.9213126551646883,-0.7976334855139736
196.78433752059937,54.608990635159415,-13.01271260069611,0.9509006546728046,-0.01624288822013781,-0.00012661530933010911,-0.3703803939041017,0.9287381312093705,-0.758757696293732
196.8871762752533,54.588200519081056,-13.023647838040606,0.9471923287602035,-0.020891892581491385,0.0101666448856813,-0.3524432299899727,0.9355447278406133,-0.7206639691458511
196.98699259757996,54.56951500493409,-13.033397584012064,0.944163827369552,-0.025255041397603678,0.03236446381318101,-0.3406876809703415,0.9392798456270322,-0.6974266392902546
197.08902764320374,54.558088160700926,-13.048378836255537,0.9388453749892756,-0.025022064026661277,0.03801341435943388,-0.3295080816613764,0.9430553010086011,-0.6742904648574182
197.18669652938843,54.56244185101404,-13.065157976927834,0.9353595504790647,-0.02382705685581751,0.03350069337787967,-0.3221333678721912,0.945801283678612,-0.6581449694274248
197.2844202518463,54.57954549791458,-13.086404965887144,0.9321384865725699,-0.0221775958652877,0.026753347361617892,-0.3159736411777361,0.9481313573168372,-0.6444523981195123
197.3864405155182,54.60945113149759,-13.103287787887963,0.9353975432632864,-0.019037768952015224,0.0201486147149018,-0.30181446736801154,0.9529636005460879,-0.6140866018538591
197.48812627792358,54.60976787178169,-13.126264707302958,0.9347272801960049,-0.0209184993614455,0.01685644424693405,-0.2651756318021256,0.9638257938912813,-0.5374983411120696
197.5900158882141,54.60122409749517,-13.152148989045122,0.9342329682401701,-0.02734322594477949,0.0333182180799475,-0.2416998998766287,0.9693933168423112,-0.4904793086272504
197.68689131736755,54.602550363812874,-13.176448876983864,0.9352701831642285,-0.025462681626627497,0.04151389105273504,-0.226239463745627,0.9728535109347829,-0.4593597223961062
197.78512239456177,54.61605623834093,-13.198562774823166,0.930945322799044,-0.02125910826283829,0.03686326953841871,-0.2199794786224931,0.9745758968186022,-0.4458042966961499
197.8844177722931,54.64413254388875,-13.218804924449802,0.9250594906418964,-0.019909747483505977,0.030007458561056244,-0.21962532652741548,0.9749194173538527,-0.4444502447116703
197.98738169670105,54.661523194174194,-13.244913279889548,0.9146295906269876,-0.011351198164850983,0.022151217810118234,-0.1833816334297464,0.982726640714695,-0.36956627266533615
198.08664560317993,54.662064575106086,-13.275544553473546,0.9108062703137201,-0.017757498210268757,0.03219913022110756,-0.15160702188828296,0.987756649273738,-0.3059048747885015
198.18428564071655,54.67803918390475,-13.308809640166713,0.9027153313964705,-0.025064813251695437,0.04367841570799951,-0.1390651336329289,0.98900194122436,-0.28185677895256855
198.2862298488617,54.70663074247505,-13.336587100709393,0.894157301588102,-0.026217350531432197,0.037823713761095855,-0.13805244410270648,0.9893551131346621,-0.2794010426374012
198.3874273300171,54.73752044406313,-13.36170859325672,0.8782469642075942,-0.024341399052080843,0.030477847461298092,-0.14382932985316796,0.9888335152998718,-0.290401433649063
198.4858992099762,54.79047044195702,-13.397409987646212,0.8539381119384979,-0.022677583929949324,0.020566287732505583,-0.15096072718743037,0.9880655918728504,-0.3040868243964517
198.5887267589569,54.859234497081715,-13.415958219910818,0.82277943857101,-0.02129331739637062,0.011310057074072627,-0.1574288820884761,0.9872359516992942,-0.3166223439055369
198.68834447860718,54.92250094808948,-13.430227782925195,0.7976223862222245,-0.020911184797871175,0.005785578698036708,-0.1587806278186872,0.9870754589487988,-0.3190898397715617
198.78858160972595,54.99673071580381,-13.452325332052052,0.7656669440745787,-0.02119379519824476,0.0001147030018659952,-0.15424929939874132,0.9878046180917124,-0.3096730689208207
198.89021682739258,55.07510432650677,-13.463744276864958,0.733258352197552,-0.01783447694431175,-0.005058354070167236,-0.14345087197111336,0.9894838006844533,-0.28768869260542074
198.98729252815247,55.16244189425737,-13.469752028968475,0.6982706957131836,-0.018013878030357526,-0.009688290757126282,-0.12740394328149915,0.9916399913561561,-0.2551599323013221
199.09773325920105,55.245937692971275,-13.487704520966213,0.6644039082812147,-0.016497675967125622,-0.015734110817858898,-0.1085111471291299,0.9938337866027576,-0.21699467254102725
199.18102192878723,55.32701294847936,-13.501656700221954,0.6416945127307487,-0.01672764974893056,-0.02048320071359242,-0.0887919161724869,0.9956990608837701,-0.17723003303935891
199.28430461883545,55.414555954665715,-13.507677712082447,0.6217934367471386,-0.016336128483143923,-0.02385627635081381,-0.0684831290977164,0.9972332074363757,-0.13639925599049807
199.38848614692688,55.50066075729344,-13.517240124217624,0.6121015469805641,-0.012179348732305924,-0.028050353883828802,-0.04738989380737091,0.9984082527084674,-0.09423896013012557
199.49204754829407,55.58188230620697,-13.522496690968598,0.603611583830179,-0.009729087633460256,-0.029598761515659534,-0.02781532858347008,0.9991274021196461,-0.05513234537088037
199.5853807926178,55.66536543262779,-13.527620648778319,0.6059569510683411,-0.008356975938381216,-0.03192854396349342,-0.011898497644152812,0.9993843879045483,-0.02329858622463709
199.6948459148407,55.74751847936151,-13.532159855005922,0.6121351647698301,-0.007004058183320177,-0.03115764165054409,0.002920307633298383,0.9994856759048966,0.006286301208661211
199.79218339920044,55.83100707050075,-13.536420100560042,0.6173614145361489,-0.00505863327266428,-0.03189402845514862,0.01327701638265699,0.9993902651188321,0.026918288656152173
199.89017963409424,55.91694763358829,-13.539199330646618,0.6296305117715812,-0.005730141851833857,-0.03236414471362208,0.018634942328072897,0.9992859783544162,0.03770151662250834
199.99637842178345,56.00214634355071,-13.543862942691652,0.6478188984114419,-0.0034336954427348627,-0.032519240572259765,0.01769162811701986,0.9993086185072052,0.03566478421668052
200.08935618400574,56.07841876310603,-13.537747511513546,0.6704422193561743,-0.001627087527522205,-0.0332750462335346,0.012936301981657544,0.9993611839447104,0.026024838170006816
200.1920132637024,56.15533038488847,-13.538443817470423,0.6922331618961141,-0.0007712161139996281,-0.032444170057450795,0.004773534382318324,0.999461852410831,0.00961235299649821
200.2897207736969,56.23485317276257,-13.539895682891336,0.715303511965802,0.002509010745720994,-0.03297516970518824,-0.004931000409130544,0.9994408578214906,-0.010043950907499549
200.39208984375,56.308155177999055,-13.543143057695508,0.7356890861749888,0.0037417219603284786,-0.03455614543894262,-0.017442040073366284,0.9992435376659953,-0.03520728574107168
200.49305295944214,56.384768081670956,-13.546179496154961,0.764567279617949,0.00583280095145981,-0.03312028203000716,-0.029650472976533636,0.9989944318181063,-0.05979291973939429
200.59114170074463,56.45714349099859,-13.54811898260545,0.7868609556664876,0.006076762248649059,-0.03622516638606386,-0.042177829809306774,0.9984346953874612,-0.0849853728840873
200.69170427322388,56.530035965010406,-13.550997249021139,0.8105745200751642,0.007471504910013749,-0.040326267459632026,-0.0559990590790483,0.9975881285126719,-0.11292822474707333
200.79202914237976,56.599371489889116,-13.548594621412425,0.8361957720080883,0.010413646912372876,-0.04339009359871726,-0.07522186524518024,0.9961679209473244,-0.15190048355604693
200.89042592048645,56.65940635439581,-13.554430450930033,0.8569981332039184,0.011941317474734356,-0.04483598376758131,-0.09627476645166959,0.9942727537457904,-0.1944713893325159
201.00039100646973,56.72020621112217,-13.560676068775841,0.8822873411235072,0.011277632922554449,-0.04589280701144263,-0.12074973449076723,0.9915574450734984,-0.24384795573127116
201.08954668045044,56.77888714643704,-13.566686474197887,0.910701653694782,0.012992992194909125,-0.04616686766422066,-0.14720369388035193,0.9879427488432095,-0.2975503908545821
201.1953022480011,56.83629702700469,-13.583621522517703,0.933769049167094,0.013751768574639165,-0.04560802190838325,-0.176031824953961,0.9832312005841006,-0.3561533829907099
201.29164171218872,56.884048162415816,-13.60254771131376,0.96833876626515,0.014062365910230683,-0.0462330649394452,-0.20630159146868227,0.9772944320565838,-0.4180611390151396
201.38286447525024,56.92554887217618,-13.620464311180042,0.9897218837234664,0.013802768690508341,-0.04422585511174707,-0.23569914193838865,0.9707211091789538,-0.47829778391576044
201.48724555969238,56.9621549709991,-13.649434729359381,1.004782749801674,0.012979515340289167,-0.04238170518368683,-0.26632311178489765,0.962864125085395,-0.5414816250647743
201.5904505252838,56.99042933216034,-13.680884959382665,1.0236147151770398,0.011451996423220714,-0.04029688990739084,-0.29621896506735385,0.95420088931846,-0.6036180231096312
201.68931531906128,57.02063909927608,-13.719491643944393,1.0390475038502207,0.009620717110666732,-0.039464455151473864,-0.32592381527302094,0.9445229828965261,-0.6660517113495033
201.77779507637024,57.04646899865265,-13.75484846544819,1.0519305679815103,0.008391271530164689,-0.04060908029954348,-0.35791584040331675,0.9328326432687268,-0.7342962346554907
201.88850331306458,57.063617235384385,-13.795077272599835,1.0648667389919966,0.008477918738702477,-0.03998108820585017,-0.3878482107452771,0.9208167042910457,-0.7988650244394572
201.98760318756104,57.081543175049376,-13.836818105993082,1.0729856771710007,0.007343292158682762,-0.040415642935397754,-0.41763715574698995,0.9076848891581015,-0.8640524651051149
202.09243822097778,57.09785451676414,-13.885787815903917,1.0822877107736022,0.006362950354275754,-0.0373222487446093,-0.4466260923355907,0.8939192895650451,-0.9280673550846701
202.18909311294556,57.105366946029164,-13.936166858304327,1.0872954036984637,0.004183412495877152,-0.034889389843873964,-0.4759045145789771,0.8787946987434321,-0.9938194306319813
202.2914102077484,57.1081328628743,-13.992234677179852,1.0978489770042055,0.00032977091601137576,-0.031182176198207616,-0.5036060684106064,0.8633704251355258,-1.0569603988686862
202.39018535614014,57.1029356150087,-14.045850717663596,1.1019600481692138,-0.0026611801132576792,-0.03172450355213648,-0.5283058417230622,0.8484570770499013,-1.1146627886986704
202.4944727420807,57.09230258185088,-14.108594633077264,1.1029231510732116,-0.005514389981429635,-0.031009038116004386,-0.5524753542689375,0.8329339793667112,-1.1720461936499758
202.59442234039307,57.07619469020035,-14.164250123943058,1.1013337076111966,-0.009941129778583694,-0.0300703871755963,-0.5762763566105593,0.816640990010601,-1.2295974907274807
202.6842863559723,57.06205107804366,-14.228389618670183,1.1068796693196694,-0.011694838519141926,-0.024954856379590117,-0.6002749908299501,0.7993187232132053,-1.2885646363957703
202.78756046295166,57.04708499996574,-14.293089421853669,1.1069024254271789,-0.012305336374880314,-0.02370506040682218,-0.6241874428508719,0.7808179589347952,-1.3490247371291295
202.8866410255432,57.038734979264625,-14.355584330083113,1.1019812577508927,-0.017845779059265307,-0.022110856954395134,-0.6477407305920877,0.7613307980809253,-1.4099592584026175
202.9927945137024,57.02262708678411,-14.422646597432825,1.0963172498945866,-0.016696043088912357,-0.0187303269157394,-0.6704813864365605,0.741501940281285,-1.4702931153176442
203.08475613594055,57.01153426904541,-14.490761201653259,1.093901633787291,-0.019624870500012874,-0.017068231635332783,-0.6933795860527813,0.720102971506141,-1.532869485640696
203.1863296031952,57.005444968967964,-14.557437752098357,1.0942817102430473,-0.022728331509993465,-0.014026753057990728,-0.7137526845665626,0.6998884042613129,-1.5901030135509597
203.28608107566833,56.99801764059829,-14.624274965210834,1.0943131072721848,-0.027147257822795274,-0.011957711323646578,-0.7305659063107983,0.682197549151919,-1.638693936402125
203.379709482193,56.98076391531696,-14.70245022668869,1.0926368023807327,-0.0315528122429442,-0.010418811077214036,-0.7440978853799948,0.6672437376164118,-1.67878632180811
203.48338437080383,56.96107151088722,-14.777979301425237,1.0981369689110323,-0.0349464828159864,-0.011279482500306118,-0.752871624502651,0.6571421715519835,-1.7053937365677874
203.59142303466797,56.947836760243426,-14.848202366911837,1.0964287493024465,-0.04028762819560376,-0.010175153572072004,-0.7581840228337536,0.6507152685958609,-1.7216770693701522
203.68517923355103,56.94229043707868,-14.917224859525898,1.089683522769807,-0.041926505522334026,-0.011517836244833322,-0.7612203486795907,0.6470340704623252,-1.731156592319183
203.7875053882599,56.92645982921211,-14.987824237005807,1.0853524741705884,-0.04606635699698616,-0.013515149703175341,-0.7581445795039776,0.6503168674194636,-1.7218784804127265
203.88427996635437,56.91969808526175,-15.064371505613408,1.083746261588083,-0.05037247166340149,-0.016166960989181686,-0.7499157452925752,0.6594146028358606,-1.6969929546631413
203.98383927345276,56.91633529448856,-15.125159000247763,1.0777519188140967,-0.05361171104141054,-0.01663630353021389,-0.73940699686608,0.6709145331780701,-1.6654254297983015
204.08510732650757,56.918452104847766,-15.184448774254726,1.077829035378521,-0.05532073164570042,-0.01755356246965969,-0.7235747330095874,0.6878016391699807,-1.6188131258565002
204.18510484695435,56.922415102442535,-15.240992846676942,1.079322541723459,-0.057431351040921105,-0.01888731184094249,-0.7052814693899034,0.7063447871289603,-1.5663276867755405
204.28644609451294,56.924016306381894,-15.296932965127404,1.0783661770041952,-0.059521579992196164,-0.02025969913347008,-0.6847495126709099,0.7260611757993986,-1.5089602027870987
204.38484907150269,56.93239963439228,-15.347526691778606,1.0782131529183046,-0.05972602795914424,-0.020978836914861968,-0.6624479051163892,0.7464284714511035,-1.4482972592734185
204.4847550392151,56.95019571510586,-15.391701919098924,1.0758112826484791,-0.06152473817967755,-0.021136608710006697,-0.6385646543872856,0.7668136230736962,-1.3850112638261736
204.58782935142517,56.977952672454336,-15.432395867660201,1.073209969008229,-0.06113239032110932,-0.02046139218028061,-0.6151643092277149,0.7857588910957741,-1.324599473817067
204.68494176864624,56.99667592734408,-15.470797091945936,1.07533694488404,-0.05722573460231892,-0.02045487505860007,-0.5891315484409128,0.8057486158952895,-1.2592194992406833
204.78305411338806,57.02863876608427,-15.496662353301554,1.0686636820258677,-0.05423348470077379,-0.021960574256424174,-0.5625226024307978,0.824708908688406,-1.194029956163301
204.88199472427368,57.06437127701508,-15.515986123153844,1.071711252875039,-0.052108616935308175,-0.019383899638315053,-0.5348427709375775,0.843120493673185,-1.1276159963023373
204.97807025909424,57.108447657877946,-15.533347999013303,1.067740467643759,-0.04915721695919549,-0.018778613743860917,-0.5080920901126416,0.8596937592257216,-1.0648662257672505
205.0827341079712,57.149260697323115,-15.55805524778409,1.061277851109743,-0.046401904823593076,-0.019807121392218723,-0.4801346303147118,0.8757427007651569,-1.0005317177288333
205.18425393104553,57.18539939072946,-15.579876430627966,1.0571625460671423,-0.04453732430303384,-0.020418877697164616,-0.4507561121687515,0.8913015334442248,-0.934092273656483
205.2884397506714,57.22111525969519,-15.599504115151161,1.0543487786649892,-0.03943596438064625,-0.02245389500213218,-0.42387738052616303,0.9045819993736776,-0.8744632103578851
205.38557744026184,57.26265469921185,-15.604339861841964,1.0467839349646293,-0.037672183043908763,-0.02322744395997227,-0.3958589191354757,0.9172442469771536,-0.8130062170891372
205.48108959197998,57.30691668611216,-15.622101731802864,1.0469070397550784,-0.03573769002536575,-0.024441495697770443,-0.36572276624728317,0.9297162411446526,-0.7478097895878949
205.58262968063354,57.34541060227159,-15.626397679784798,1.045671883678797,-0.03358224547136356,-0.025069685173465604,-0.33734829096602664,0.9404466355177764,-0.6872063190093337
205.6835789680481,57.38949480590806,-15.627135600539328,1.0424048353611242,-0.029649799664833977,-0.028758278946369516,-0.3091966227482199,0.9501006784825348,-0.6278386008581746
205.7825448513031,57.43961134825629,-15.631484551662277,1.0428936857927151,-0.028478101856866382,-0.029685154509989944,-0.28255169726095736,0.9583696195577677,-0.5720194797067503
205.88287472724915,57.489968296814645,-15.626249696144907,1.0456282761838454,-0.02714524024652778,-0.03224069305463411,-0.2568487027703598,0.9655321939368456,-0.5186202766724521
205.983389377594,57.54257771895555,-15.612569290907535,1.0478711782981194,-0.02616144540511816,-0.03184418436196723,-0.23232144338023392,0.9717655445848864,-0.4679931170252695
206.08426570892334,57.600752086926725,-15.607887412858085,1.0514477974157386,-0.023535182710149708,-0.030798801926238885,-0.20804098133673435,0.9773517683307054,-0.4182971571408371
206.1795516014099,57.656793078240135,-15.597101034895914,1.0478474219603426,-0.02321367933832401,-0.03222094335910679,-0.1758994883235922,0.9836067841917954,-0.35268766681890157
206.27789330482483,57.69942533855486,-15.596140443735596,1.0561393882805818,-0.027576007231942038,-0.029735432518214644,-0.10687993137573609,0.9934445370262078,-0.21276650069159062
206.3787362575531,57.73177942385986,-15.616016140188934,1.0768957107466037,-0.0367356274013858,-0.02127416176288025,-0.05642603540187262,0.9975038878368043,-0.11135801146120632
206.47562170028687,57.76445889674284,-15.63214011952125,1.0921874794321533,-0.04071092164461395,-0.01685264551008301,-0.028883751056816346,0.9986112046853096,-0.05638151682179407
206.58230328559875,57.79446579853461,-15.637061700953835,1.108959219042431,-0.038873477982316613,-0.01637691093154203,-0.01391869348201341,0.9990129726233051,-0.02655495108650258
206.68253302574158,57.82277572305357,-15.64431046914758,1.1083969848392947,-0.03346752624047376,-0.015175676284542467,-0.010097283248616995,0.9992735703538081,-0.019174504882393046
206.77878046035767,57.86467863627321,-15.645998888648865,1.0930479253198044,-0.02848303389629116,-0.015427489252146237,-0.008617349346873433,0.9994380674387341,-0.016354927266169047
206.87943172454834,57.90780259217191,-15.63793937469838,1.0846887478474259,-0.021852268732303576,-0.017721606684881503,-0.010434217611246823,0.9995496736583924,-0.0200988191718177
206.98379564285278,57.95525517347137,-15.635413191375152,1.0698299823874278,-0.016981784801147808,-0.020030572917790077,-0.011677098355993131,0.9995869349423977,-0.02268474202275582
207.08220863342285,58.001583101746995,-15.619774460429271,1.05450238807221,-0.014531315361954109,-0.021633663887651106,-0.012156532191956488,0.9995864365755037,-0.02369903343804863
207.18218183517456,58.049136060112524,-15.59979869275319,1.035422146323692,-0.009831023952081304,-0.023881175709595154,-0.012554148122079048,0.999587631866116,-0.024659297194183194
207.28387928009033,58.08516898132343,-15.581282097378336,1.0081408222631103,-0.007414740274422221,-0.02583306050073266,-0.011881868002781367,0.9995681546671007,-0.023403961129381767
207.37476897239685,58.13643122953423,-15.572400464819955,0.9867928356763523,-0.005689114014864096,-0.02630846106131885,-0.009623696068539571,0.9995913581720739,-0.018967681536353385
207.4875967502594,58.183561592053614,-15.562820003043104,0.9710592664283269,-0.003764879683366985,-0.028046994801622375,-0.008337883075988248,0.999564741009495,-0.016484055896892863
207.5801854133606,58.2365645281644,-15.556081909746368,0.9531243725295371,-0.0020369986217830733,-0.028796197385162144,-0.006469189196811545,0.9995622938286065,-0.012837059589475959
207.68174815177917,58.280934735686344,-15.545137548346224,0.9437148496698909,-0.0013676070170765952,-0.03054430047536681,-0.005279474928715418,0.9995185353478916,-0.010490095171914359
207.78204488754272,58.32873249599444,-15.541075596020022,0.9220445397761244,0.0007654332852511136,-0.032307726620519096,-0.005217745682106018,0.9994640564034789,-0.010501466558154742
207.88312697410583,58.38333783630858,-15.534244019083248,0.9008222213680339,0.004061643436561486,-0.033533719080021625,-0.009328398232167317,0.9993857982399382,-0.018961418823549535
207.98298859596252,58.43600325266548,-15.533799377339088,0.8955578928047744,0.005434436223402847,-0.034245724642341574,-0.017485555113423652,0.9992456918140954,-0.035406883246182
208.0845444202423,58.481858654117595,-15.536033786338448,0.8886935859945222,0.007679636018368165,-0.03338248498212452,-0.028805883821094325,0.9989979248949065,-0.05822753644637989
208.18308210372925,58.52811225346889,-15.537042115851936,0.8756363370049699,-0.0051067442765147615,-0.04143950299854965,-0.04577810941643334,0.9980786809928286,-0.09140063670276895
208.2873878479004,58.56945769212071,-15.539173232634981,0.8694660431237193,-0.02116167599966981,-0.05391279575146392,-0.06569670140394755,0.9961573858320715,-0.12975853108747504
208.38364839553833,58.60960756163812,-15.542325304157313,0.8617522955534094,-0.028131887661528188,-0.05844898479779711,-0.08634397510168182,0.9941514125304788,-0.17046163749014107
208.48296928405762,58.63270604525175,-15.541177259905467,0.8485115687508896,-0.029583288160909535,-0.058466238662273004,-0.10643471386647774,0.9921583440572557,-0.21087187023293077
208.58369541168213,58.65527482211565,-15.545181271188243,0.8345592383680792,-0.02802878083035247,-0.05395051035138485,-0.12382637108616242,0.9904396799914779,-0.24632873779185463
208.68347907066345,58.683775181086105,-15.539406924093624,0.8258092145518072,-0.02693241951307136,-0.05239571146433788,-0.13835004109065574,0.9886296578241681,-0.2759037638338184
208.78125619888306,58.702551835095875,-15.531219444034674,0.8089186070924846,-0.024470775200906084,-0.04913312567858043,-0.15048699492314951,0.9870870181909595,-0.3008172606167368
208.88532829284668,58.7163989045731,-15.518019487044056,0.801114993378861,-0.021879975950282758,-0.047386761134006604,-0.16004400414319378,0.985729008530974,-0.32049776314449535
208.99355936050415,58.72564007365807,-15.49869959537601,0.794107720169869,-0.020440994072863677,-0.045435809012727306,-0.1676181594999623,0.9845922534869536,-0.3360354580108452
209.08604884147644,58.7343173695042,-15.47918844865965,0.7971951450814359,-0.018411059167780592,-0.043734668255038585,-0.17213048258202274,0.9839305913828588,-0.3453934885771542
209.18603897094727,58.74388871647406,-15.459890050141427,0.7962950457354631,-0.017439746880099177,-0.042193863117086186,-0.17480830565874017,0.9835433846133759,-0.35091642076338225
209.28575086593628,58.74265355507352,-15.448562467437002,0.7933968987121837,-0.015595841794285728,-0.0413656260866117,-0.17648911532203446,0.9833093342738265,-0.3544858969569253
209.37861609458923,58.74178111571068,-15.441877015440564,0.7903639434004545,-0.013873186026755921,-0.04169939765373881,-0.17645729946974817,0.9833267597338262,-0.35456972478163423
209.48457789421082,58.74855560902681,-15.42809134150345,0.7853141958702492,-0.013350771480744745,-0.0412623327538068,-0.17853485825511042,0.9829773553772287,-0.3588389322682941
209.58522748947144,58.74494550570142,-15.404105062568918,0.7856735235949417,-0.013380208425387214,-0.04056693255635758,-0.1783379307316826,0.9830416453374713,-0.3584222396838996
209.68535542488098,58.74864638901064,-15.38035987649362,0.7880135902038214,-0.01400622732162899,-0.04033479027580311,-0.1790276549442581,0.9829171018223162,-0.3597734520298868
209.78543376922607,58.73793451237366,-15.362216211078556,0.8045589242732168,-0.01268400168449845,-0.03976714519332896,-0.17943585007965743,0.9828837499779062,-0.36070082282909194
209.88398790359497,58.73565068257499,-15.344937167128057,0.8179397224446606,-0.013931579964295594,-0.03868662425261313,-0.1794945924343372,0.9828992560127751,-0.3607044616306389
209.98576307296753,58.73562495531829,-15.327167928273719,0.8196653585284692,-0.014726806542985233,-0.03793591215044817,-0.18064401550281908,0.9827063281577951,-0.3629753435810355
210.08513188362122,58.7298648367641,-15.310651728892822,0.8189974223604699,-0.01412265461473665,-0.0369060279252628,-0.18090839335964468,0.9827057794383041,-0.3635458246398718
210.1883041858673,58.70989422355823,-15.308339285571714,0.8275927822651147,-0.013709393292822286,-0.03618903601797677,-0.18243490723698885,0.9824560605080838,-0.36667796144801434
210.2780728340149,58.69793315443743,-15.301228210597612,0.8368918489954078,-0.013172711367048307,-0.03543641756543,-0.18368716197321638,0.9822574848335819,-0.3692588888857232
210.3835289478302,58.68657609690727,-15.293282527166298,0.8502531335898053,-0.01256562533305796,-0.034224327643255024,-0.18355348097119178,0.982333405764415,-0.3690114719589884
210.48385643959045,58.67564358469749,-15.282235858185544,0.8597035296224266,-0.012263372634691625,-0.03325268333009988,-0.18393071702469396,0.9823000356702389,-0.3697874011216603
210.58322143554688,58.6640086677382,-15.275157799604791,0.864340957478706,-0.013195159664468725,-0.03158801398119526,-0.18403970799415675,0.9823224882977986,-0.3699292241818897
210.69068694114685,58.64832658209017,-15.266844855288026,0.8688391937995895,-0.012024653715907465,-0.031451017354495917,-0.183697689780274,0.982405924238942,-0.36930477114662813
210.79144024848938,58.62699706760935,-15.262184878073628,0.883614547426949,-0.0106761828926531,-0.03146607608474511,-0.18237339519857387,0.9826677210015685,-0.3666911101041738
210.87975192070007,58.617402188253465,-15.252788030206183,0.8939933243443203,-0.011712985122972438,-0.030754247679224633,-0.1820127197770151,0.9827453139387476,-0.3658827189264981
210.983167886734,58.60970737207363,-15.247545413005694,0.8970213645420931,-0.0113727646251812,-0.030496423557735856,-0.1803854214787181,0.9830573371339602,-0.3625860675063407
211.08851838111877,58.60069915668168,-15.237792289381119,0.9058704480262424,-0.011346942020122782,-0.030549203072609516,-0.17869270932079612,0.9833650943235751,-0.3591415831109553
211.18430304527283,58.59795616239458,-15.231606685470261,0.9217359793525078,-0.011751149519224409,-0.02936493162205321,-0.1775400159708321,0.9836051819733799,-0.3567588325112426
211.28395748138428,58.59241693057389,-15.217229539428885,0.9316434236048561,-0.011899252264429328,-0.02817182743231408,-0.1766676044648842,0.983795361580502,-0.3549651192358355
211.38459038734436,58.591889855641085,-15.213901873886348,0.9434071151884514,-0.011759465369457643,-0.02824002788889149,-0.1744423556480287,0.98419209525124,-0.3504468652929591
211.4838147163391,58.59610120593183,-15.209271506056186,0.9567025128013446,-0.012854476124648061,-0.02647833354307292,-0.17245481639055915,0.9845775726676091,-0.34633553667611283
211.5876612663269,58.591370368762625,-15.197052252374414,0.957578212299425,-0.014232392593417353,-0.02655181802084833,-0.1712749265840887,0.9847625802621004,-0.34386237182154067
211.69050073623657,58.58337303126133,-15.190210378536454,0.9603991044083462,-0.014477761730422577,-0.024913113895438203,-0.16952120153530434,0.9851052194569556,-0.34028727721564134
211.7810800075531,58.57896019017376,-15.186081277244341,0.9591886183629974,-0.02648563396009751,-0.024282897309537158,-0.16769488406454966,0.9851838802734054,-0.3359489186796479
211.88726496696472,58.573073765658556,-15.17723616222199,0.9620302294856936,-0.03836985450163142,-0.02262607561426062,-0.16467923812735435,0.9853408362072565,-0.32923994358423864
211.98381805419922,58.571629526135446,-15.172878989296525,0.9718806534864985,-0.037043294706125184,-0.02154362719935697,-0.1626979884375114,0.9857449117306148,-0.32534621296515565
212.083025932312,58.56118169255657,-15.161710562739888,0.9794868425085208,-0.032052660743372645,-0.02169477475049934,-0.16193797118420794,0.98604161026629,-0.32405670084456156
212.1838400363922,58.566002851861825,-15.142481626408964,0.9914670773226891,-0.028578524228884804,-0.0207857664605706,-0.16215113733106862,0.9861329669612443,-0.3246956461381629
212.2843201160431,58.577382080395616,-15.125543737721244,0.9952294293022435,-0.0246834191361193,-0.020820783563890537,-0.16164513700639416,0.9863204719936215,-0.3238544818216792
212.38646364212036,58.594720152873606,-15.107215067607136,0.9988846475670353,-0.019510268779651493,-0.01994336267514884,-0.16201919733777265,0.9863931221330454,-0.32486835364176897
212.48280811309814,58.61109916793489,-15.084187626945763,1.0018739517000395,-0.01515900633508036,-0.020179104966475053,-0.16158212064347005,0.9865364800847681,-0.32416785540625254
212.57649564743042,58.62893883907426,-15.06148711212641,1.008450768971044,-0.010344212261908667,-0.019054233172363304,-0.1648172133656021,0.986085807447451,-0.3309342045240581
212.6844184398651,58.658451217265394,-15.036943932237104,1.0089192680003638,-0.008862959856036608,-0.019667027131625207,-0.16909106453629844,0.9853643325594729,-0.33966851985700314
212.7827548980713,58.6826227309662,-15.01872966551641,1.005046366175619,-0.007483319621203597,-0.02081994667943461,-0.17896537184625969,0.983606590780909,-0.35979973049658887
212.88503289222717,58.70764648774027,-15.001828328481952,1.0117238663786698,-0.013081043755249551,-0.0213344671528084,-0.19297986027998704,0.9808835304621522,-0.3881102106889112
212.9836630821228,58.72783996707757,-14.987157651239212,1.0110164346602504,-0.020005519413028885,-0.027632374658324785,-0.21015197900522198,0.977073373285725,-0.4228510646100505
213.08527636528015,58.75420108556015,-14.968091460634684,1.011643399203583,-0.021648605628577268,-0.030975915505122416,-0.22850162000557334,0.972809765672501,-0.4604273698809919
213.18462824821472,58.77227823201593,-14.942724438112236,1.0136858113897218,-0.02154907860483189,-0.03121036841480438,-0.24838623655383987,0.9679182959347937,-0.5014612890030211
213.28590536117554,58.79202695197262,-14.920187875945288,1.0105523952904418,-0.022955278533427964,-0.03048583187363153,-0.26576611278637674,0.9632819122857256,-0.5374012112096418
213.38544154167175,58.812156364239776,-14.90129966888268,1.0153799749080374,-0.019679158670787227,-0.029908758825744917,-0.2792143909182855,0.9595611084051106,-0.5656019117913289
213.48499035835266,58.83222493147466,-14.883377663609132,1.0221993425039322,-0.018643263987867902,-0.030445511263131216,-0.28994894938489385,0.9563760276702891,-0.5881096426798681
213.5883927345276,58.85031074816503,-14.863374095430146,1.0193595269252236,-0.016567646388615288,-0.03130887414520658,-0.29814839359060147,0.9538620460487173,-0.6054448455088208
213.68485307693481,58.869535721324134,-14.84204473687834,1.0204545713327478,-0.01701294740779359,-0.03178114651442832,-0.30355302294340564,0.9521323860727815,-0.6167873422036566
213.78850173950195,58.89674096646799,-14.824275562675748,1.0192879590439563,-0.01577801815229038,-0.03153226010110377,-0.3080636631913184,0.9507121279005797,-0.626347334080623
213.88449358940125,58.90995031622967,-14.807749552115544,1.0183661538090243,-0.014197510905114535,-0.03258722022955421,-0.3111202423726008,0.9497055851935503,-0.6329196475872991
213.9878089427948,58.92611241493321,-14.789189952560866,1.0237652548031202,-0.012129078550467668,-0.03498881144711987,-0.3118172901813189,0.9494201630842973,-0.6346157010359963
214.08738136291504,58.94737829776905,-14.770931743154405,1.0300562835790457,-0.012009673233651751,-0.035075418049675115,-0.31111319695415274,0.9496494413616152,-0.6331420662382614
214.18850445747375,58.96684432143149,-14.752691865840669,1.0256838026545556,-0.010853049844373448,-0.03622907532191464,-0.311081215118464,0.9496305297381791,-0.6332028054202914
214.28766560554504,58.97838462762458,-14.737917303289251,1.025868818227463,-0.010068398449831673,-0.03575414110995697,-0.3095526571724139,0.9501565245703693,-0.6300065549946217
214.38715076446533,58.991100559281016,-14.720288457858905,1.025480286251224,-0.010519546877735346,-0.036684934402133225,-0.30726975056866473,0.9508569056944736,-0.6252133105706282
214.48721933364868,58.99449432821906,-14.705320986078634,1.0238371070496106,-0.008460006802038955,-0.03731463720434848,-0.3060998887693117,0.9512302056971448,-0.6229165335941712
214.58766198158264,58.99764208350225,-14.692918948560374,1.0295941381238196,-0.008886358139386196,-0.03740154751516766,-0.30386063180558165,0.9519405828733231,-0.6181800353222776
214.68676805496216,59.003872130845515,-14.68496770135779,1.0278422790613324,-0.006357749706371141,-0.037605143269564094,-0.3001706768401255,0.9531227607101237,-0.6105978436199632
214.78758430480957,59.01150981905371,-14.677797610920935,1.025061224869347,-0.007737786209519873,-0.03690720257870058,-0.29766604482026066,0.9539250027247703,-0.6052093363844577
214.88644909858704,59.009859828614594,-14.671752953567193,1.0238502203542335,-0.009688583237334953,-0.03650250058436886,-0.29477288895585746,0.954820738538161,-0.5989904491548816
214.98461437225342,59.016999430627614,-14.661881515922923,1.023616403898329,-0.009949806558474262,-0.035432852723495466,-0.2937410735060076,0.9551762643789168,-0.5967598815240582
215.08889317512512,59.02109719451493,-14.652588745841241,1.0277279667011392,-0.009561986606196744,-0.034241694739997726,-0.29330737769083093,0.9553569264654985,-0.5958220046285603
215.1867516040802,59.011833753875855,-14.64440549391991,1.0303748181318433,-0.010534583489717243,-0.033589328612474816,-0.2934682540745819,0.9553204506365799,-0.5960718572377481
215.28644227981567,59.00855946616984,-14.638720415795028,1.029066250311767,-0.00927228283051438,-0.03276125379123698,-0.29221098628890324,0.9557475945631271,-0.5934789237899328
215.387305021286,59.00866439308888,-14.638038689339798,1.0329307114458934,-0.010079671216429253,-0.031683264598262276,-0.29352489620105426,0.9553730717801949,-0.5961418644978546
215.4857199192047,59.002974732005754,-14.630937016191133,1.036865433048567,-0.00905095597508489,-0.03099789644176879,-0.294085664590282,0.9552333916350573,-0.5973490424941563
215.59252858161926,59.00623882177581,-14.623862630927603,1.0415562923610737,-0.008882050776079113,-0.03106867531671275,-0.2938612441592892,0.9553017406920342,-0.5968909308183767
215.69153833389282,59.001427825613426,-14.620108412468491,1.0410597752539572,-0.010960905978196697,-0.03189646208770821,-0.2941580176515694,0.9551615229361595,-0.5974258084952976
215.7914524078369,58.99535552133346,-14.6243005784009,1.042631127389722,-0.010901983328840431,-0.031289304520184955,-0.29404599781920443,0.9552167698217244,-0.5971719507269513
215.88779497146606,58.99078072731058,-14.623972234708337,1.0403184716963056,-0.010703162840573209,-0.03063217701949622,-0.29526073088628524,0.9548655469922198,-0.5997060146875618
215.98607325553894,58.98213331986925,-14.627680130051736,1.0432531426887377,-0.01112840257493941,-0.03088513213017903,-0.29687044119299677,0.9543532932909631,-0.6030672026573001
216.0889036655426,58.98143974488585,-14.629358532583156,1.0466573646586024,-0.010501991855865084,-0.03158498188050933,-0.29858048404339615,0.9538038538583699,-0.6067176709802097
216.18771195411682,58.98012460920504,-14.633095277009462,1.0483776116293853,-0.01241353357030408,-0.032378543998287185,-0.3010691364957264,0.9529716203133058,-0.6118626811608776
216.29141664505005,58.96799234351486,-14.631394202395398,1.0424997667718636,-0.01258260621456994,-0.031221621544543516,-0.3027829042646262,0.9524649081483563,-0.6154124481601868
216.3870644569397,58.952345945287966,-14.631784141567401,1.0333563816006228,-0.011646408549717687,-0.030264210553799943,-0.30407264031061954,0.9520967745675735,-0.6181431355552465
216.49541878700256,58.95060716464976,-14.633900043302107,1.0278504076922323,-0.011283773020977652,-0.02995000869005689,-0.3063604717789858,0.9513773881994642,-0.6229645482968049
216.591166973114,58.94288943885272,-14.634152263262807,1.0222640810322898,-0.013166169158928593,-0.028484644743571118,-0.3082678376447802,0.9507818978489875,-0.6268292055537332
216.68951869010925,58.94701043674467,-14.639777074225288,1.0114193498248223,-0.011846740287578171,-0.029825219632745068,-0.3093647136899758,0.9504018018406406,-0.6292546044175986
216.7906153202057,58.94959951750739,-14.635681433768884,1.0091814753903485,-0.014027095448830282,-0.031091046315642745,-0.3104027996560484,0.9499929943941455,-0.6313637488468853
216.88853979110718,58.94851797830738,-14.641521259344296,1.0079025675854862,-0.013087794136495232,-0.03316758379455697,-0.31105745423785713,0.9497220020579366,-0.6328766114219785
216.9892497062683,58.94510817892615,-14.648914666724359,1.0116711960052638,-0.015558271281067607,-0.03297264793388376,-0.31034170424105,0.9499256661927467,-0.6312093187898685
217.0893096923828,58.939844428056276,-14.648030911224225,1.0044647924521797,-0.013760483995418375,-0.03114993076273278,-0.31112942439038255,0.9497572385468815,-0.6329128557847395
217.18857312202454,58.9407476656109,-14.646720652681399,1.0010926081564373,-0.013253833424979575,-0.02991328101906901,-0.3119704882372379,0.949528275506968,-0.6346720815693268
217.29054880142212,58.94415321757573,-14.657092672225579,0.9976339990231441,-0.012667514784208772,-0.028654943070832103,-0.31048189557748757,0.9500628509869278,-0.6315246084510604
217.3886411190033,58.94667705291125,-14.663778810962269,0.9914834386443778,-0.016308936786865853,-0.028174766281866593,-0.3090636921192736,0.9504840005699449,-0.6283277401535768
217.46723079681396,58.94125765715835,-14.665625215958658,0.9896484875256696,-0.01858586731881965,-0.028381638136776303,-0.30792730622873704,0.9508048286748411,-0.6258140307565174
217.59251976013184,58.935134555633304,-14.666145232829379,0.9858659692840709,-0.017730833161133108,-0.03002799354786209,-0.3072897903511303,0.950976825114503,-0.6245594348130565
217.68560099601746,58.94243981771934,-14.673205095617199,0.9815804078403261,-0.019453630325653264,-0.030901606716344725,-0.30722168328700894,0.9509371610615488,-0.6243358203518377
217.7902865409851,58.94054398271494,-14.678961282329167,0.981885947884404,-0.01886942003797385,-0.030540882383272436,-0.30751558432343046,0.9508655871830154,-0.6249808424329821
217.88557529449463,58.94932788755603,-14.687997929484196,0.9821757094197081,-0.01857933177747433,-0.030962325818361874,-0.3098093284386943,0.9501127947896425,-0.6298411018287974
217.99158358573914,58.95452788850278,-14.6858197533799,0.979564567140005,-0.01981998088895172,-0.03094092761188151,-0.31063079029089136,0.9498201616513171,-0.6314972671892676
218.08984065055847,58.949240775247056,-14.695586673339918,0.9787668828664647,-0.017524946158015007,-0.031152595228862275,-0.31240990576025246,0.9492746930449245,-0.6353925878145129
218.18800950050354,58.94088040590312,-14.697884485629855,0.972642980823705,-0.01676328514609691,-0.031753905217620206,-0.31490383849467984,0.9484441229064882,-0.6407196447527079
218.2871458530426,58.94065119940074,-14.71039038015536,0.9727809532431255,-0.017593815951068514,-0.031947725346772565,-0.31565341097587496,0.9481733621151475,-0.6422585084171861
218.38971829414368,58.94583480291584,-14.714158386178186,0.9732172048097397,-0.01948725404407257,-0.031247209416012438,-0.3185495223631035,0.947190614731677,-0.6482426357201693
218.4849410057068,58.94845273525923,-14.721250023964375,0.9760812141602158,-0.019763892351767346,-0.031824231726296046,-0.3203807055870224,0.946547838369356,-0.652114743872172
218.58996057510376,58.949917430029785,-14.733133370786582,0.9867911326982295,-0.01978378537850953,-0.0316049901735796,-0.3217953012863237,0.94607479117788,-0.6551006816164524
218.6850504875183,58.95028337476907,-14.735152203719165,0.9842900935052838,-0.022101195668533392,-0.03089807112678169,-0.3225329497431969,0.9457956135871101,-0.6565022972346695
218.7917377948761,58.95384928092013,-14.736305842040919,0.9848254632934222,-0.01964887520570488,-0.031639453859680665,-0.3223605319398786,0.9458840066890074,-0.6563064051843588
218.88592958450317,58.95976228641741,-14.739827891882234,0.9812914699234501,-0.020028600062883987,-0.033783351055578524,-0.3223093354180183,0.9458193446284401,-0.6562402744930855
218.98455142974854,58.96039153312468,-14.738311358543594,0.9877217483966879,-0.019994284924629756,-0.033077511432059926,-0.3183318215989985,0.9471910885166087,-0.6478040178902492
219.08562111854553,58.95725927690087,-14.739408037187157,0.9872639782225356,-0.020667677707876097,-0.033658289476075305,-0.31643884593016985,0.9477902845218927,-0.6437768736272631
219.18697810173035,58.956780319341846,-14.738630329254743,0.9959477767346433,-0.021058704519540093,-0.033374463834099415,-0.31466366305846016,0.9483825469073,-0.639993222849402
219.2858371734619,58.96426054216433,-14.737617675843646,1.0031716494740213,-0.022788661632619066,-0.03305405190067611,-0.31242132554012836,0.9490948434701827,-0.6351385196926242
219.38557481765747,58.96630345266118,-14.732151755085146,1.0003612315361186,-0.022923956149990356,-0.0334772967691434,-0.3117214341336469,0.9493068578374048,-0.6336632509893314
219.48340582847595,58.97008958285657,-14.735573874124706,1.0036440687662544,-0.02267758355432031,-0.03248782715096937,-0.31005321006359055,0.9498932967551716,-0.6301375788109724
219.59123277664185,58.97269634999054,-14.73074077562069,1.0075845409423327,-0.025124607021226392,-0.030694039320402714,-0.3088738581995916,0.9502755230948154,-0.6274613843666547
219.6850824356079,58.97294899214545,-14.732642078323382,1.0101188101467018,-0.024141813734147574,-0.03225425599309577,-0.3075937064611719,0.9506644768505006,-0.6248544935531505
219.78329157829285,58.969698900683824,-14.731457952621614,1.0136644568263344,-0.02346861020960154,-0.030823362171017468,-0.30730948155535204,0.95082071245082,-0.6242721462249404
219.88568663597107,58.97462315981797,-14.729075026815472,1.010779117322983,-0.020792639500741946,-0.029702041238100312,-0.30786201888029496,0.9507399393208593,-0.6255771782960553
219.98565006256104,58.971126775582725,-14.719405309580088,1.010188670786882,-0.02040836790554574,-0.02905221100172479,-0.30864062267483544,0.950515877610802,-0.6272264376801039
220.08645224571228,58.964456591803284,-14.717812306043271,1.0101717795857137,-0.019612033763446685,-0.029480364262096312,-0.309415062406419,0.9502676440933193,-0.628913113085187
220.18430018424988,58.95540502262816,-14.718977527557787,1.0108890863585063,-0.018933914183543947,-0.029689271852553954,-0.30997416368500935,0.9500926648902908,-0.6301354290061354
220.2853605747223,58.94916661075721,-14.722472246253929,1.0121538256599258,-0.01757314158058184,-0.029787810904047644,-0.3099878261742884,0.9501112664526575,-0.6302453465345539
220.3855528831482,58.95113684842806,-14.728206066149818,1.018728419500282,-0.017926346001990494,-0.028541921835370392,-0.3106732784573059,0.9499190064787365,-0.6316389763994372
220.48557829856873,58.94259459517511,-14.728438769969792,1.0239974851431468,-0.01802231766633905,-0.02872581185231656,-0.3111385793972265,0.9497593422599404,-0.6326186970591777
220.58580803871155,58.94020039449205,-14.725521113548567,1.0254939911254641,-0.01782924252675374,-0.027816514065911548,-0.3125290785418487,0.9493334159935202,-0.6355399053535085
220.68408918380737,58.934728603644345,-14.724744438573731,1.022212959611847,-0.01763741142710163,-0.028899427261906648,-0.3116574320356894,0.9495911698615381,-0.6337382787324711
220.78643941879272,58.930952380355485,-14.717039458190268,1.0227572913249892,-0.01715924918937612,-0.027703260359072814,-0.312539503981275,0.9493456419997265,-0.6355954921675073
220.8868613243103,58.92144186402319,-14.718312180818192,1.0288036780667533,-0.01897361209562288,-0.0277131340457953,-0.31215130495659005,0.9494385430660073,-0.6346786463232762
220.9842312335968,58.91508362500663,-14.714622704000606,1.0275217771613927,-0.019321082353849387,-0.027807788743148616,-0.3116855128641911,0.9495817835934293,-0.6336794053865266
221.08802390098572,58.91277303286019,-14.714997112754354,1.019839678224758,-0.020602308459326632,-0.027322163021368646,-0.3111119319874129,0.9497570268595226,-0.632390700739614
221.19150972366333,58.91234273464977,-14.720837021593852,1.0178331238115033,-0.020246726169461736,-0.027732228368978807,-0.3097887380839612,0.9501852089700494,-0.6296291772199464
221.29544496536255,58.9085599764104,-14.716061981440205,1.019708149396119,-0.020559569809516492,-0.0255080626493311,-0.30939552780084145,0.9503689021669239,-0.6287491468478489
221.38616514205933,58.902634825477065,-14.719352755600609,1.020237864605113,-0.021828630339369954,-0.0262626326673827,-0.3079892204611824,0.9507767482972007,-0.6257300821015149
221.48346090316772,58.89850455827331,-14.71475531692598,1.0180722576196366,-0.021095203705707992,-0.02721305179031882,-0.3077595726643588,0.9508409370795535,-0.6252998712536707
221.58745884895325,58.89365829131392,-14.712761022876805,1.0159817298776022,-0.020892335239282616,-0.026774520952710948,-0.3068439393160419,0.9511537374478509,-0.6233771105348227
221.68379497528076,58.8875649687473,-14.708834312433849,1.0180907012475546,-0.021975787718597643,-0.02759224340881456,-0.30689401803664423,0.9510897931063816,-0.6234342214658158
221.78496623039246,58.89150352647456,-14.703439385960337,1.0160844574647014,-0.02333003756298537,-0.02726017522322826,-0.30652228236249157,0.9511869861438379,-0.6225709969212662
221.88821268081665,58.88935843306122,-14.701208428438623,1.01788406315273,-0.021657460538039273,-0.02672954500158096,-0.30652748520972045,0.9512399206499148,-0.6226686630272045
221.98870849609375,58.884199538722456,-14.695398926485524,1.0175705804380386,-0.020056941470899176,-0.02721825667871658,-0.30608934549543404,0.9514022273341498,-0.6218418157988953
222.0866219997406,58.89116574198054,-14.697776605814097,1.0108113747460945,-0.018591450846970226,-0.027091400242497194,-0.30666429668196993,0.9512504523672293,-0.6231290395928546
222.18839287757874,58.90214309477184,-14.697578889809193,1.0137319941345284,-0.01912645280985636,-0.026677963613259182,-0.30701427357725425,0.9511386338910816,-0.6238293767510642
222.2839150428772,58.90510752930837,-14.70046767299359,1.0110984673005692,-0.017456743714376857,-0.026090933824566905,-0.30692318942975655,0.9512164217786184,-0.6237147142671742
222.3854217529297,58.91022116594406,-14.695103935425902,1.0079298060466857,-0.018452859752446905,-0.026264556806075152,-0.30802182108065707,0.9508376426924277,-0.6259785057930944
222.48590731620789,58.91539554311937,-14.693242120772874,1.003478337482589,-0.018185173732682018,-0.027822810175309458,-0.3099404729600254,0.9501747701931348,-0.6300643275379199
222.5885865688324,58.91687391689048,-14.689325835628985,0.9974807399977206,-0.016470414814160967,-0.03033990508429034,-0.3118666484158013,0.94949850405423,-0.6342848238257636
222.68631720542908,58.920928548081335,-14.685708948091703,0.996990983893711,-0.0156143961132188,-0.029253572750631632,-0.31544674008735846,0.9483637346944481,-0.6418548458661926
222.78519225120544,58.92177807530043,-14.67848641410907,0.9906431369344816,-0.015537361782409321,-0.029850305038286482,-0.3187481698212847,0.9472418666388988,-0.6488511913384134
222.88695573806763,58.92141251581537,-14.66781623976354,0.980838212573159,-0.012562155155107954,-0.030221376050217123,-0.32329168582006224,0.945733232242112,-0.6586398695735453
222.98587703704834,58.92590901288224,-14.659928821454049,0.9739183882309852,-0.009617244759347795,-0.031274970071236814,-0.3253980935336561,0.9450108282844932,-0.6633055195717048
223.0870714187622,58.92520366479002,-14.654971261622412,0.9738381986943859,-0.009989804805747186,-0.03232271810908582,-0.3280701385376501,0.9440473663402015,-0.6689972506532424
223.18813300132751,58.93027079970065,-14.64866617570104,0.9701750744001895,-0.009174966392516682,-0.033967209818846225,-0.3285282439777639,0.9438385675303301,-0.6700968123366939
223.28021907806396,58.93628247118016,-14.6423290104174,0.9726009776016773,-0.01180829471606421,-0.033522281668030715,-0.3271527069263773,0.944302878931549,-0.6670024454774511
223.37795233726501,58.9417992282642,-14.638108859530067,0.9689575750928046,-0.014382298128076327,-0.033396599923690116,-0.3242609753670273,0.9452685525648868,-0.6607132359507015
223.4890377521515,58.941924842333364,-14.638778253877826,0.967675165588979,-0.015730156601396386,-0.03287458588057025,-0.32065607141880964,0.9464943252015471,-0.6529785793960053
223.58735990524292,58.94429747654843,-14.632063312161536,0.966104772152161,-0.016733093605382464,-0.03090689364982341,-0.31770090937863743,0.947539392153856,-0.6466026078005026
223.68630266189575,58.94567529993303,-14.626111879019518,0.9640896737506275,-0.01857593078026721,-0.02979322689713774,-0.3141327530462067,0.94872963055357,-0.6389286556752471
223.78451442718506,58.94280545770668,-14.623460105265384,0.9695068884850301,-0.018857314516504662,-0.027555535269280108,-0.31209090120249683,0.9494653040274101,-0.6345544128374935
223.8866364955902,58.949134018403264,-14.620168659680344,0.972849834665142,-0.017076882692112053,-0.02706324406026483,-0.3107281923172277,0.9499599735766356,-0.6317670608692937
223.98601627349854,58.95277902015518,-14.610924624646623,0.9852868686145916,-0.0139345133989632,-0.028551928875308077,-0.30924062179889905,0.9504529733360109,-0.628838825161409
224.09147119522095,58.95663287486804,-14.607615852970927,0.9917575366105893,-0.011490275271599069,-0.028449246663019883,-0.30854087909734085,0.9507161194932637,-0.6274912676641016
224.17943143844604,58.9550889530592,-14.601274991639105,0.9966472908081508,-0.00948187054188874,-0.028062869394812798,-0.3093245531371531,0.9504950764306237,-0.629231233480699
224.28541326522827,58.95579505902817,-14.59966696829456,1.000744964755734,-0.006874883880530598,-0.027213789668825764,-0.310714157222482,0.9500888685407344,-0.6322542397702107
224.38733649253845,58.950294227415164,-14.595867642016353,1.0049930465825139,-0.005218418440940324,-0.025876460704988537,-0.3128115113176621,0.9494483320736935,-0.6366978022654983
224.49185967445374,58.94537476787919,-14.595590156807582,1.0081431462926653,-0.006557837270171261,-0.02708803774550811,-0.3120524606114142,0.9496559876122499,-0.635084375285376
224.59658861160278,58.95019835088446,-14.601006062137143,1.0088250382201978,-0.007303150106710401,-0.027114932053565025,-0.31293780308650304,0.9493584022157504,-0.6369164273498573
224.68326807022095,58.95401021951022,-14.60464590270257,1.0061371703361015,-0.0076880357277165435,-0.02842980759576781,-0.3147407389890832,0.9487206687783938,-0.6407522960896882
224.79528522491455,58.95889562482614,-14.60058993529308,1.0110667151013142,-0.00795614597428735,-0.02984342585956488,-0.31531832524499254,0.9484832225394889,-0.6420165419626643
224.8839852809906,58.96178266692409,-14.60775497330713,1.021399206348986,-0.007448936734074929,-0.03018464873469232,-0.3153236776643774,0.9484747643593406,-0.6420692508877232
224.9853982925415,58.961748517541174,-14.618560550194703,1.0258304165005347,-0.009384946256575735,-0.03001697530468786,-0.31515571270352427,0.9485187297716648,-0.6416053508880543
225.08764719963074,58.96334690124583,-14.614959546196841,1.0244659414899064,-0.011165337430873183,-0.030866294744308062,-0.31548728168704054,0.9483619468233287,-0.6422427425473785
225.1866533756256,58.96435383223441,-14.625236486645958,1.0282690326633341,-0.011926199594422073,-0.030676100829706753,-0.31411473345449403,0.9488143531945181,-0.6392960660090711
225.28400444984436,58.973162654403694,-14.624646993391847,1.0321897110587557,-0.01342641550629746,-0.030798725601242718,-0.3153318097429207,0.9483865349277404,-0.6417852009532299
225.3837034702301,58.97748982893901,-14.619561077986207,1.028531463564401,-0.027216986695722527,-0.024604385860844177,-0.31561067866127795,0.9481791810341457,-0.6414928908142229
225.4925661087036,58.98146914620368,-14.619537770463118,1.003710731638637,-0.03267895344701277,-0.02534972236569613,-0.31632275080585465,0.9477496477974588,-0.6426886142529294
225.5758035182953,58.98664855297063,-14.61329087181206,0.9531567683159733,-0.03232067533115113,-0.02693554471627069,-0.3191006461572606,0.9467864743430775,-0.6485744193265816
225.68432903289795,58.991645945985,-14.606782955913092,0.8715681481724309,-0.02906910312363995,-0.02888849655147701,-0.3192835235882379,0.9467726620343776,-0.6491668198800278
225.78763461112976,58.9920981374102,-14.605951196977053,0.7727753094133472,-0.02554408230861953,-0.028112182880542503,-0.3206845652608368,0.9464241198512269,-0.6523341149770058
225.89297127723694,59.00302012326933,-14.598911670104778,0.6721002249239181,-0.02147580284253766,-0.027335913830985402,-0.3214338834925307,0.9462937156349521,-0.6541386590781646
225.9911904335022,59.00818241284355,-14.58769556479371,0.5790572508393478,-0.02073590958030926,-0.025942604612325493,-0.32124726213633287,0.9464128062794354,-0.6537600119700717
226.09779715538025,59.01686913131561,-14.572222005424033,0.4958797369293677,-0.020022327299092646,-0.027401861695068152,-0.31896277110811116,0.9471594348536085,-0.6489942910132952
226.178480386734,59.031786251527635,-14.562488082729322,0.4173515722376392,-0.016433998858662004,-0.028304732844838327,-0.31487433452723285,0.9485688795422966,-0.6405752383610949
226.29013442993164,59.04207436447384,-14.552488470603917,0.3363751875809051,-0.014631811994139233,-0.02896018194348815,-0.3109652438199517,0.9498672723468086,-0.6324469780984036
226.39165019989014,59.054272394546295,-14.544986233753658,0.2633257166980009,-0.013847049658858936,-0.030189475013304955,-0.3051828736679681,0.951714383853647,-0.6203525245537684
226.4919948577881,59.064160002139964,-14.537351270339883,0.2043793050700844,-0.01487714944160889,-0.03233706838608768,-0.2989742579750753,0.9535970729301442,-0.6073123901339958
226.599671125412,59.079496015907694,-14.521891043275053,0.13631870215852904,-0.014506100619108541,-0.034361548876084565,-0.29382374962622676,0.9551316459835519,-0.5965975801903517
226.6784827709198,59.08999029924795,-14.50948757070273,0.06705976270267058,-0.013987912568411387,-0.03576964835900521,-0.2903872669022972,0.9561381206600151,-0.5894815802844575
226.78986835479736,59.09636796074107,-14.501379091785006,0.003745872693862954,-0.010474649879920634,-0.0345653970732595,-0.28732484501482525,0.9571519986252276,-0.5832503485431736
226.88817524909973,59.10515034230853,-14.489727131008648,-0.055668609570284196,-0.012221046028196325,-0.033323454624439336,-0.283857385569188,0.9582093602463373,-0.5758424958215372
226.99234175682068,59.12041761009352,-14.482948726219414,-0.08747800192594044,-0.012498801218414592,-0.031069889777002167,-0.28420445356598856,0.9581786213909207,-0.5764755139890222
227.09411096572876,59.13463720069606,-14.477028189130914,-0.09379778614060805,-0.01101139547877035,-0.030760749184243225,-0.28435364604641583,0.9581625798680221,-0.5768632225236023
227.19188237190247,59.14988107999237,-14.46593724166859,-0.0920361615317082,-0.007716687745145697,-0.03181050257104907,-0.2869106708836146,0.9573979379492811,-0.5824358680862458
227.29553079605103,59.16716811686276,-14.455235078554956,-0.09180338966018868,-0.007484804162640387,-0.03534244768130034,-0.28842271160311167,0.9568214193516206,-0.585770799525441
227.37977027893066,59.18527236641644,-14.437924848329104,-0.10281007303004377,-0.006612193158058531,-0.035316052471619,-0.29120811517382883,0.9559847744584473,-0.5916562008095916
227.4890959262848,59.20323061601243,-14.428821346750443,-0.11658390013172232,-0.00535441591727663,-0.03522115486779781,-0.29309031725655427,0.9554207797669129,-0.5956726554787781
227.5904200077057,59.219901128915325,-14.411695800113455,-0.13236116356730943,-0.0020370282136537277,-0.03593133845874595,-0.29506138208275207,0.9548002776686002,-0.6000465622883812
227.69106316566467,59.23372027778674,-14.41050344811876,-0.14779965761745084,-0.0017140598667103257,-0.03634198148873099,-0.2982067700243817,0.9538076560249826,-0.6066906106734408
227.7923505306244,59.253200232117415,-14.402965981181794,-0.15403892925746387,-0.0015354796113920088,-0.04041014412789231,-0.30126580094379485,0.9526823078737318,-0.6133955943130729
227.89065623283386,59.26495931780374,-14.398741393361217,-0.16093276826233244,0.0008147079079788259,-0.039589599747393775,-0.3047281049037186,0.9516158793991691,-0.6207734364548879
227.98877549171448,59.285658238357925,-14.397870769729028,-0.16144062501066433,-0.0008507355366629177,-0.04074681519679949,-0.30863732309560715,0.9503062538428032,-0.6289816616724722
228.09308409690857,59.29326077882576,-14.40765921115879,-0.162457489524834,-0.0020921183573932942,-0.041691372830627786,-0.3117178172952301,0.9492573175135253,-0.6354634809230044
228.1879289150238,59.29876178331756,-14.413443331901432,-0.17326385836388888,-0.0022137297236215253,-0.04286106236773162,-0.31703077141478914,0.9474436757451937,-0.6467652377326484
228.2887270450592,59.3030883826076,-14.415781764531511,-0.18286834918932734,0.014999841481648115,-0.04377782600217037,-0.3209067611779728,0.945979575538665,-0.6561772731692568
228.39173197746277,59.30193428768134,-14.428707380068328,-0.18338750179560706,0.04239919926033205,-0.05197826916599823,-0.32725276021470834,0.9425530215157365,-0.6723828315790529
228.49076747894287,59.30084174736455,-14.447489252421404,-0.17687065835107743,0.05443546393423005,-0.053717106375531634,-0.33271224499414,0.9399222386877886,-0.6849358729146633
228.59263014793396,59.29175247945711,-14.480186385446272,-0.16666212916327997,0.05926113166331471,-0.057170209420234194,-0.3332740773317223,0.9392273818450562,-0.6870764348391865
228.6890926361084,59.28154324305886,-14.519622302946827,-0.16051101117650385,0.06604580446727074,-0.06271809574546235,-0.33205131210547506,0.9388537257248152,-0.6860841602872118
228.79175472259521,59.2561854152592,-14.575388324032874,-0.15081202123310467,0.07722199047269206,-0.06642968971328556,-0.3268021927399392,0.9395872430660176,-0.6765561251013837
228.87803435325623,59.22483276404789,-14.642038517606293,-0.14255122537133272,0.08023664891944671,-0.06887960805624685,-0.32400385100025264,0.9401272170835185,-0.6714667785952566
228.98594737052917,59.179402412516225,-14.720850729963054,-0.14546845568651767,0.06377381161986542,-0.06551892300446815,-0.3196913735646138,0.9430999932924287,-0.6604413765866719
229.08855557441711,59.12802525778651,-14.816631867436625,-0.14273221920373813,0.03935748006361857,-0.05386226957315363,-0.3185577882075344,0.9455531609866229,-0.6541220446349361
229.1907103061676,59.07077975783565,-14.90802058399867,-0.14434572115913435,0.024527484430691623,-0.04881073083717241,-0.31839040867962387,0.946384415934384,-0.6520594777593632
229.2894959449768,59.00838496447823,-15.01358653627899,-0.14120872109289156,0.018283666848181144,-0.04874768439140064,-0.31706753135446164,0.9469728355944792,-0.6488413535815802
229.39016222953796,58.93627022076066,-15.122413360964536,-0.13568455028939308,0.01598799340133191,-0.05074174924744741,-0.3191301565644847,0.9462164668411958,-0.6532838438985998
229.48944115638733,58.868682368333204,-15.228148914488242,-0.13396048472889485,0.0056856413383420045,-0.05161011889450202,-0.3206369536723366,0.9457779935323041,-0.6557935096965081
229.59690976142883,58.80253086111256,-15.334225559417742,-0.1289760133145829,-0.019865617296207866,-0.04454076879210066,-0.32193338867629795,0.9455053518728728,-0.6559178440847325
229.6882529258728,58.732369875645965,-15.439785628567734,-0.12914186776853567,-0.04526752458966545,-0.037275027627472875,-0.3219263356986879,0.9449470132851423,-0.6536082906307127
229.7877435684204,58.66234582227449,-15.541606605542748,-0.12600155993663592,-0.05510781967658443,-0.029861671438802615,-0.31907085565296384,0.9456559616807053,-0.6468899248607095
