# Semantic forest reconstructed from registered LiDAR density
mtllib scene.mtl
o reconstructed_tree_trunks_and_crowns
v 56.074740 -16.940000 0.000000
v 56.033728 -16.813779 0.000000
v 55.926358 -16.735770 0.000000
v 55.793642 -16.735770 0.000000
v 55.686272 -16.813779 0.000000
v 55.645260 -16.940000 0.000000
v 55.686272 -17.066221 0.000000
v 55.793642 -17.144230 0.000000
v 55.926358 -17.144230 0.000000
v 56.033728 -17.066221 0.000000
v 56.074740 -16.940000 3.249634
v 56.033728 -16.813779 3.249634
v 55.926358 -16.735770 3.249634
v 55.793642 -16.735770 3.249634
v 55.686272 -16.813779 3.249634
v 55.645260 -16.940000 3.249634
v 55.686272 -17.066221 3.249634
v 55.793642 -17.144230 3.249634
v 55.926358 -17.144230 3.249634
v 56.033728 -17.066221 3.249634
v 55.860000 -16.940000 3.249634
v 56.372052 -16.940000 3.089379
v 56.274259 -16.639023 3.089379
v 56.018233 -16.453009 3.089379
v 55.701767 -16.453009 3.089379
v 55.445741 -16.639023 3.089379
v 55.347948 -16.940000 3.089379
v 55.445741 -17.240977 3.089379
v 55.701767 -17.426991 3.089379
v 56.018233 -17.426991 3.089379
v 56.274259 -17.240977 3.089379
v 56.688518 -16.940000 2.669825
v 56.530285 -16.453009 2.669825
v 56.116026 -16.152032 2.669825
v 55.603974 -16.152032 2.669825
v 55.189715 -16.453009 2.669825
v 55.031482 -16.940000 2.669825
v 55.189715 -17.426991 2.669825
v 55.603974 -17.727968 2.669825
v 56.116026 -17.727968 2.669825
v 56.530285 -17.426991 2.669825
v 56.688518 -16.940000 2.151228
v 56.530285 -16.453009 2.151228
v 56.116026 -16.152032 2.151228
v 55.603974 -16.152032 2.151228
v 55.189715 -16.453009 2.151228
v 55.031482 -16.940000 2.151228
v 55.189715 -17.426991 2.151228
v 55.603974 -17.727968 2.151228
v 56.116026 -17.727968 2.151228
v 56.530285 -17.426991 2.151228
v 56.372052 -16.940000 1.731675
v 56.274259 -16.639023 1.731675
v 56.018233 -16.453009 1.731675
v 55.701767 -16.453009 1.731675
v 55.445741 -16.639023 1.731675
v 55.347948 -16.940000 1.731675
v 55.445741 -17.240977 1.731675
v 55.701767 -17.426991 1.731675
v 56.018233 -17.426991 1.731675
v 56.274259 -17.240977 1.731675
v 55.860000 -16.940000 1.571420
v 15.514159 -11.340000 0.000000
v 15.465619 -11.190609 0.000000
v 15.338539 -11.098281 0.000000
v 15.181461 -11.098281 0.000000
v 15.054381 -11.190609 0.000000
v 15.005841 -11.340000 0.000000
v 15.054381 -11.489391 0.000000
v 15.181461 -11.581719 0.000000
v 15.338539 -11.581719 0.000000
v 15.465619 -11.489391 0.000000
v 15.514159 -11.340000 3.220000
v 15.465619 -11.190609 3.220000
v 15.338539 -11.098281 3.220000
v 15.181461 -11.098281 3.220000
v 15.054381 -11.190609 3.220000
v 15.005841 -11.340000 3.220000
v 15.054381 -11.489391 3.220000
v 15.181461 -11.581719 3.220000
v 15.338539 -11.581719 3.220000
v 15.465619 -11.489391 3.220000
v 15.260000 -11.340000 3.220000
v 15.855302 -11.340000 3.012783
v 15.741609 -10.990090 3.012783
v 15.443958 -10.773834 3.012783
v 15.076042 -10.773834 3.012783
v 14.778391 -10.990090 3.012783
v 14.664698 -11.340000 3.012783
v 14.778391 -11.689910 3.012783
v 15.076042 -11.906166 3.012783
v 15.443958 -11.906166 3.012783
v 15.741609 -11.689910 3.012783
v 16.223219 -11.340000 2.470283
v 16.039261 -10.773834 2.470283
v 15.557651 -10.423924 2.470283
v 14.962349 -10.423924 2.470283
v 14.480739 -10.773834 2.470283
v 14.296781 -11.340000 2.470283
v 14.480739 -11.906166 2.470283
v 14.962349 -12.256076 2.470283
v 15.557651 -12.256076 2.470283
v 16.039261 -11.906166 2.470283
v 16.223219 -11.340000 1.799717
v 16.039261 -10.773834 1.799717
v 15.557651 -10.423924 1.799717
v 14.962349 -10.423924 1.799717
v 14.480739 -10.773834 1.799717
v 14.296781 -11.340000 1.799717
v 14.480739 -11.906166 1.799717
v 14.962349 -12.256076 1.799717
v 15.557651 -12.256076 1.799717
v 16.039261 -11.906166 1.799717
v 15.855302 -11.340000 1.257217
v 15.741609 -10.990090 1.257217
v 15.443958 -10.773834 1.257217
v 15.076042 -10.773834 1.257217
v 14.778391 -10.990090 1.257217
v 14.664698 -11.340000 1.257217
v 14.778391 -11.689910 1.257217
v 15.076042 -11.906166 1.257217
v 15.443958 -11.906166 1.257217
v 15.741609 -11.689910 1.257217
v 15.260000 -11.340000 1.050000
v 49.687372 -13.580000 0.000000
v 49.636309 -13.422843 0.000000
v 49.502623 -13.325714 0.000000
v 49.337377 -13.325714 0.000000
v 49.203691 -13.422843 0.000000
v 49.152628 -13.580000 0.000000
v 49.203691 -13.737157 0.000000
v 49.337377 -13.834286 0.000000
v 49.502623 -13.834286 0.000000
v 49.636309 -13.737157 0.000000
v 49.687372 -13.580000 3.930973
v 49.636309 -13.422843 3.930973
v 49.502623 -13.325714 3.930973
v 49.337377 -13.325714 3.930973
v 49.203691 -13.422843 3.930973
v 49.152628 -13.580000 3.930973
v 49.203691 -13.737157 3.930973
v 49.337377 -13.834286 3.930973
v 49.502623 -13.834286 3.930973
v 49.636309 -13.737157 3.930973
v 49.420000 -13.580000 3.930973
v 49.905776 -13.580000 3.783592
v 49.813001 -13.294468 3.783592
v 49.570113 -13.118000 3.783592
v 49.269887 -13.118000 3.783592
v 49.026999 -13.294468 3.783592
v 48.934224 -13.580000 3.783592
v 49.026999 -13.865532 3.783592
v 49.269887 -14.042000 3.783592
v 49.570113 -14.042000 3.783592
v 49.813001 -13.865532 3.783592
v 50.206001 -13.580000 3.397744
v 50.055888 -13.118000 3.397744
v 49.662888 -12.832468 3.397744
v 49.177112 -12.832468 3.397744
v 48.784112 -13.118000 3.397744
v 48.633999 -13.580000 3.397744
v 48.784112 -14.042000 3.397744
v 49.177112 -14.327532 3.397744
v 49.662888 -14.327532 3.397744
v 50.055888 -14.042000 3.397744
v 50.206001 -13.580000 2.920809
v 50.055888 -13.118000 2.920809
v 49.662888 -12.832468 2.920809
v 49.177112 -12.832468 2.920809
v 48.784112 -13.118000 2.920809
v 48.633999 -13.580000 2.920809
v 48.784112 -14.042000 2.920809
v 49.177112 -14.327532 2.920809
v 49.662888 -14.327532 2.920809
v 50.055888 -14.042000 2.920809
v 49.905776 -13.580000 2.534961
v 49.813001 -13.294468 2.534961
v 49.570113 -13.118000 2.534961
v 49.269887 -13.118000 2.534961
v 49.026999 -13.294468 2.534961
v 48.934224 -13.580000 2.534961
v 49.026999 -13.865532 2.534961
v 49.269887 -14.042000 2.534961
v 49.570113 -14.042000 2.534961
v 49.813001 -13.865532 2.534961
v 49.420000 -13.580000 2.387580
v 22.492335 -5.460000 0.000000
v 22.447963 -5.323437 0.000000
v 22.331795 -5.239036 0.000000
v 22.188205 -5.239036 0.000000
v 22.072037 -5.323437 0.000000
v 22.027665 -5.460000 0.000000
v 22.072037 -5.596563 0.000000
v 22.188205 -5.680964 0.000000
v 22.331795 -5.680964 0.000000
v 22.447963 -5.596563 0.000000
v 22.492335 -5.460000 3.220000
v 22.447963 -5.323437 3.220000
v 22.331795 -5.239036 3.220000
v 22.188205 -5.239036 3.220000
v 22.072037 -5.323437 3.220000
v 22.027665 -5.460000 3.220000
v 22.072037 -5.596563 3.220000
v 22.188205 -5.680964 3.220000
v 22.331795 -5.680964 3.220000
v 22.447963 -5.596563 3.220000
v 22.260000 -5.460000 3.220000
v 22.811497 -5.460000 3.012783
v 22.706171 -5.135838 3.012783
v 22.430422 -4.935495 3.012783
v 22.089578 -4.935495 3.012783
v 21.813829 -5.135838 3.012783
v 21.708503 -5.460000 3.012783
v 21.813829 -5.784162 3.012783
v 22.089578 -5.984505 3.012783
v 22.430422 -5.984505 3.012783
v 22.706171 -5.784162 3.012783
v 23.152341 -5.460000 2.470283
v 22.981919 -4.935495 2.470283
v 22.535749 -4.611333 2.470283
v 21.984251 -4.611333 2.470283
v 21.538081 -4.935495 2.470283
v 21.367659 -5.460000 2.470283
v 21.538081 -5.984505 2.470283
v 21.984251 -6.308667 2.470283
v 22.535749 -6.308667 2.470283
v 22.981919 -5.984505 2.470283
v 23.152341 -5.460000 1.799717
v 22.981919 -4.935495 1.799717
v 22.535749 -4.611333 1.799717
v 21.984251 -4.611333 1.799717
v 21.538081 -4.935495 1.799717
v 21.367659 -5.460000 1.799717
v 21.538081 -5.984505 1.799717
v 21.984251 -6.308667 1.799717
v 22.535749 -6.308667 1.799717
v 22.981919 -5.984505 1.799717
v 22.811497 -5.460000 1.257217
v 22.706171 -5.135838 1.257217
v 22.430422 -4.935495 1.257217
v 22.089578 -4.935495 1.257217
v 21.813829 -5.135838 1.257217
v 21.708503 -5.460000 1.257217
v 21.813829 -5.784162 1.257217
v 22.089578 -5.984505 1.257217
v 22.430422 -5.984505 1.257217
v 22.706171 -5.784162 1.257217
v 22.260000 -5.460000 1.050000
v 23.608835 -7.700000 0.000000
v 23.565131 -7.565494 0.000000
v 23.450714 -7.482365 0.000000
v 23.309286 -7.482365 0.000000
v 23.194869 -7.565494 0.000000
v 23.151165 -7.700000 0.000000
v 23.194869 -7.834506 0.000000
v 23.309286 -7.917635 0.000000
v 23.450714 -7.917635 0.000000
v 23.565131 -7.834506 0.000000
v 23.608835 -7.700000 3.790482
v 23.565131 -7.565494 3.790482
v 23.450714 -7.482365 3.790482
v 23.309286 -7.482365 3.790482
v 23.194869 -7.565494 3.790482
v 23.151165 -7.700000 3.790482
v 23.194869 -7.834506 3.790482
v 23.309286 -7.917635 3.790482
v 23.450714 -7.917635 3.790482
v 23.565131 -7.834506 3.790482
v 23.380000 -7.700000 3.790482
v 23.892052 -7.700000 3.637017
v 23.794259 -7.399023 3.637017
v 23.538233 -7.213009 3.637017
v 23.221767 -7.213009 3.637017
v 22.965741 -7.399023 3.637017
v 22.867948 -7.700000 3.637017
v 22.965741 -8.000977 3.637017
v 23.221767 -8.186991 3.637017
v 23.538233 -8.186991 3.637017
v 23.794259 -8.000977 3.637017
v 24.208518 -7.700000 3.235240
v 24.050285 -7.213009 3.235240
v 23.636026 -6.912032 3.235240
v 23.123974 -6.912032 3.235240
v 22.709715 -7.213009 3.235240
v 22.551482 -7.700000 3.235240
v 22.709715 -8.186991 3.235240
v 23.123974 -8.487968 3.235240
v 23.636026 -8.487968 3.235240
v 24.050285 -8.186991 3.235240
v 24.208518 -7.700000 2.738616
v 24.050285 -7.213009 2.738616
v 23.636026 -6.912032 2.738616
v 23.123974 -6.912032 2.738616
v 22.709715 -7.213009 2.738616
v 22.551482 -7.700000 2.738616
v 22.709715 -8.186991 2.738616
v 23.123974 -8.487968 2.738616
v 23.636026 -8.487968 2.738616
v 24.050285 -8.186991 2.738616
v 23.892052 -7.700000 2.336839
v 23.794259 -7.399023 2.336839
v 23.538233 -7.213009 2.336839
v 23.221767 -7.213009 2.336839
v 22.965741 -7.399023 2.336839
v 22.867948 -7.700000 2.336839
v 22.965741 -8.000977 2.336839
v 23.221767 -8.186991 2.336839
v 23.538233 -8.186991 2.336839
v 23.794259 -8.000977 2.336839
v 23.380000 -7.700000 2.183374
v 21.401885 -11.340000 0.000000
v 21.351869 -11.186068 0.000000
v 21.220927 -11.090933 0.000000
v 21.059073 -11.090933 0.000000
v 20.928131 -11.186068 0.000000
v 20.878115 -11.340000 0.000000
v 20.928131 -11.493932 0.000000
v 21.059073 -11.589067 0.000000
v 21.220927 -11.589067 0.000000
v 21.351869 -11.493932 0.000000
v 21.401885 -11.340000 3.764799
v 21.351869 -11.186068 3.764799
v 21.220927 -11.090933 3.764799
v 21.059073 -11.090933 3.764799
v 20.928131 -11.186068 3.764799
v 20.878115 -11.340000 3.764799
v 20.928131 -11.493932 3.764799
v 21.059073 -11.589067 3.764799
v 21.220927 -11.589067 3.764799
v 21.351869 -11.493932 3.764799
v 21.140000 -11.340000 3.764799
v 21.640047 -11.340000 3.580404
v 21.544546 -11.046080 3.580404
v 21.294523 -10.864427 3.580404
v 20.985477 -10.864427 3.580404
v 20.735454 -11.046080 3.580404
v 20.639953 -11.340000 3.580404
v 20.735454 -11.633920 3.580404
v 20.985477 -11.815573 3.580404
v 21.294523 -11.815573 3.580404
v 21.544546 -11.633920 3.580404
v 21.949093 -11.340000 3.097650
v 21.794570 -10.864427 3.097650
v 21.390023 -10.570507 3.097650
v 20.889977 -10.570507 3.097650
v 20.485430 -10.864427 3.097650
v 20.330907 -11.340000 3.097650
v 20.485430 -11.815573 3.097650
v 20.889977 -12.109493 3.097650
v 21.390023 -12.109493 3.097650
v 21.794570 -11.815573 3.097650
v 21.949093 -11.340000 2.500933
v 21.794570 -10.864427 2.500933
v 21.390023 -10.570507 2.500933
v 20.889977 -10.570507 2.500933
v 20.485430 -10.864427 2.500933
v 20.330907 -11.340000 2.500933
v 20.485430 -11.815573 2.500933
v 20.889977 -12.109493 2.500933
v 21.390023 -12.109493 2.500933
v 21.794570 -11.815573 2.500933
v 21.640047 -11.340000 2.018179
v 21.544546 -11.046080 2.018179
v 21.294523 -10.864427 2.018179
v 20.985477 -10.864427 2.018179
v 20.735454 -11.046080 2.018179
v 20.639953 -11.340000 2.018179
v 20.735454 -11.633920 2.018179
v 20.985477 -11.815573 2.018179
v 21.294523 -11.815573 2.018179
v 21.544546 -11.633920 2.018179
v 21.140000 -11.340000 1.833783
v 53.557955 -12.740000 0.000000
v 53.516329 -12.611889 0.000000
v 53.407352 -12.532712 0.000000
v 53.272648 -12.532712 0.000000
v 53.163671 -12.611889 0.000000
v 53.122045 -12.740000 0.000000
v 53.163671 -12.868111 0.000000
v 53.272648 -12.947288 0.000000
v 53.407352 -12.947288 0.000000
v 53.516329 -12.868111 0.000000
v 53.557955 -12.740000 3.220000
v 53.516329 -12.611889 3.220000
v 53.407352 -12.532712 3.220000
v 53.272648 -12.532712 3.220000
v 53.163671 -12.611889 3.220000
v 53.122045 -12.740000 3.220000
v 53.163671 -12.868111 3.220000
v 53.272648 -12.947288 3.220000
v 53.407352 -12.947288 3.220000
v 53.516329 -12.868111 3.220000
v 53.340000 -12.740000 3.220000
v 53.836982 -12.740000 3.016335
v 53.742067 -12.447881 3.016335
v 53.493576 -12.267342 3.016335
v 53.186424 -12.267342 3.016335
v 52.937933 -12.447881 3.016335
v 52.843018 -12.740000 3.016335
v 52.937933 -13.032119 3.016335
v 53.186424 -13.212658 3.016335
v 53.493576 -13.212658 3.016335
v 53.742067 -13.032119 3.016335
v 54.144134 -12.740000 2.483135
v 53.990558 -12.267342 2.483135
v 53.588491 -11.975223 2.483135
v 53.091509 -11.975223 2.483135
v 52.689442 -12.267342 2.483135
v 52.535866 -12.740000 2.483135
v 52.689442 -13.212658 2.483135
v 53.091509 -13.504777 2.483135
v 53.588491 -13.504777 2.483135
v 53.990558 -13.212658 2.483135
v 54.144134 -12.740000 1.824062
v 53.990558 -12.267342 1.824062
v 53.588491 -11.975223 1.824062
v 53.091509 -11.975223 1.824062
v 52.689442 -12.267342 1.824062
v 52.535866 -12.740000 1.824062
v 52.689442 -13.212658 1.824062
v 53.091509 -13.504777 1.824062
v 53.588491 -13.504777 1.824062
v 53.990558 -13.212658 1.824062
v 53.836982 -12.740000 1.290862
v 53.742067 -12.447881 1.290862
v 53.493576 -12.267342 1.290862
v 53.186424 -12.267342 1.290862
v 52.937933 -12.447881 1.290862
v 52.843018 -12.740000 1.290862
v 52.937933 -13.032119 1.290862
v 53.186424 -13.212658 1.290862
v 53.493576 -13.212658 1.290862
v 53.742067 -13.032119 1.290862
v 53.340000 -12.740000 1.087197
v 56.373136 -14.980000 0.000000
v 56.328611 -14.842966 0.000000
v 56.212043 -14.758274 0.000000
v 56.067957 -14.758274 0.000000
v 55.951389 -14.842966 0.000000
v 55.906864 -14.980000 0.000000
v 55.951389 -15.117034 0.000000
v 56.067957 -15.201726 0.000000
v 56.212043 -15.201726 0.000000
v 56.328611 -15.117034 0.000000
v 56.373136 -14.980000 3.373270
v 56.328611 -14.842966 3.373270
v 56.212043 -14.758274 3.373270
v 56.067957 -14.758274 3.373270
v 55.951389 -14.842966 3.373270
v 55.906864 -14.980000 3.373270
v 55.951389 -15.117034 3.373270
v 56.067957 -15.201726 3.373270
v 56.212043 -15.201726 3.373270
v 56.328611 -15.117034 3.373270
v 56.140000 -14.980000 3.373270
v 56.574188 -14.980000 3.209121
v 56.491266 -14.724791 3.209121
v 56.274172 -14.567063 3.209121
v 56.005828 -14.567063 3.209121
v 55.788734 -14.724791 3.209121
v 55.705812 -14.980000 3.209121
v 55.788734 -15.235209 3.209121
v 56.005828 -15.392937 3.209121
v 56.274172 -15.392937 3.209121
v 56.491266 -15.235209 3.209121
v 56.842531 -14.980000 2.779374
v 56.708360 -14.567063 2.779374
v 56.357094 -14.311853 2.779374
v 55.922906 -14.311853 2.779374
v 55.571640 -14.567063 2.779374
v 55.437469 -14.980000 2.779374
v 55.571640 -15.392937 2.779374
v 55.922906 -15.648147 2.779374
v 56.357094 -15.648147 2.779374
v 56.708360 -15.392937 2.779374
v 56.842531 -14.980000 2.248177
v 56.708360 -14.567063 2.248177
v 56.357094 -14.311853 2.248177
v 55.922906 -14.311853 2.248177
v 55.571640 -14.567063 2.248177
v 55.437469 -14.980000 2.248177
v 55.571640 -15.392937 2.248177
v 55.922906 -15.648147 2.248177
v 56.357094 -15.648147 2.248177
v 56.708360 -15.392937 2.248177
v 56.574188 -14.980000 1.818430
v 56.491266 -14.724791 1.818430
v 56.274172 -14.567063 1.818430
v 56.005828 -14.567063 1.818430
v 55.788734 -14.724791 1.818430
v 55.705812 -14.980000 1.818430
v 55.788734 -15.235209 1.818430
v 56.005828 -15.392937 1.818430
v 56.274172 -15.392937 1.818430
v 56.491266 -15.235209 1.818430
v 56.140000 -14.980000 1.654282
v 16.591655 -13.580000 0.000000
v 16.551232 -13.455593 0.000000
v 16.445405 -13.378705 0.000000
v 16.314595 -13.378705 0.000000
v 16.208768 -13.455593 0.000000
v 16.168345 -13.580000 0.000000
v 16.208768 -13.704407 0.000000
v 16.314595 -13.781295 0.000000
v 16.445405 -13.781295 0.000000
v 16.551232 -13.704407 0.000000
v 16.591655 -13.580000 3.538233
v 16.551232 -13.455593 3.538233
v 16.445405 -13.378705 3.538233
v 16.314595 -13.378705 3.538233
v 16.208768 -13.455593 3.538233
v 16.168345 -13.580000 3.538233
v 16.208768 -13.704407 3.538233
v 16.314595 -13.781295 3.538233
v 16.445405 -13.781295 3.538233
v 16.551232 -13.704407 3.538233
v 16.380000 -13.580000 3.538233
v 16.816474 -13.580000 3.393481
v 16.733115 -13.323447 3.393481
v 16.514878 -13.164889 3.393481
v 16.245122 -13.164889 3.393481
v 16.026885 -13.323447 3.393481
v 15.943526 -13.580000 3.393481
v 16.026885 -13.836553 3.393481
v 16.245122 -13.995111 3.393481
v 16.514878 -13.995111 3.393481
v 16.733115 -13.836553 3.393481
v 17.086229 -13.580000 3.014516
v 16.951352 -13.164889 3.014516
v 16.598237 -12.908336 3.014516
v 16.161763 -12.908336 3.014516
v 15.808648 -13.164889 3.014516
v 15.673771 -13.580000 3.014516
v 15.808648 -13.995111 3.014516
v 16.161763 -14.251664 3.014516
v 16.598237 -14.251664 3.014516
v 16.951352 -13.995111 3.014516
v 17.086229 -13.580000 2.546089
v 16.951352 -13.164889 2.546089
v 16.598237 -12.908336 2.546089
v 16.161763 -12.908336 2.546089
v 15.808648 -13.164889 2.546089
v 15.673771 -13.580000 2.546089
v 15.808648 -13.995111 2.546089
v 16.161763 -14.251664 2.546089
v 16.598237 -14.251664 2.546089
v 16.951352 -13.995111 2.546089
v 16.816474 -13.580000 2.167124
v 16.733115 -13.323447 2.167124
v 16.514878 -13.164889 2.167124
v 16.245122 -13.164889 2.167124
v 16.026885 -13.323447 2.167124
v 15.943526 -13.580000 2.167124
v 16.026885 -13.836553 2.167124
v 16.245122 -13.995111 2.167124
v 16.514878 -13.995111 2.167124
v 16.733115 -13.836553 2.167124
v 16.380000 -13.580000 2.022372
v 18.830606 -13.300000 0.000000
v 18.790384 -13.176209 0.000000
v 18.685081 -13.099701 0.000000
v 18.554919 -13.099701 0.000000
v 18.449616 -13.176209 0.000000
v 18.409394 -13.300000 0.000000
v 18.449616 -13.423791 0.000000
v 18.554919 -13.500299 0.000000
v 18.685081 -13.500299 0.000000
v 18.790384 -13.423791 0.000000
v 18.830606 -13.300000 3.786253
v 18.790384 -13.176209 3.786253
v 18.685081 -13.099701 3.786253
v 18.554919 -13.099701 3.786253
v 18.449616 -13.176209 3.786253
v 18.409394 -13.300000 3.786253
v 18.449616 -13.423791 3.786253
v 18.554919 -13.500299 3.786253
v 18.685081 -13.500299 3.786253
v 18.790384 -13.423791 3.786253
v 18.620000 -13.300000 3.786253
v 19.060484 -13.300000 3.622888
v 18.976359 -13.041090 3.622888
v 18.756117 -12.881075 3.622888
v 18.483883 -12.881075 3.622888
v 18.263641 -13.041090 3.622888
v 18.179516 -13.300000 3.622888
v 18.263641 -13.558910 3.622888
v 18.483883 -13.718925 3.622888
v 18.756117 -13.718925 3.622888
v 18.976359 -13.558910 3.622888
v 19.332718 -13.300000 3.195193
v 19.196601 -12.881075 3.195193
v 18.840242 -12.622165 3.195193
v 18.399758 -12.622165 3.195193
v 18.043399 -12.881075 3.195193
v 17.907282 -13.300000 3.195193
v 18.043399 -13.718925 3.195193
v 18.399758 -13.977835 3.195193
v 18.840242 -13.977835 3.195193
v 19.196601 -13.718925 3.195193
v 19.332718 -13.300000 2.666533
v 19.196601 -12.881075 2.666533
v 18.840242 -12.622165 2.666533
v 18.399758 -12.622165 2.666533
v 18.043399 -12.881075 2.666533
v 17.907282 -13.300000 2.666533
v 18.043399 -13.718925 2.666533
v 18.399758 -13.977835 2.666533
v 18.840242 -13.977835 2.666533
v 19.196601 -13.718925 2.666533
v 19.060484 -13.300000 2.238837
v 18.976359 -13.041090 2.238837
v 18.756117 -12.881075 2.238837
v 18.483883 -12.881075 2.238837
v 18.263641 -13.041090 2.238837
v 18.179516 -13.300000 2.238837
v 18.263641 -13.558910 2.238837
v 18.483883 -13.718925 2.238837
v 18.756117 -13.718925 2.238837
v 18.976359 -13.558910 2.238837
v 18.620000 -13.300000 2.075472
v 13.493732 -7.420000 0.000000
v 13.456732 -7.306127 0.000000
v 13.359866 -7.235750 0.000000
v 13.240134 -7.235750 0.000000
v 13.143268 -7.306127 0.000000
v 13.106268 -7.420000 0.000000
v 13.143268 -7.533873 0.000000
v 13.240134 -7.604250 0.000000
v 13.359866 -7.604250 0.000000
v 13.456732 -7.533873 0.000000
v 13.493732 -7.420000 3.728878
v 13.456732 -7.306127 3.728878
v 13.359866 -7.235750 3.728878
v 13.240134 -7.235750 3.728878
v 13.143268 -7.306127 3.728878
v 13.106268 -7.420000 3.728878
v 13.143268 -7.533873 3.728878
v 13.240134 -7.604250 3.728878
v 13.359866 -7.604250 3.728878
v 13.456732 -7.533873 3.728878
v 13.300000 -7.420000 3.728878
v 13.713425 -7.420000 3.591695
v 13.634468 -7.176995 3.591695
v 13.427755 -7.026809 3.591695
v 13.172245 -7.026809 3.591695
v 12.965532 -7.176995 3.591695
v 12.886575 -7.420000 3.591695
v 12.965532 -7.663005 3.591695
v 13.172245 -7.813191 3.591695
v 13.427755 -7.813191 3.591695
v 13.634468 -7.663005 3.591695
v 13.968936 -7.420000 3.232545
v 13.841181 -7.026809 3.232545
v 13.506713 -6.783804 3.232545
v 13.093287 -6.783804 3.232545
v 12.758819 -7.026809 3.232545
v 12.631064 -7.420000 3.232545
v 12.758819 -7.813191 3.232545
v 13.093287 -8.056196 3.232545
v 13.506713 -8.056196 3.232545
v 13.841181 -7.813191 3.232545
v 13.968936 -7.420000 2.788611
v 13.841181 -7.026809 2.788611
v 13.506713 -6.783804 2.788611
v 13.093287 -6.783804 2.788611
v 12.758819 -7.026809 2.788611
v 12.631064 -7.420000 2.788611
v 12.758819 -7.813191 2.788611
v 13.093287 -8.056196 2.788611
v 13.506713 -8.056196 2.788611
v 13.841181 -7.813191 2.788611
v 13.713425 -7.420000 2.429462
v 13.634468 -7.176995 2.429462
v 13.427755 -7.026809 2.429462
v 13.172245 -7.026809 2.429462
v 12.965532 -7.176995 2.429462
v 12.886575 -7.420000 2.429462
v 12.965532 -7.663005 2.429462
v 13.172245 -7.813191 2.429462
v 13.427755 -7.813191 2.429462
v 13.634468 -7.663005 2.429462
v 13.300000 -7.420000 2.292279
v 59.412129 -13.020000 0.000000
v 59.375435 -12.907070 0.000000
v 59.279371 -12.837275 0.000000
v 59.160629 -12.837275 0.000000
v 59.064565 -12.907070 0.000000
v 59.027871 -13.020000 0.000000
v 59.064565 -13.132930 0.000000
v 59.160629 -13.202725 0.000000
v 59.279371 -13.202725 0.000000
v 59.375435 -13.132930 0.000000
v 59.412129 -13.020000 3.487517
v 59.375435 -12.907070 3.487517
v 59.279371 -12.837275 3.487517
v 59.160629 -12.837275 3.487517
v 59.064565 -12.907070 3.487517
v 59.027871 -13.020000 3.487517
v 59.064565 -13.132930 3.487517
v 59.160629 -13.202725 3.487517
v 59.279371 -13.202725 3.487517
v 59.375435 -13.132930 3.487517
v 59.220000 -13.020000 3.487517
v 59.711550 -13.020000 3.347396
v 59.617672 -12.731074 3.347396
v 59.371897 -12.552509 3.347396
v 59.068103 -12.552509 3.347396
v 58.822328 -12.731074 3.347396
v 58.728450 -13.020000 3.347396
v 58.822328 -13.308926 3.347396
v 59.068103 -13.487491 3.347396
v 59.371897 -13.487491 3.347396
v 59.617672 -13.308926 3.347396
v 60.015344 -13.020000 2.980556
v 59.863447 -12.552509 2.980556
v 59.465775 -12.263583 2.980556
v 58.974225 -12.263583 2.980556
v 58.576553 -12.552509 2.980556
v 58.424656 -13.020000 2.980556
v 58.576553 -13.487491 2.980556
v 58.974225 -13.776417 2.980556
v 59.465775 -13.776417 2.980556
v 59.863447 -13.487491 2.980556
v 60.015344 -13.020000 2.527116
v 59.863447 -12.552509 2.527116
v 59.465775 -12.263583 2.527116
v 58.974225 -12.263583 2.527116
v 58.576553 -12.552509 2.527116
v 58.424656 -13.020000 2.527116
v 58.576553 -13.487491 2.527116
v 58.974225 -13.776417 2.527116
v 59.465775 -13.776417 2.527116
v 59.863447 -13.487491 2.527116
v 59.711550 -13.020000 2.160276
v 59.617672 -12.731074 2.160276
v 59.371897 -12.552509 2.160276
v 59.068103 -12.552509 2.160276
v 58.822328 -12.731074 2.160276
v 58.728450 -13.020000 2.160276
v 58.822328 -13.308926 2.160276
v 59.068103 -13.487491 2.160276
v 59.371897 -13.487491 2.160276
v 59.617672 -13.308926 2.160276
v 59.220000 -13.020000 2.020155
v 51.296239 -12.740000 0.000000
v 51.258761 -12.624654 0.000000
v 51.160641 -12.553366 0.000000
v 51.039359 -12.553366 0.000000
v 50.941239 -12.624654 0.000000
v 50.903761 -12.740000 0.000000
v 50.941239 -12.855346 0.000000
v 51.039359 -12.926634 0.000000
v 51.160641 -12.926634 0.000000
v 51.258761 -12.855346 0.000000
v 51.296239 -12.740000 3.385105
v 51.258761 -12.624654 3.385105
v 51.160641 -12.553366 3.385105
v 51.039359 -12.553366 3.385105
v 50.941239 -12.624654 3.385105
v 50.903761 -12.740000 3.385105
v 50.941239 -12.855346 3.385105
v 51.039359 -12.926634 3.385105
v 51.160641 -12.926634 3.385105
v 51.258761 -12.855346 3.385105
v 51.100000 -12.740000 3.385105
v 51.585776 -12.740000 3.243606
v 51.493001 -12.454468 3.243606
v 51.250113 -12.278000 3.243606
v 50.949887 -12.278000 3.243606
v 50.706999 -12.454468 3.243606
v 50.614224 -12.740000 3.243606
v 50.706999 -13.025532 3.243606
v 50.949887 -13.202000 3.243606
v 51.250113 -13.202000 3.243606
v 51.493001 -13.025532 3.243606
v 51.886001 -12.740000 2.873155
v 51.735888 -12.278000 2.873155
v 51.342888 -11.992468 2.873155
v 50.857112 -11.992468 2.873155
v 50.464112 -12.278000 2.873155
v 50.313999 -12.740000 2.873155
v 50.464112 -13.202000 2.873155
v 50.857112 -13.487532 2.873155
v 51.342888 -13.487532 2.873155
v 51.735888 -13.202000 2.873155
v 51.886001 -12.740000 2.415252
v 51.735888 -12.278000 2.415252
v 51.342888 -11.992468 2.415252
v 50.857112 -11.992468 2.415252
v 50.464112 -12.278000 2.415252
v 50.313999 -12.740000 2.415252
v 50.464112 -13.202000 2.415252
v 50.857112 -13.487532 2.415252
v 51.342888 -13.487532 2.415252
v 51.735888 -13.202000 2.415252
v 51.585776 -12.740000 2.044801
v 51.493001 -12.454468 2.044801
v 51.250113 -12.278000 2.044801
v 50.949887 -12.278000 2.044801
v 50.706999 -12.454468 2.044801
v 50.614224 -12.740000 2.044801
v 50.706999 -13.025532 2.044801
v 50.949887 -13.202000 2.044801
v 51.250113 -13.202000 2.044801
v 51.493001 -13.025532 2.044801
v 51.100000 -12.740000 1.903301
v 25.834219 -3.780000 0.000000
v 25.793307 -3.654085 0.000000
v 25.686197 -3.576266 0.000000
v 25.553803 -3.576266 0.000000
v 25.446693 -3.654085 0.000000
v 25.405781 -3.780000 0.000000
v 25.446693 -3.905915 0.000000
v 25.553803 -3.983734 0.000000
v 25.686197 -3.983734 0.000000
v 25.793307 -3.905915 0.000000
v 25.834219 -3.780000 3.293958
v 25.793307 -3.654085 3.293958
v 25.686197 -3.576266 3.293958
v 25.553803 -3.576266 3.293958
v 25.446693 -3.654085 3.293958
v 25.405781 -3.780000 3.293958
v 25.446693 -3.905915 3.293958
v 25.553803 -3.983734 3.293958
v 25.686197 -3.983734 3.293958
v 25.793307 -3.905915 3.293958
v 25.620000 -3.780000 3.293958
v 26.132052 -3.780000 3.106437
v 26.034259 -3.479023 3.106437
v 25.778233 -3.293009 3.106437
v 25.461767 -3.293009 3.106437
v 25.205741 -3.479023 3.106437
v 25.107948 -3.780000 3.106437
v 25.205741 -4.080977 3.106437
v 25.461767 -4.266991 3.106437
v 25.778233 -4.266991 3.106437
v 26.034259 -4.080977 3.106437
v 26.448518 -3.780000 2.615502
v 26.290285 -3.293009 2.615502
v 25.876026 -2.992032 2.615502
v 25.363974 -2.992032 2.615502
v 24.949715 -3.293009 2.615502
v 24.791482 -3.780000 2.615502
v 24.949715 -4.266991 2.615502
v 25.363974 -4.567968 2.615502
v 25.876026 -4.567968 2.615502
v 26.290285 -4.266991 2.615502
v 26.448518 -3.780000 2.008674
v 26.290285 -3.293009 2.008674
v 25.876026 -2.992032 2.008674
v 25.363974 -2.992032 2.008674
v 24.949715 -3.293009 2.008674
v 24.791482 -3.780000 2.008674
v 24.949715 -4.266991 2.008674
v 25.363974 -4.567968 2.008674
v 25.876026 -4.567968 2.008674
v 26.290285 -4.266991 2.008674
v 26.132052 -3.780000 1.517739
v 26.034259 -3.479023 1.517739
v 25.778233 -3.293009 1.517739
v 25.461767 -3.293009 1.517739
v 25.205741 -3.479023 1.517739
v 25.107948 -3.780000 1.517739
v 25.205741 -4.080977 1.517739
v 25.461767 -4.266991 1.517739
v 25.778233 -4.266991 1.517739
v 26.034259 -4.080977 1.517739
v 25.620000 -3.780000 1.330219
v 21.654896 -7.420000 0.000000
v 21.610035 -7.281932 0.000000
v 21.492587 -7.196601 0.000000
v 21.347413 -7.196601 0.000000
v 21.229965 -7.281932 0.000000
v 21.185104 -7.420000 0.000000
v 21.229965 -7.558068 0.000000
v 21.347413 -7.643399 0.000000
v 21.492587 -7.643399 0.000000
v 21.610035 -7.558068 0.000000
v 21.654896 -7.420000 3.588880
v 21.610035 -7.281932 3.588880
v 21.492587 -7.196601 3.588880
v 21.347413 -7.196601 3.588880
v 21.229965 -7.281932 3.588880
v 21.185104 -7.420000 3.588880
v 21.229965 -7.558068 3.588880
v 21.347413 -7.643399 3.588880
v 21.492587 -7.643399 3.588880
v 21.610035 -7.558068 3.588880
v 21.420000 -7.420000 3.588880
v 21.932052 -7.420000 3.378198
v 21.834259 -7.119023 3.378198
v 21.578233 -6.933009 3.378198
v 21.261767 -6.933009 3.378198
v 21.005741 -7.119023 3.378198
v 20.907948 -7.420000 3.378198
v 21.005741 -7.720977 3.378198
v 21.261767 -7.906991 3.378198
v 21.578233 -7.906991 3.378198
v 21.834259 -7.720977 3.378198
v 22.248518 -7.420000 2.826625
v 22.090285 -6.933009 2.826625
v 21.676026 -6.632032 2.826625
v 21.163974 -6.632032 2.826625
v 20.749715 -6.933009 2.826625
v 20.591482 -7.420000 2.826625
v 20.749715 -7.906991 2.826625
v 21.163974 -8.207968 2.826625
v 21.676026 -8.207968 2.826625
v 22.090285 -7.906991 2.826625
v 22.248518 -7.420000 2.144844
v 22.090285 -6.933009 2.144844
v 21.676026 -6.632032 2.144844
v 21.163974 -6.632032 2.144844
v 20.749715 -6.933009 2.144844
v 20.591482 -7.420000 2.144844
v 20.749715 -7.906991 2.144844
v 21.163974 -8.207968 2.144844
v 21.676026 -8.207968 2.144844
v 22.090285 -7.906991 2.144844
v 21.932052 -7.420000 1.593271
v 21.834259 -7.119023 1.593271
v 21.578233 -6.933009 1.593271
v 21.261767 -6.933009 1.593271
v 21.005741 -7.119023 1.593271
v 20.907948 -7.420000 1.593271
v 21.005741 -7.720977 1.593271
v 21.261767 -7.906991 1.593271
v 21.578233 -7.906991 1.593271
v 21.834259 -7.720977 1.593271
v 21.420000 -7.420000 1.382589
v 20.510268 -13.580000 0.000000
v 20.470111 -13.456407 0.000000
v 20.364977 -13.380023 0.000000
v 20.235023 -13.380023 0.000000
v 20.129889 -13.456407 0.000000
v 20.089732 -13.580000 0.000000
v 20.129889 -13.703593 0.000000
v 20.235023 -13.779977 0.000000
v 20.364977 -13.779977 0.000000
v 20.470111 -13.703593 0.000000
v 20.510268 -13.580000 3.627965
v 20.470111 -13.456407 3.627965
v 20.364977 -13.380023 3.627965
v 20.235023 -13.380023 3.627965
v 20.129889 -13.456407 3.627965
v 20.089732 -13.580000 3.627965
v 20.129889 -13.703593 3.627965
v 20.235023 -13.779977 3.627965
v 20.364977 -13.779977 3.627965
v 20.470111 -13.703593 3.627965
v 20.300000 -13.580000 3.627965
v 20.740484 -13.580000 3.482881
v 20.656359 -13.321090 3.482881
v 20.436117 -13.161075 3.482881
v 20.163883 -13.161075 3.482881
v 19.943641 -13.321090 3.482881
v 19.859516 -13.580000 3.482881
v 19.943641 -13.838910 3.482881
v 20.163883 -13.998925 3.482881
v 20.436117 -13.998925 3.482881
v 20.656359 -13.838910 3.482881
v 21.012718 -13.580000 3.103044
v 20.876601 -13.161075 3.103044
v 20.520242 -12.902165 3.103044
v 20.079758 -12.902165 3.103044
v 19.723399 -13.161075 3.103044
v 19.587282 -13.580000 3.103044
v 19.723399 -13.998925 3.103044
v 20.079758 -14.257835 3.103044
v 20.520242 -14.257835 3.103044
v 20.876601 -13.998925 3.103044
v 21.012718 -13.580000 2.633540
v 20.876601 -13.161075 2.633540
v 20.520242 -12.902165 2.633540
v 20.079758 -12.902165 2.633540
v 19.723399 -13.161075 2.633540
v 19.587282 -13.580000 2.633540
v 19.723399 -13.998925 2.633540
v 20.079758 -14.257835 2.633540
v 20.520242 -14.257835 2.633540
v 20.876601 -13.998925 2.633540
v 20.740484 -13.580000 2.253704
v 20.656359 -13.321090 2.253704
v 20.436117 -13.161075 2.253704
v 20.163883 -13.161075 2.253704
v 19.943641 -13.321090 2.253704
v 19.859516 -13.580000 2.253704
v 19.943641 -13.838910 2.253704
v 20.163883 -13.998925 2.253704
v 20.436117 -13.998925 2.253704
v 20.656359 -13.838910 2.253704
v 20.300000 -13.580000 2.108619
v 51.276064 -8.260000 0.000000
v 51.242439 -8.156512 0.000000
v 51.154407 -8.092553 0.000000
v 51.045593 -8.092553 0.000000
v 50.957561 -8.156512 0.000000
v 50.923936 -8.260000 0.000000
v 50.957561 -8.363488 0.000000
v 51.045593 -8.427447 0.000000
v 51.154407 -8.427447 0.000000
v 51.242439 -8.363488 0.000000
v 51.276064 -8.260000 3.220000
v 51.242439 -8.156512 3.220000
v 51.154407 -8.092553 3.220000
v 51.045593 -8.092553 3.220000
v 50.957561 -8.156512 3.220000
v 50.923936 -8.260000 3.220000
v 50.957561 -8.363488 3.220000
v 51.045593 -8.427447 3.220000
v 51.154407 -8.427447 3.220000
v 51.242439 -8.363488 3.220000
v 51.100000 -8.260000 3.220000
v 51.482260 -8.260000 3.079093
v 51.409255 -8.035313 3.079093
v 51.218125 -7.896449 3.079093
v 50.981875 -7.896449 3.079093
v 50.790745 -8.035313 3.079093
v 50.717740 -8.260000 3.079093
v 50.790745 -8.484687 3.079093
v 50.981875 -8.623551 3.079093
v 51.218125 -8.623551 3.079093
v 51.409255 -8.484687 3.079093
v 51.718510 -8.260000 2.710194
v 51.600385 -7.896449 2.710194
v 51.291130 -7.671762 2.710194
v 50.908870 -7.671762 2.710194
v 50.599615 -7.896449 2.710194
v 50.481490 -8.260000 2.710194
v 50.599615 -8.623551 2.710194
v 50.908870 -8.848238 2.710194
v 51.291130 -8.848238 2.710194
v 51.600385 -8.623551 2.710194
v 51.718510 -8.260000 2.254210
v 51.600385 -7.896449 2.254210
v 51.291130 -7.671762 2.254210
v 50.908870 -7.671762 2.254210
v 50.599615 -7.896449 2.254210
v 50.481490 -8.260000 2.254210
v 50.599615 -8.623551 2.254210
v 50.908870 -8.848238 2.254210
v 51.291130 -8.848238 2.254210
v 51.600385 -8.623551 2.254210
v 51.482260 -8.260000 1.885310
v 51.409255 -8.035313 1.885310
v 51.218125 -7.896449 1.885310
v 50.981875 -7.896449 1.885310
v 50.790745 -8.035313 1.885310
v 50.717740 -8.260000 1.885310
v 50.790745 -8.484687 1.885310
v 50.981875 -8.623551 1.885310
v 51.218125 -8.623551 1.885310
v 51.409255 -8.484687 1.885310
v 51.100000 -8.260000 1.744403
v 47.643475 -12.460000 0.000000
v 47.608435 -12.352156 0.000000
v 47.516697 -12.285505 0.000000
v 47.403303 -12.285505 0.000000
v 47.311565 -12.352156 0.000000
v 47.276525 -12.460000 0.000000
v 47.311565 -12.567844 0.000000
v 47.403303 -12.634495 0.000000
v 47.516697 -12.634495 0.000000
v 47.608435 -12.567844 0.000000
v 47.643475 -12.460000 3.794153
v 47.608435 -12.352156 3.794153
v 47.516697 -12.285505 3.794153
v 47.403303 -12.285505 3.794153
v 47.311565 -12.352156 3.794153
v 47.276525 -12.460000 3.794153
v 47.311565 -12.567844 3.794153
v 47.403303 -12.634495 3.794153
v 47.516697 -12.634495 3.794153
v 47.608435 -12.567844 3.794153
v 47.460000 -12.460000 3.794153
v 47.917994 -12.460000 3.618252
v 47.830525 -12.190798 3.618252
v 47.601528 -12.024422 3.618252
v 47.318472 -12.024422 3.618252
v 47.089475 -12.190798 3.618252
v 47.002006 -12.460000 3.618252
v 47.089475 -12.729202 3.618252
v 47.318472 -12.895578 3.618252
v 47.601528 -12.895578 3.618252
v 47.830525 -12.729202 3.618252
v 48.201049 -12.460000 3.157738
v 48.059521 -12.024422 3.157738
v 47.688997 -11.755220 3.157738
v 47.231003 -11.755220 3.157738
v 46.860479 -12.024422 3.157738
v 46.718951 -12.460000 3.157738
v 46.860479 -12.895578 3.157738
v 47.231003 -13.164780 3.157738
v 47.688997 -13.164780 3.157738
v 48.059521 -12.895578 3.157738
v 48.201049 -12.460000 2.588512
v 48.059521 -12.024422 2.588512
v 47.688997 -11.755220 2.588512
v 47.231003 -11.755220 2.588512
v 46.860479 -12.024422 2.588512
v 46.718951 -12.460000 2.588512
v 46.860479 -12.895578 2.588512
v 47.231003 -13.164780 2.588512
v 47.688997 -13.164780 2.588512
v 48.059521 -12.895578 2.588512
v 47.917994 -12.460000 2.127998
v 47.830525 -12.190798 2.127998
v 47.601528 -12.024422 2.127998
v 47.318472 -12.024422 2.127998
v 47.089475 -12.190798 2.127998
v 47.002006 -12.460000 2.127998
v 47.089475 -12.729202 2.127998
v 47.318472 -12.895578 2.127998
v 47.601528 -12.895578 2.127998
v 47.830525 -12.729202 2.127998
v 47.460000 -12.460000 1.952097
v 10.996157 -9.100000 0.000000
v 10.954875 -8.972946 0.000000
v 10.846796 -8.894422 0.000000
v 10.713204 -8.894422 0.000000
v 10.605125 -8.972946 0.000000
v 10.563843 -9.100000 0.000000
v 10.605125 -9.227054 0.000000
v 10.713204 -9.305578 0.000000
v 10.846796 -9.305578 0.000000
v 10.954875 -9.227054 0.000000
v 10.996157 -9.100000 3.747668
v 10.954875 -8.972946 3.747668
v 10.846796 -8.894422 3.747668
v 10.713204 -8.894422 3.747668
v 10.605125 -8.972946 3.747668
v 10.563843 -9.100000 3.747668
v 10.605125 -9.227054 3.747668
v 10.713204 -9.305578 3.747668
v 10.846796 -9.305578 3.747668
v 10.954875 -9.227054 3.747668
v 10.780000 -9.100000 3.747668
v 11.191979 -9.100000 3.612590
v 11.113298 -8.857845 3.612590
v 10.907308 -8.708185 3.612590
v 10.652692 -8.708185 3.612590
v 10.446702 -8.857845 3.612590
v 10.368021 -9.100000 3.612590
v 10.446702 -9.342155 3.612590
v 10.652692 -9.491815 3.612590
v 10.907308 -9.491815 3.612590
v 11.113298 -9.342155 3.612590
v 11.446596 -9.100000 3.258950
v 11.319287 -8.708185 3.258950
v 10.985989 -8.466030 3.258950
v 10.574011 -8.466030 3.258950
v 10.240713 -8.708185 3.258950
v 10.113404 -9.100000 3.258950
v 10.240713 -9.491815 3.258950
v 10.574011 -9.733970 3.258950
v 10.985989 -9.733970 3.258950
v 11.319287 -9.491815 3.258950
v 11.446596 -9.100000 2.821828
v 11.319287 -8.708185 2.821828
v 10.985989 -8.466030 2.821828
v 10.574011 -8.466030 2.821828
v 10.240713 -8.708185 2.821828
v 10.113404 -9.100000 2.821828
v 10.240713 -9.491815 2.821828
v 10.574011 -9.733970 2.821828
v 10.985989 -9.733970 2.821828
v 11.319287 -9.491815 2.821828
v 11.191979 -9.100000 2.468189
v 11.113298 -8.857845 2.468189
v 10.907308 -8.708185 2.468189
v 10.652692 -8.708185 2.468189
v 10.446702 -8.857845 2.468189
v 10.368021 -9.100000 2.468189
v 10.446702 -9.342155 2.468189
v 10.652692 -9.491815 2.468189
v 10.907308 -9.491815 2.468189
v 11.113298 -9.342155 2.468189
v 10.780000 -9.100000 2.333111
v 11.522244 -10.780000 0.000000
v 11.487438 -10.672880 0.000000
v 11.396316 -10.606676 0.000000
v 11.283684 -10.606676 0.000000
v 11.192562 -10.672880 0.000000
v 11.157756 -10.780000 0.000000
v 11.192562 -10.887120 0.000000
v 11.283684 -10.953324 0.000000
v 11.396316 -10.953324 0.000000
v 11.487438 -10.887120 0.000000
v 11.522244 -10.780000 3.498757
v 11.487438 -10.672880 3.498757
v 11.396316 -10.606676 3.498757
v 11.283684 -10.606676 3.498757
v 11.192562 -10.672880 3.498757
v 11.157756 -10.780000 3.498757
v 11.192562 -10.887120 3.498757
v 11.283684 -10.953324 3.498757
v 11.396316 -10.953324 3.498757
v 11.487438 -10.887120 3.498757
v 11.340000 -10.780000 3.498757
v 11.797994 -10.780000 3.350869
v 11.710525 -10.510798 3.350869
v 11.481528 -10.344422 3.350869
v 11.198472 -10.344422 3.350869
v 10.969475 -10.510798 3.350869
v 10.882006 -10.780000 3.350869
v 10.969475 -11.049202 3.350869
v 11.198472 -11.215578 3.350869
v 11.481528 -11.215578 3.350869
v 11.710525 -11.049202 3.350869
v 12.081049 -10.780000 2.963691
v 11.939521 -10.344422 2.963691
v 11.568997 -10.075220 2.963691
v 11.111003 -10.075220 2.963691
v 10.740479 -10.344422 2.963691
v 10.598951 -10.780000 2.963691
v 10.740479 -11.215578 2.963691
v 11.111003 -11.484780 2.963691
v 11.568997 -11.484780 2.963691
v 11.939521 -11.215578 2.963691
v 12.081049 -10.780000 2.485113
v 11.939521 -10.344422 2.485113
v 11.568997 -10.075220 2.485113
v 11.111003 -10.075220 2.485113
v 10.740479 -10.344422 2.485113
v 10.598951 -10.780000 2.485113
v 10.740479 -11.215578 2.485113
v 11.111003 -11.484780 2.485113
v 11.568997 -11.484780 2.485113
v 11.939521 -11.215578 2.485113
v 11.797994 -10.780000 2.097936
v 11.710525 -10.510798 2.097936
v 11.481528 -10.344422 2.097936
v 11.198472 -10.344422 2.097936
v 10.969475 -10.510798 2.097936
v 10.882006 -10.780000 2.097936
v 10.969475 -11.049202 2.097936
v 11.198472 -11.215578 2.097936
v 11.481528 -11.215578 2.097936
v 11.710525 -11.049202 2.097936
v 11.340000 -10.780000 1.950047
v 33.966184 -4.060000 0.000000
v 33.922986 -3.927053 0.000000
v 33.809895 -3.844887 0.000000
v 33.670105 -3.844887 0.000000
v 33.557014 -3.927053 0.000000
v 33.513816 -4.060000 0.000000
v 33.557014 -4.192947 0.000000
v 33.670105 -4.275113 0.000000
v 33.809895 -4.275113 0.000000
v 33.922986 -4.192947 0.000000
v 33.966184 -4.060000 3.598788
v 33.922986 -3.927053 3.598788
v 33.809895 -3.844887 3.598788
v 33.670105 -3.844887 3.598788
v 33.557014 -3.927053 3.598788
v 33.513816 -4.060000 3.598788
v 33.557014 -4.192947 3.598788
v 33.670105 -4.275113 3.598788
v 33.809895 -4.275113 3.598788
v 33.922986 -4.192947 3.598788
v 33.740000 -4.060000 3.598788
v 34.225776 -4.060000 3.428651
v 34.133001 -3.774468 3.428651
v 33.890113 -3.598000 3.428651
v 33.589887 -3.598000 3.428651
v 33.346999 -3.774468 3.428651
v 33.254224 -4.060000 3.428651
v 33.346999 -4.345532 3.428651
v 33.589887 -4.522000 3.428651
v 33.890113 -4.522000 3.428651
v 34.133001 -4.345532 3.428651
v 34.526001 -4.060000 2.983226
v 34.375888 -3.598000 2.983226
v 33.982888 -3.312468 2.983226
v 33.497112 -3.312468 2.983226
v 33.104112 -3.598000 2.983226
v 32.953999 -4.060000 2.983226
v 33.104112 -4.522000 2.983226
v 33.497112 -4.807532 2.983226
v 33.982888 -4.807532 2.983226
v 34.375888 -4.522000 2.983226
v 34.526001 -4.060000 2.432651
v 34.375888 -3.598000 2.432651
v 33.982888 -3.312468 2.432651
v 33.497112 -3.312468 2.432651
v 33.104112 -3.598000 2.432651
v 32.953999 -4.060000 2.432651
v 33.104112 -4.522000 2.432651
v 33.497112 -4.807532 2.432651
v 33.982888 -4.807532 2.432651
v 34.375888 -4.522000 2.432651
v 34.225776 -4.060000 1.987226
v 34.133001 -3.774468 1.987226
v 33.890113 -3.598000 1.987226
v 33.589887 -3.598000 1.987226
v 33.346999 -3.774468 1.987226
v 33.254224 -4.060000 1.987226
v 33.346999 -4.345532 1.987226
v 33.589887 -4.522000 1.987226
v 33.890113 -4.522000 1.987226
v 34.133001 -4.345532 1.987226
v 33.740000 -4.060000 1.817089
v 51.852357 -14.980000 0.000000
v 51.815620 -14.866935 0.000000
v 51.719442 -14.797057 0.000000
v 51.600558 -14.797057 0.000000
v 51.504380 -14.866935 0.000000
v 51.467643 -14.980000 0.000000
v 51.504380 -15.093065 0.000000
v 51.600558 -15.162943 0.000000
v 51.719442 -15.162943 0.000000
v 51.815620 -15.093065 0.000000
v 51.852357 -14.980000 3.424522
v 51.815620 -14.866935 3.424522
v 51.719442 -14.797057 3.424522
v 51.600558 -14.797057 3.424522
v 51.504380 -14.866935 3.424522
v 51.467643 -14.980000 3.424522
v 51.504380 -15.093065 3.424522
v 51.600558 -15.162943 3.424522
v 51.719442 -15.162943 3.424522
v 51.815620 -15.093065 3.424522
v 51.660000 -14.980000 3.424522
v 52.161318 -14.980000 3.276268
v 52.065575 -14.685333 3.276268
v 51.814916 -14.503218 3.276268
v 51.505084 -14.503218 3.276268
v 51.254425 -14.685333 3.276268
v 51.158682 -14.980000 3.276268
v 51.254425 -15.274667 3.276268
v 51.505084 -15.456782 3.276268
v 51.814916 -15.456782 3.276268
v 52.065575 -15.274667 3.276268
v 52.471150 -14.980000 2.888135
v 52.316234 -14.503218 2.888135
v 51.910659 -14.208551 2.888135
v 51.409341 -14.208551 2.888135
v 51.003766 -14.503218 2.888135
v 50.848850 -14.980000 2.888135
v 51.003766 -15.456782 2.888135
v 51.409341 -15.751449 2.888135
v 51.910659 -15.751449 2.888135
v 52.316234 -15.456782 2.888135
v 52.471150 -14.980000 2.408376
v 52.316234 -14.503218 2.408376
v 51.910659 -14.208551 2.408376
v 51.409341 -14.208551 2.408376
v 51.003766 -14.503218 2.408376
v 50.848850 -14.980000 2.408376
v 51.003766 -15.456782 2.408376
v 51.409341 -15.751449 2.408376
v 51.910659 -15.751449 2.408376
v 52.316234 -15.456782 2.408376
v 52.161318 -14.980000 2.020242
v 52.065575 -14.685333 2.020242
v 51.814916 -14.503218 2.020242
v 51.505084 -14.503218 2.020242
v 51.254425 -14.685333 2.020242
v 51.158682 -14.980000 2.020242
v 51.254425 -15.274667 2.020242
v 51.505084 -15.456782 2.020242
v 51.814916 -15.456782 2.020242
v 52.065575 -15.274667 2.020242
v 51.660000 -14.980000 1.871988
v 33.108388 -5.740000 0.000000
v 33.068589 -5.617513 0.000000
v 32.964395 -5.541811 0.000000
v 32.835605 -5.541811 0.000000
v 32.731411 -5.617513 0.000000
v 32.691612 -5.740000 0.000000
v 32.731411 -5.862487 0.000000
v 32.835605 -5.938189 0.000000
v 32.964395 -5.938189 0.000000
v 33.068589 -5.862487 0.000000
v 33.108388 -5.740000 3.220000
v 33.068589 -5.617513 3.220000
v 32.964395 -5.541811 3.220000
v 32.835605 -5.541811 3.220000
v 32.731411 -5.617513 3.220000
v 32.691612 -5.740000 3.220000
v 32.731411 -5.862487 3.220000
v 32.835605 -5.938189 3.220000
v 32.964395 -5.938189 3.220000
v 33.068589 -5.862487 3.220000
v 32.900000 -5.740000 3.220000
v 33.340484 -5.740000 3.085827
v 33.256359 -5.481090 3.085827
v 33.036117 -5.321075 3.085827
v 32.763883 -5.321075 3.085827
v 32.543641 -5.481090 3.085827
v 32.459516 -5.740000 3.085827
v 32.543641 -5.998910 3.085827
v 32.763883 -6.158925 3.085827
v 33.036117 -6.158925 3.085827
v 33.256359 -5.998910 3.085827
v 33.612718 -5.740000 2.734558
v 33.476601 -5.321075 2.734558
v 33.120242 -5.062165 2.734558
v 32.679758 -5.062165 2.734558
v 32.323399 -5.321075 2.734558
v 32.187282 -5.740000 2.734558
v 32.323399 -6.158925 2.734558
v 32.679758 -6.417835 2.734558
v 33.120242 -6.417835 2.734558
v 33.476601 -6.158925 2.734558
v 33.612718 -5.740000 2.300366
v 33.476601 -5.321075 2.300366
v 33.120242 -5.062165 2.300366
v 32.679758 -5.062165 2.300366
v 32.323399 -5.321075 2.300366
v 32.187282 -5.740000 2.300366
v 32.323399 -6.158925 2.300366
v 32.679758 -6.417835 2.300366
v 33.120242 -6.417835 2.300366
v 33.476601 -6.158925 2.300366
v 33.340484 -5.740000 1.949097
v 33.256359 -5.481090 1.949097
v 33.036117 -5.321075 1.949097
v 32.763883 -5.321075 1.949097
v 32.543641 -5.481090 1.949097
v 32.459516 -5.740000 1.949097
v 32.543641 -5.998910 1.949097
v 32.763883 -6.158925 1.949097
v 33.036117 -6.158925 1.949097
v 33.256359 -5.998910 1.949097
v 32.900000 -5.740000 1.814924
v 54.384883 -14.980000 0.000000
v 54.345754 -14.859573 0.000000
v 54.243312 -14.785145 0.000000
v 54.116688 -14.785145 0.000000
v 54.014246 -14.859573 0.000000
v 53.975117 -14.980000 0.000000
v 54.014246 -15.100427 0.000000
v 54.116688 -15.174855 0.000000
v 54.243312 -15.174855 0.000000
v 54.345754 -15.100427 0.000000
v 54.384883 -14.980000 3.377398
v 54.345754 -14.859573 3.377398
v 54.243312 -14.785145 3.377398
v 54.116688 -14.785145 3.377398
v 54.014246 -14.859573 3.377398
v 53.975117 -14.980000 3.377398
v 54.014246 -15.100427 3.377398
v 54.116688 -15.174855 3.377398
v 54.243312 -15.174855 3.377398
v 54.345754 -15.100427 3.377398
v 54.180000 -14.980000 3.377398
v 54.645783 -14.980000 3.226632
v 54.556826 -14.706220 3.226632
v 54.323935 -14.537014 3.226632
v 54.036065 -14.537014 3.226632
v 53.803174 -14.706220 3.226632
v 53.714217 -14.980000 3.226632
v 53.803174 -15.253780 3.226632
v 54.036065 -15.422986 3.226632
v 54.323935 -15.422986 3.226632
v 54.556826 -15.253780 3.226632
v 54.933652 -14.980000 2.831920
v 54.789718 -14.537014 2.831920
v 54.412891 -14.263234 2.831920
v 53.947109 -14.263234 2.831920
v 53.570282 -14.537014 2.831920
v 53.426348 -14.980000 2.831920
v 53.570282 -15.422986 2.831920
v 53.947109 -15.696766 2.831920
v 54.412891 -15.696766 2.831920
v 54.789718 -15.422986 2.831920
v 54.933652 -14.980000 2.344030
v 54.789718 -14.537014 2.344030
v 54.412891 -14.263234 2.344030
v 53.947109 -14.263234 2.344030
v 53.570282 -14.537014 2.344030
v 53.426348 -14.980000 2.344030
v 53.570282 -15.422986 2.344030
v 53.947109 -15.696766 2.344030
v 54.412891 -15.696766 2.344030
v 54.789718 -15.422986 2.344030
v 54.645783 -14.980000 1.949318
v 54.556826 -14.706220 1.949318
v 54.323935 -14.537014 1.949318
v 54.036065 -14.537014 1.949318
v 53.803174 -14.706220 1.949318
v 53.714217 -14.980000 1.949318
v 53.803174 -15.253780 1.949318
v 54.036065 -15.422986 1.949318
v 54.323935 -15.422986 1.949318
v 54.556826 -15.253780 1.949318
v 54.180000 -14.980000 1.798552
v 36.771321 -2.380000 0.000000
v 36.727142 -2.244033 0.000000
v 36.611482 -2.160001 0.000000
v 36.468518 -2.160001 0.000000
v 36.352858 -2.244033 0.000000
v 36.308679 -2.380000 0.000000
v 36.352858 -2.515967 0.000000
v 36.468518 -2.599999 0.000000
v 36.611482 -2.599999 0.000000
v 36.727142 -2.515967 0.000000
v 36.771321 -2.380000 3.220000
v 36.727142 -2.244033 3.220000
v 36.611482 -2.160001 3.220000
v 36.468518 -2.160001 3.220000
v 36.352858 -2.244033 3.220000
v 36.308679 -2.380000 3.220000
v 36.352858 -2.515967 3.220000
v 36.468518 -2.599999 3.220000
v 36.611482 -2.599999 3.220000
v 36.727142 -2.515967 3.220000
v 36.540000 -2.380000 3.220000
v 36.968515 -2.380000 3.059672
v 36.886676 -2.128125 3.059672
v 36.672418 -1.972458 3.059672
v 36.407582 -1.972458 3.059672
v 36.193324 -2.128125 3.059672
v 36.111485 -2.380000 3.059672
v 36.193324 -2.631875 3.059672
v 36.407582 -2.787542 3.059672
v 36.672418 -2.787542 3.059672
v 36.886676 -2.631875 3.059672
v 37.233352 -2.380000 2.639928
v 37.100934 -1.972458 2.639928
v 36.754258 -1.720583 2.639928
v 36.325742 -1.720583 2.639928
v 35.979066 -1.972458 2.639928
v 35.846648 -2.380000 2.639928
v 35.979066 -2.787542 2.639928
v 36.325742 -3.039417 2.639928
v 36.754258 -3.039417 2.639928
v 37.100934 -2.787542 2.639928
v 37.233352 -2.380000 2.121095
v 37.100934 -1.972458 2.121095
v 36.754258 -1.720583 2.121095
v 36.325742 -1.720583 2.121095
v 35.979066 -1.972458 2.121095
v 35.846648 -2.380000 2.121095
v 35.979066 -2.787542 2.121095
v 36.325742 -3.039417 2.121095
v 36.754258 -3.039417 2.121095
v 37.100934 -2.787542 2.121095
v 36.968515 -2.380000 1.701351
v 36.886676 -2.128125 1.701351
v 36.672418 -1.972458 1.701351
v 36.407582 -1.972458 1.701351
v 36.193324 -2.128125 1.701351
v 36.111485 -2.380000 1.701351
v 36.193324 -2.631875 1.701351
v 36.407582 -2.787542 1.701351
v 36.672418 -2.787542 1.701351
v 36.886676 -2.631875 1.701351
v 36.540000 -2.380000 1.541023
v 58.299139 -10.780000 0.000000
v 58.261107 -10.662949 0.000000
v 58.161537 -10.590607 0.000000
v 58.038463 -10.590607 0.000000
v 57.938893 -10.662949 0.000000
v 57.900861 -10.780000 0.000000
v 57.938893 -10.897051 0.000000
v 58.038463 -10.969393 0.000000
v 58.161537 -10.969393 0.000000
v 58.261107 -10.897051 0.000000
v 58.299139 -10.780000 3.820212
v 58.261107 -10.662949 3.820212
v 58.161537 -10.590607 3.820212
v 58.038463 -10.590607 3.820212
v 57.938893 -10.662949 3.820212
v 57.900861 -10.780000 3.820212
v 57.938893 -10.897051 3.820212
v 58.038463 -10.969393 3.820212
v 58.161537 -10.969393 3.820212
v 58.261107 -10.897051 3.820212
v 58.100000 -10.780000 3.820212
v 58.534491 -10.780000 3.652227
v 58.451510 -10.524613 3.652227
v 58.234265 -10.366775 3.652227
v 57.965735 -10.366775 3.652227
v 57.748490 -10.524613 3.652227
v 57.665509 -10.780000 3.652227
v 57.748490 -11.035387 3.652227
v 57.965735 -11.193225 3.652227
v 58.234265 -11.193225 3.652227
v 58.451510 -11.035387 3.652227
v 58.803021 -10.780000 3.212435
v 58.668756 -10.366775 3.212435
v 58.317245 -10.111387 3.212435
v 57.882755 -10.111387 3.212435
v 57.531244 -10.366775 3.212435
v 57.396979 -10.780000 3.212435
v 57.531244 -11.193225 3.212435
v 57.882755 -11.448613 3.212435
v 58.317245 -11.448613 3.212435
v 58.668756 -11.193225 3.212435
v 58.803021 -10.780000 2.668823
v 58.668756 -10.366775 2.668823
v 58.317245 -10.111387 2.668823
v 57.882755 -10.111387 2.668823
v 57.531244 -10.366775 2.668823
v 57.396979 -10.780000 2.668823
v 57.531244 -11.193225 2.668823
v 57.882755 -11.448613 2.668823
v 58.317245 -11.448613 2.668823
v 58.668756 -11.193225 2.668823
v 58.534491 -10.780000 2.229032
v 58.451510 -10.524613 2.229032
v 58.234265 -10.366775 2.229032
v 57.965735 -10.366775 2.229032
v 57.748490 -10.524613 2.229032
v 57.665509 -10.780000 2.229032
v 57.748490 -11.035387 2.229032
v 57.965735 -11.193225 2.229032
v 58.234265 -11.193225 2.229032
v 58.451510 -11.035387 2.229032
v 58.100000 -10.780000 2.061047
v 56.588507 -10.780000 0.000000
v 56.556325 -10.680954 0.000000
v 56.472072 -10.619740 0.000000
v 56.367928 -10.619740 0.000000
v 56.283675 -10.680954 0.000000
v 56.251493 -10.780000 0.000000
v 56.283675 -10.879046 0.000000
v 56.367928 -10.940260 0.000000
v 56.472072 -10.940260 0.000000
v 56.556325 -10.879046 0.000000
v 56.588507 -10.780000 3.411335
v 56.556325 -10.680954 3.411335
v 56.472072 -10.619740 3.411335
v 56.367928 -10.619740 3.411335
v 56.283675 -10.680954 3.411335
v 56.251493 -10.780000 3.411335
v 56.283675 -10.879046 3.411335
v 56.367928 -10.940260 3.411335
v 56.472072 -10.940260 3.411335
v 56.556325 -10.879046 3.411335
v 56.420000 -10.780000 3.411335
v 56.854491 -10.780000 3.283449
v 56.771510 -10.524613 3.283449
v 56.554265 -10.366775 3.283449
v 56.285735 -10.366775 3.283449
v 56.068490 -10.524613 3.283449
v 55.985509 -10.780000 3.283449
v 56.068490 -11.035387 3.283449
v 56.285735 -11.193225 3.283449
v 56.554265 -11.193225 3.283449
v 56.771510 -11.035387 3.283449
v 57.123021 -10.780000 2.948640
v 56.988756 -10.366775 2.948640
v 56.637245 -10.111387 2.948640
v 56.202755 -10.111387 2.948640
v 55.851244 -10.366775 2.948640
v 55.716979 -10.780000 2.948640
v 55.851244 -11.193225 2.948640
v 56.202755 -11.448613 2.948640
v 56.637245 -11.448613 2.948640
v 56.988756 -11.193225 2.948640
v 57.123021 -10.780000 2.534793
v 56.988756 -10.366775 2.534793
v 56.637245 -10.111387 2.534793
v 56.202755 -10.111387 2.534793
v 55.851244 -10.366775 2.534793
v 55.716979 -10.780000 2.534793
v 55.851244 -11.193225 2.534793
v 56.202755 -11.448613 2.534793
v 56.637245 -11.448613 2.534793
v 56.988756 -11.193225 2.534793
v 56.854491 -10.780000 2.199984
v 56.771510 -10.524613 2.199984
v 56.554265 -10.366775 2.199984
v 56.285735 -10.366775 2.199984
v 56.068490 -10.524613 2.199984
v 55.985509 -10.780000 2.199984
v 56.068490 -11.035387 2.199984
v 56.285735 -11.193225 2.199984
v 56.554265 -11.193225 2.199984
v 56.771510 -11.035387 2.199984
v 56.420000 -10.780000 2.072098
v 42.311182 -2.380000 0.000000
v 42.278489 -2.279382 0.000000
v 42.192898 -2.217197 0.000000
v 42.087102 -2.217197 0.000000
v 42.001511 -2.279382 0.000000
v 41.968818 -2.380000 0.000000
v 42.001511 -2.480618 0.000000
v 42.087102 -2.542803 0.000000
v 42.192898 -2.542803 0.000000
v 42.278489 -2.480618 0.000000
v 42.311182 -2.380000 3.689504
v 42.278489 -2.279382 3.689504
v 42.192898 -2.217197 3.689504
v 42.087102 -2.217197 3.689504
v 42.001511 -2.279382 3.689504
v 41.968818 -2.380000 3.689504
v 42.001511 -2.480618 3.689504
v 42.087102 -2.542803 3.689504
v 42.192898 -2.542803 3.689504
v 42.278489 -2.480618 3.689504
v 42.140000 -2.380000 3.689504
v 42.589872 -2.380000 3.528248
v 42.503954 -2.115572 3.528248
v 42.279018 -1.952147 3.528248
v 42.000982 -1.952147 3.528248
v 41.776046 -2.115572 3.528248
v 41.690128 -2.380000 3.528248
v 41.776046 -2.644428 3.528248
v 42.000982 -2.807853 3.528248
v 42.279018 -2.807853 3.528248
v 42.503954 -2.644428 3.528248
v 42.867908 -2.380000 3.106074
v 42.728890 -1.952147 3.106074
v 42.364936 -1.687719 3.106074
v 41.915064 -1.687719 3.106074
v 41.551110 -1.952147 3.106074
v 41.412092 -2.380000 3.106074
v 41.551110 -2.807853 3.106074
v 41.915064 -3.072281 3.106074
v 42.364936 -3.072281 3.106074
v 42.728890 -2.807853 3.106074
v 42.867908 -2.380000 2.584239
v 42.728890 -1.952147 2.584239
v 42.364936 -1.687719 2.584239
v 41.915064 -1.687719 2.584239
v 41.551110 -1.952147 2.584239
v 41.412092 -2.380000 2.584239
v 41.551110 -2.807853 2.584239
v 41.915064 -3.072281 2.584239
v 42.364936 -3.072281 2.584239
v 42.728890 -2.807853 2.584239
v 42.589872 -2.380000 2.162066
v 42.503954 -2.115572 2.162066
v 42.279018 -1.952147 2.162066
v 42.000982 -1.952147 2.162066
v 41.776046 -2.115572 2.162066
v 41.690128 -2.380000 2.162066
v 41.776046 -2.644428 2.162066
v 42.000982 -2.807853 2.162066
v 42.279018 -2.807853 2.162066
v 42.503954 -2.644428 2.162066
v 42.140000 -2.380000 2.000810
v 44.032706 -8.260000 0.000000
v 43.992083 -8.134974 0.000000
v 43.885730 -8.057704 0.000000
v 43.754270 -8.057704 0.000000
v 43.647917 -8.134974 0.000000
v 43.607294 -8.260000 0.000000
v 43.647917 -8.385026 0.000000
v 43.754270 -8.462296 0.000000
v 43.885730 -8.462296 0.000000
v 43.992083 -8.385026 0.000000
v 44.032706 -8.260000 3.220000
v 43.992083 -8.134974 3.220000
v 43.885730 -8.057704 3.220000
v 43.754270 -8.057704 3.220000
v 43.647917 -8.134974 3.220000
v 43.607294 -8.260000 3.220000
v 43.647917 -8.385026 3.220000
v 43.754270 -8.462296 3.220000
v 43.885730 -8.462296 3.220000
v 43.992083 -8.385026 3.220000
v 43.820000 -8.260000 3.220000
v 44.322404 -8.260000 3.023618
v 44.226453 -7.964694 3.023618
v 43.975251 -7.782185 3.023618
v 43.664749 -7.782185 3.023618
v 43.413547 -7.964694 3.023618
v 43.317596 -8.260000 3.023618
v 43.413547 -8.555306 3.023618
v 43.664749 -8.737815 3.023618
v 43.975251 -8.737815 3.023618
v 44.226453 -8.555306 3.023618
v 44.632907 -8.260000 2.509482
v 44.477655 -7.782185 2.509482
v 44.071202 -7.486880 2.509482
v 43.568798 -7.486880 2.509482
v 43.162345 -7.782185 2.509482
v 43.007093 -8.260000 2.509482
v 43.162345 -8.737815 2.509482
v 43.568798 -9.033120 2.509482
v 44.071202 -9.033120 2.509482
v 44.477655 -8.737815 2.509482
v 44.632907 -8.260000 1.873975
v 44.477655 -7.782185 1.873975
v 44.071202 -7.486880 1.873975
v 43.568798 -7.486880 1.873975
v 43.162345 -7.782185 1.873975
v 43.007093 -8.260000 1.873975
v 43.162345 -8.737815 1.873975
v 43.568798 -9.033120 1.873975
v 44.071202 -9.033120 1.873975
v 44.477655 -8.737815 1.873975
v 44.322404 -8.260000 1.359840
v 44.226453 -7.964694 1.359840
v 43.975251 -7.782185 1.359840
v 43.664749 -7.782185 1.359840
v 43.413547 -7.964694 1.359840
v 43.317596 -8.260000 1.359840
v 43.413547 -8.555306 1.359840
v 43.664749 -8.737815 1.359840
v 43.975251 -8.737815 1.359840
v 44.226453 -8.555306 1.359840
v 43.820000 -8.260000 1.163457
v 4.815321 -5.180000 0.000000
v 4.778018 -5.065193 0.000000
v 4.680357 -4.994239 0.000000
v 4.559643 -4.994239 0.000000
v 4.461982 -5.065193 0.000000
v 4.424679 -5.180000 0.000000
v 4.461982 -5.294807 0.000000
v 4.559643 -5.365761 0.000000
v 4.680357 -5.365761 0.000000
v 4.778018 -5.294807 0.000000
v 4.815321 -5.180000 3.368402
v 4.778018 -5.065193 3.368402
v 4.680357 -4.994239 3.368402
v 4.559643 -4.994239 3.368402
v 4.461982 -5.065193 3.368402
v 4.424679 -5.180000 3.368402
v 4.461982 -5.294807 3.368402
v 4.559643 -5.365761 3.368402
v 4.680357 -5.365761 3.368402
v 4.778018 -5.294807 3.368402
v 4.620000 -5.180000 3.368402
v 5.083593 -5.180000 3.212133
v 4.995055 -4.907507 3.212133
v 4.763258 -4.739097 3.212133
v 4.476742 -4.739097 3.212133
v 4.244945 -4.907507 3.212133
v 4.156407 -5.180000 3.212133
v 4.244945 -5.452493 3.212133
v 4.476742 -5.620903 3.212133
v 4.763258 -5.620903 3.212133
v 4.995055 -5.452493 3.212133
v 5.370109 -5.180000 2.803016
v 5.226851 -4.739097 2.803016
v 4.851797 -4.466604 2.803016
v 4.388203 -4.466604 2.803016
v 4.013149 -4.739097 2.803016
v 3.869891 -5.180000 2.803016
v 4.013149 -5.620903 2.803016
v 4.388203 -5.893396 2.803016
v 4.851797 -5.893396 2.803016
v 5.226851 -5.620903 2.803016
v 5.370109 -5.180000 2.297318
v 5.226851 -4.739097 2.297318
v 4.851797 -4.466604 2.297318
v 4.388203 -4.466604 2.297318
v 4.013149 -4.739097 2.297318
v 3.869891 -5.180000 2.297318
v 4.013149 -5.620903 2.297318
v 4.388203 -5.893396 2.297318
v 4.851797 -5.893396 2.297318
v 5.226851 -5.620903 2.297318
v 5.083593 -5.180000 1.888201
v 4.995055 -4.907507 1.888201
v 4.763258 -4.739097 1.888201
v 4.476742 -4.739097 1.888201
v 4.244945 -4.907507 1.888201
v 4.156407 -5.180000 1.888201
v 4.244945 -5.452493 1.888201
v 4.476742 -5.620903 1.888201
v 4.763258 -5.620903 1.888201
v 4.995055 -5.452493 1.888201
v 4.620000 -5.180000 1.731932
v 21.055219 -1.820000 0.000000
v 21.017936 -1.705253 0.000000
v 20.920326 -1.634335 0.000000
v 20.799674 -1.634335 0.000000
v 20.702064 -1.705253 0.000000
v 20.664781 -1.820000 0.000000
v 20.702064 -1.934747 0.000000
v 20.799674 -2.005665 0.000000
v 20.920326 -2.005665 0.000000
v 21.017936 -1.934747 0.000000
v 21.055219 -1.820000 3.636629
v 21.017936 -1.705253 3.636629
v 20.920326 -1.634335 3.636629
v 20.799674 -1.634335 3.636629
v 20.702064 -1.705253 3.636629
v 20.664781 -1.820000 3.636629
v 20.702064 -1.934747 3.636629
v 20.799674 -2.005665 3.636629
v 20.920326 -2.005665 3.636629
v 21.017936 -1.934747 3.636629
v 20.860000 -1.820000 3.636629
v 21.362346 -1.820000 3.432487
v 21.266407 -1.524728 3.432487
v 21.015234 -1.342240 3.432487
v 20.704766 -1.342240 3.432487
v 20.453593 -1.524728 3.432487
v 20.357654 -1.820000 3.432487
v 20.453593 -2.115272 3.432487
v 20.704766 -2.297760 3.432487
v 21.015234 -2.297760 3.432487
v 21.266407 -2.115272 3.432487
v 21.672814 -1.820000 2.898037
v 21.517580 -1.342240 2.898037
v 21.111173 -1.046968 2.898037
v 20.608827 -1.046968 2.898037
v 20.202420 -1.342240 2.898037
v 20.047186 -1.820000 2.898037
v 20.202420 -2.297760 2.898037
v 20.608827 -2.593032 2.898037
v 21.111173 -2.593032 2.898037
v 21.517580 -2.297760 2.898037
v 21.672814 -1.820000 2.237420
v 21.517580 -1.342240 2.237420
v 21.111173 -1.046968 2.237420
v 20.608827 -1.046968 2.237420
v 20.202420 -1.342240 2.237420
v 20.047186 -1.820000 2.237420
v 20.202420 -2.297760 2.237420
v 20.608827 -2.593032 2.237420
v 21.111173 -2.593032 2.237420
v 21.517580 -2.297760 2.237420
v 21.362346 -1.820000 1.702970
v 21.266407 -1.524728 1.702970
v 21.015234 -1.342240 1.702970
v 20.704766 -1.342240 1.702970
v 20.453593 -1.524728 1.702970
v 20.357654 -1.820000 1.702970
v 20.453593 -2.115272 1.702970
v 20.704766 -2.297760 1.702970
v 21.015234 -2.297760 1.702970
v 21.266407 -2.115272 1.702970
v 20.860000 -1.820000 1.498828
v 14.644937 -5.460000 0.000000
v 14.601978 -5.327785 0.000000
v 14.489509 -5.246072 0.000000
v 14.350491 -5.246072 0.000000
v 14.238022 -5.327785 0.000000
v 14.195063 -5.460000 0.000000
v 14.238022 -5.592215 0.000000
v 14.350491 -5.673928 0.000000
v 14.489509 -5.673928 0.000000
v 14.601978 -5.592215 0.000000
v 14.644937 -5.460000 3.676059
v 14.601978 -5.327785 3.676059
v 14.489509 -5.246072 3.676059
v 14.350491 -5.246072 3.676059
v 14.238022 -5.327785 3.676059
v 14.195063 -5.460000 3.676059
v 14.238022 -5.592215 3.676059
v 14.350491 -5.673928 3.676059
v 14.489509 -5.673928 3.676059
v 14.601978 -5.592215 3.676059
v 14.420000 -5.460000 3.676059
v 14.831064 -5.460000 3.552088
v 14.752558 -5.218383 3.552088
v 14.547026 -5.069055 3.552088
v 14.292974 -5.069055 3.552088
v 14.087442 -5.218383 3.552088
v 14.008936 -5.460000 3.552088
v 14.087442 -5.701617 3.552088
v 14.292974 -5.850945 3.552088
v 14.547026 -5.850945 3.552088
v 14.752558 -5.701617 3.552088
v 15.085115 -5.460000 3.227529
v 14.958090 -5.069055 3.227529
v 14.625532 -4.827438 3.227529
v 14.214468 -4.827438 3.227529
v 13.881910 -5.069055 3.227529
v 13.754885 -5.460000 3.227529
v 13.881910 -5.850945 3.227529
v 14.214468 -6.092562 3.227529
v 14.625532 -6.092562 3.227529
v 14.958090 -5.850945 3.227529
v 15.085115 -5.460000 2.826351
v 14.958090 -5.069055 2.826351
v 14.625532 -4.827438 2.826351
v 14.214468 -4.827438 2.826351
v 13.881910 -5.069055 2.826351
v 13.754885 -5.460000 2.826351
v 13.881910 -5.850945 2.826351
v 14.214468 -6.092562 2.826351
v 14.625532 -6.092562 2.826351
v 14.958090 -5.850945 2.826351
v 14.831064 -5.460000 2.501791
v 14.752558 -5.218383 2.501791
v 14.547026 -5.069055 2.501791
v 14.292974 -5.069055 2.501791
v 14.087442 -5.218383 2.501791
v 14.008936 -5.460000 2.501791
v 14.087442 -5.701617 2.501791
v 14.292974 -5.850945 2.501791
v 14.547026 -5.850945 2.501791
v 14.752558 -5.701617 2.501791
v 14.420000 -5.460000 2.377820
v 39.527637 -7.700000 0.000000
v 39.491801 -7.589710 0.000000
v 39.397983 -7.521547 0.000000
v 39.282017 -7.521547 0.000000
v 39.188199 -7.589710 0.000000
v 39.152363 -7.700000 0.000000
v 39.188199 -7.810290 0.000000
v 39.282017 -7.878453 0.000000
v 39.397983 -7.878453 0.000000
v 39.491801 -7.810290 0.000000
v 39.527637 -7.700000 3.670884
v 39.491801 -7.589710 3.670884
v 39.397983 -7.521547 3.670884
v 39.282017 -7.521547 3.670884
v 39.188199 -7.589710 3.670884
v 39.152363 -7.700000 3.670884
v 39.188199 -7.810290 3.670884
v 39.282017 -7.878453 3.670884
v 39.397983 -7.878453 3.670884
v 39.491801 -7.810290 3.670884
v 39.340000 -7.700000 3.670884
v 39.826220 -7.700000 3.523821
v 39.733360 -7.414207 3.523821
v 39.490250 -7.237577 3.523821
v 39.189750 -7.237577 3.523821
v 38.946640 -7.414207 3.523821
v 38.853780 -7.700000 3.523821
v 38.946640 -7.985793 3.523821
v 39.189750 -8.162423 3.523821
v 39.490250 -8.162423 3.523821
v 39.733360 -7.985793 3.523821
v 40.126721 -7.700000 3.138804
v 39.976470 -7.237577 3.138804
v 39.583110 -6.951784 3.138804
v 39.096890 -6.951784 3.138804
v 38.703530 -7.237577 3.138804
v 38.553279 -7.700000 3.138804
v 38.703530 -8.162423 3.138804
v 39.096890 -8.448216 3.138804
v 39.583110 -8.448216 3.138804
v 39.976470 -8.162423 3.138804
v 40.126721 -7.700000 2.662897
v 39.976470 -7.237577 2.662897
v 39.583110 -6.951784 2.662897
v 39.096890 -6.951784 2.662897
v 38.703530 -7.237577 2.662897
v 38.553279 -7.700000 2.662897
v 38.703530 -8.162423 2.662897
v 39.096890 -8.448216 2.662897
v 39.583110 -8.448216 2.662897
v 39.976470 -8.162423 2.662897
v 39.826220 -7.700000 2.277880
v 39.733360 -7.414207 2.277880
v 39.490250 -7.237577 2.277880
v 39.189750 -7.237577 2.277880
v 38.946640 -7.414207 2.277880
v 38.853780 -7.700000 2.277880
v 38.946640 -7.985793 2.277880
v 39.189750 -8.162423 2.277880
v 39.490250 -8.162423 2.277880
v 39.733360 -7.985793 2.277880
v 39.340000 -7.700000 2.130816
v 44.045110 -12.460000 0.000000
v 44.002118 -12.327684 0.000000
v 43.889563 -12.245908 0.000000
v 43.750437 -12.245908 0.000000
v 43.637882 -12.327684 0.000000
v 43.594890 -12.460000 0.000000
v 43.637882 -12.592316 0.000000
v 43.750437 -12.674092 0.000000
v 43.889563 -12.674092 0.000000
v 44.002118 -12.592316 0.000000
v 44.045110 -12.460000 3.366174
v 44.002118 -12.327684 3.366174
v 43.889563 -12.245908 3.366174
v 43.750437 -12.245908 3.366174
v 43.637882 -12.327684 3.366174
v 43.594890 -12.460000 3.366174
v 43.637882 -12.592316 3.366174
v 43.750437 -12.674092 3.366174
v 43.889563 -12.674092 3.366174
v 44.002118 -12.592316 3.366174
v 43.820000 -12.460000 3.366174
v 44.284361 -12.460000 3.213631
v 44.195676 -12.187055 3.213631
v 43.963495 -12.018366 3.213631
v 43.676505 -12.018366 3.213631
v 43.444324 -12.187055 3.213631
v 43.355639 -12.460000 3.213631
v 43.444324 -12.732945 3.213631
v 43.676505 -12.901634 3.213631
v 43.963495 -12.901634 3.213631
v 44.195676 -12.732945 3.213631
v 44.571352 -12.460000 2.814266
v 44.427856 -12.018366 2.814266
v 44.052181 -11.745422 2.814266
v 43.587819 -11.745422 2.814266
v 43.212144 -12.018366 2.814266
v 43.068648 -12.460000 2.814266
v 43.212144 -12.901634 2.814266
v 43.587819 -13.174578 2.814266
v 44.052181 -13.174578 2.814266
v 44.427856 -12.901634 2.814266
v 44.571352 -12.460000 2.320625
v 44.427856 -12.018366 2.320625
v 44.052181 -11.745422 2.320625
v 43.587819 -11.745422 2.320625
v 43.212144 -12.018366 2.320625
v 43.068648 -12.460000 2.320625
v 43.212144 -12.901634 2.320625
v 43.587819 -13.174578 2.320625
v 44.052181 -13.174578 2.320625
v 44.427856 -12.901634 2.320625
v 44.284361 -12.460000 1.921260
v 44.195676 -12.187055 1.921260
v 43.963495 -12.018366 1.921260
v 43.676505 -12.018366 1.921260
v 43.444324 -12.187055 1.921260
v 43.355639 -12.460000 1.921260
v 43.444324 -12.732945 1.921260
v 43.676505 -12.901634 1.921260
v 43.963495 -12.901634 1.921260
v 44.195676 -12.732945 1.921260
v 43.820000 -12.460000 1.768716
v 9.538522 -7.140000 0.000000
v 9.508247 -7.046823 0.000000
v 9.428986 -6.989237 0.000000
v 9.331014 -6.989237 0.000000
v 9.251753 -7.046823 0.000000
v 9.221478 -7.140000 0.000000
v 9.251753 -7.233177 0.000000
v 9.331014 -7.290763 0.000000
v 9.428986 -7.290763 0.000000
v 9.508247 -7.233177 0.000000
v 9.538522 -7.140000 3.220000
v 9.508247 -7.046823 3.220000
v 9.428986 -6.989237 3.220000
v 9.331014 -6.989237 3.220000
v 9.251753 -7.046823 3.220000
v 9.221478 -7.140000 3.220000
v 9.251753 -7.233177 3.220000
v 9.331014 -7.290763 3.220000
v 9.428986 -7.290763 3.220000
v 9.508247 -7.233177 3.220000
v 9.380000 -7.140000 3.220000
v 9.865776 -7.140000 3.060314
v 9.773001 -6.854468 3.060314
v 9.530113 -6.678000 3.060314
v 9.229887 -6.678000 3.060314
v 8.986999 -6.854468 3.060314
v 8.894224 -7.140000 3.060314
v 8.986999 -7.425532 3.060314
v 9.229887 -7.602000 3.060314
v 9.530113 -7.602000 3.060314
v 9.773001 -7.425532 3.060314
v 10.166001 -7.140000 2.642249
v 10.015888 -6.678000 2.642249
v 9.622888 -6.392468 2.642249
v 9.137112 -6.392468 2.642249
v 8.744112 -6.678000 2.642249
v 8.593999 -7.140000 2.642249
v 8.744112 -7.602000 2.642249
v 9.137112 -7.887532 2.642249
v 9.622888 -7.887532 2.642249
v 10.015888 -7.602000 2.642249
v 10.166001 -7.140000 2.125494
v 10.015888 -6.678000 2.125494
v 9.622888 -6.392468 2.125494
v 9.137112 -6.392468 2.125494
v 8.744112 -6.678000 2.125494
v 8.593999 -7.140000 2.125494
v 8.744112 -7.602000 2.125494
v 9.137112 -7.887532 2.125494
v 9.622888 -7.887532 2.125494
v 10.015888 -7.602000 2.125494
v 9.865776 -7.140000 1.707430
v 9.773001 -6.854468 1.707430
v 9.530113 -6.678000 1.707430
v 9.229887 -6.678000 1.707430
v 8.986999 -6.854468 1.707430
v 8.894224 -7.140000 1.707430
v 8.986999 -7.425532 1.707430
v 9.229887 -7.602000 1.707430
v 9.530113 -7.602000 1.707430
v 9.773001 -7.425532 1.707430
v 9.380000 -7.140000 1.547743
v 34.781796 -6.020000 0.000000
v 34.743256 -5.901387 0.000000
v 34.642358 -5.828081 0.000000
v 34.517642 -5.828081 0.000000
v 34.416744 -5.901387 0.000000
v 34.378204 -6.020000 0.000000
v 34.416744 -6.138613 0.000000
v 34.517642 -6.211919 0.000000
v 34.642358 -6.211919 0.000000
v 34.743256 -6.138613 0.000000
v 34.781796 -6.020000 3.448825
v 34.743256 -5.901387 3.448825
v 34.642358 -5.828081 3.448825
v 34.517642 -5.828081 3.448825
v 34.416744 -5.901387 3.448825
v 34.378204 -6.020000 3.448825
v 34.416744 -6.138613 3.448825
v 34.517642 -6.211919 3.448825
v 34.642358 -6.211919 3.448825
v 34.743256 -6.138613 3.448825
v 34.580000 -6.020000 3.448825
v 34.933399 -6.020000 3.329903
v 34.865906 -5.812277 3.329903
v 34.689206 -5.683897 3.329903
v 34.470794 -5.683897 3.329903
v 34.294094 -5.812277 3.329903
v 34.226601 -6.020000 3.329903
v 34.294094 -6.227723 3.329903
v 34.470794 -6.356103 3.329903
v 34.689206 -6.356103 3.329903
v 34.865906 -6.227723 3.329903
v 35.151812 -6.020000 3.018559
v 35.042606 -5.683897 3.018559
v 34.756700 -5.476174 3.018559
v 34.403300 -5.476174 3.018559
v 34.117394 -5.683897 3.018559
v 34.008188 -6.020000 3.018559
v 34.117394 -6.356103 3.018559
v 34.403300 -6.563826 3.018559
v 34.756700 -6.563826 3.018559
v 35.042606 -6.356103 3.018559
v 35.151812 -6.020000 2.633717
v 35.042606 -5.683897 2.633717
v 34.756700 -5.476174 2.633717
v 34.403300 -5.476174 2.633717
v 34.117394 -5.683897 2.633717
v 34.008188 -6.020000 2.633717
v 34.117394 -6.356103 2.633717
v 34.403300 -6.563826 2.633717
v 34.756700 -6.563826 2.633717
v 35.042606 -6.356103 2.633717
v 34.933399 -6.020000 2.322373
v 34.865906 -5.812277 2.322373
v 34.689206 -5.683897 2.322373
v 34.470794 -5.683897 2.322373
v 34.294094 -5.812277 2.322373
v 34.226601 -6.020000 2.322373
v 34.294094 -6.227723 2.322373
v 34.470794 -6.356103 2.322373
v 34.689206 -6.356103 2.322373
v 34.865906 -6.227723 2.322373
v 34.580000 -6.020000 2.203451
v 30.817146 -1.820000 0.000000
v 30.787134 -1.727632 0.000000
v 30.708561 -1.670545 0.000000
v 30.611439 -1.670545 0.000000
v 30.532866 -1.727632 0.000000
v 30.502854 -1.820000 0.000000
v 30.532866 -1.912368 0.000000
v 30.611439 -1.969455 0.000000
v 30.708561 -1.969455 0.000000
v 30.787134 -1.912368 0.000000
v 30.817146 -1.820000 3.220000
v 30.787134 -1.727632 3.220000
v 30.708561 -1.670545 3.220000
v 30.611439 -1.670545 3.220000
v 30.532866 -1.727632 3.220000
v 30.502854 -1.820000 3.220000
v 30.532866 -1.912368 3.220000
v 30.611439 -1.969455 3.220000
v 30.708561 -1.969455 3.220000
v 30.787134 -1.912368 3.220000
v 30.660000 -1.820000 3.220000
v 31.053752 -1.820000 3.058622
v 30.978552 -1.588558 3.058622
v 30.781676 -1.445519 3.058622
v 30.538324 -1.445519 3.058622
v 30.341448 -1.588558 3.058622
v 30.266248 -1.820000 3.058622
v 30.341448 -2.051442 3.058622
v 30.538324 -2.194481 3.058622
v 30.781676 -2.194481 3.058622
v 30.978552 -2.051442 3.058622
v 31.297104 -1.820000 2.636130
v 31.175428 -1.445519 2.636130
v 30.856876 -1.214078 2.636130
v 30.463124 -1.214078 2.636130
v 30.144572 -1.445519 2.636130
v 30.022896 -1.820000 2.636130
v 30.144572 -2.194481 2.636130
v 30.463124 -2.425922 2.636130
v 30.856876 -2.425922 2.636130
v 31.175428 -2.194481 2.636130
v 31.297104 -1.820000 2.113902
v 31.175428 -1.445519 2.113902
v 30.856876 -1.214078 2.113902
v 30.463124 -1.214078 2.113902
v 30.144572 -1.445519 2.113902
v 30.022896 -1.820000 2.113902
v 30.144572 -2.194481 2.113902
v 30.463124 -2.425922 2.113902
v 30.856876 -2.425922 2.113902
v 31.175428 -2.194481 2.113902
v 31.053752 -1.820000 1.691410
v 30.978552 -1.588558 1.691410
v 30.781676 -1.445519 1.691410
v 30.538324 -1.445519 1.691410
v 30.341448 -1.588558 1.691410
v 30.266248 -1.820000 1.691410
v 30.341448 -2.051442 1.691410
v 30.538324 -2.194481 1.691410
v 30.781676 -2.194481 1.691410
v 30.978552 -2.051442 1.691410
v 30.660000 -1.820000 1.530032
v 24.711294 -5.460000 0.000000
v 24.670941 -5.335804 0.000000
v 24.565293 -5.259047 0.000000
v 24.434707 -5.259047 0.000000
v 24.329059 -5.335804 0.000000
v 24.288706 -5.460000 0.000000
v 24.329059 -5.584196 0.000000
v 24.434707 -5.660953 0.000000
v 24.565293 -5.660953 0.000000
v 24.670941 -5.584196 0.000000
v 24.711294 -5.460000 3.255471
v 24.670941 -5.335804 3.255471
v 24.565293 -5.259047 3.255471
v 24.434707 -5.259047 3.255471
v 24.329059 -5.335804 3.255471
v 24.288706 -5.460000 3.255471
v 24.329059 -5.584196 3.255471
v 24.434707 -5.660953 3.255471
v 24.565293 -5.660953 3.255471
v 24.670941 -5.584196 3.255471
v 24.500000 -5.460000 3.255471
v 24.977352 -5.460000 3.116306
v 24.886186 -5.179420 3.116306
v 24.647510 -5.006011 3.116306
v 24.352490 -5.006011 3.116306
v 24.113814 -5.179420 3.116306
v 24.022648 -5.460000 3.116306
v 24.113814 -5.740580 3.116306
v 24.352490 -5.913989 3.116306
v 24.647510 -5.913989 3.116306
v 24.886186 -5.740580 3.116306
v 25.272372 -5.460000 2.751969
v 25.124862 -5.006011 2.751969
v 24.738676 -4.725431 2.751969
v 24.261324 -4.725431 2.751969
v 23.875138 -5.006011 2.751969
v 23.727628 -5.460000 2.751969
v 23.875138 -5.913989 2.751969
v 24.261324 -6.194569 2.751969
v 24.738676 -6.194569 2.751969
v 25.124862 -5.913989 2.751969
v 25.272372 -5.460000 2.301623
v 25.124862 -5.006011 2.301623
v 24.738676 -4.725431 2.301623
v 24.261324 -4.725431 2.301623
v 23.875138 -5.006011 2.301623
v 23.727628 -5.460000 2.301623
v 23.875138 -5.913989 2.301623
v 24.261324 -6.194569 2.301623
v 24.738676 -6.194569 2.301623
v 25.124862 -5.913989 2.301623
v 24.977352 -5.460000 1.937285
v 24.886186 -5.179420 1.937285
v 24.647510 -5.006011 1.937285
v 24.352490 -5.006011 1.937285
v 24.113814 -5.179420 1.937285
v 24.022648 -5.460000 1.937285
v 24.113814 -5.740580 1.937285
v 24.352490 -5.913989 1.937285
v 24.647510 -5.913989 1.937285
v 24.886186 -5.740580 1.937285
v 24.500000 -5.460000 1.798120
v 15.431391 -7.420000 0.000000
v 15.398659 -7.319259 0.000000
v 15.312963 -7.256997 0.000000
v 15.207037 -7.256997 0.000000
v 15.121341 -7.319259 0.000000
v 15.088609 -7.420000 0.000000
v 15.121341 -7.520741 0.000000
v 15.207037 -7.583003 0.000000
v 15.312963 -7.583003 0.000000
v 15.398659 -7.520741 0.000000
v 15.431391 -7.420000 3.574927
v 15.398659 -7.319259 3.574927
v 15.312963 -7.256997 3.574927
v 15.207037 -7.256997 3.574927
v 15.121341 -7.319259 3.574927
v 15.088609 -7.420000 3.574927
v 15.121341 -7.520741 3.574927
v 15.207037 -7.583003 3.574927
v 15.312963 -7.583003 3.574927
v 15.398659 -7.520741 3.574927
v 15.260000 -7.420000 3.574927
v 15.646768 -7.420000 3.452511
v 15.572902 -7.192664 3.452511
v 15.379518 -7.052162 3.452511
v 15.140482 -7.052162 3.452511
v 14.947098 -7.192664 3.452511
v 14.873232 -7.420000 3.452511
v 14.947098 -7.647336 3.452511
v 15.140482 -7.787838 3.452511
v 15.379518 -7.787838 3.452511
v 15.572902 -7.647336 3.452511
v 15.885803 -7.420000 3.132024
v 15.766285 -7.052162 3.132024
v 15.453384 -6.824826 3.132024
v 15.066616 -6.824826 3.132024
v 14.753715 -7.052162 3.132024
v 14.634197 -7.420000 3.132024
v 14.753715 -7.787838 3.132024
v 15.066616 -8.015174 3.132024
v 15.453384 -8.015174 3.132024
v 15.766285 -7.787838 3.132024
v 15.885803 -7.420000 2.735880
v 15.766285 -7.052162 2.735880
v 15.453384 -6.824826 2.735880
v 15.066616 -6.824826 2.735880
v 14.753715 -7.052162 2.735880
v 14.634197 -7.420000 2.735880
v 14.753715 -7.787838 2.735880
v 15.066616 -8.015174 2.735880
v 15.453384 -8.015174 2.735880
v 15.766285 -7.787838 2.735880
v 15.646768 -7.420000 2.415392
v 15.572902 -7.192664 2.415392
v 15.379518 -7.052162 2.415392
v 15.140482 -7.052162 2.415392
v 14.947098 -7.192664 2.415392
v 14.873232 -7.420000 2.415392
v 14.947098 -7.647336 2.415392
v 15.140482 -7.787838 2.415392
v 15.379518 -7.787838 2.415392
v 15.572902 -7.647336 2.415392
v 15.260000 -7.420000 2.292977
v 41.774021 -7.980000 0.000000
v 41.736967 -7.865957 0.000000
v 41.639956 -7.795475 0.000000
v 41.520044 -7.795475 0.000000
v 41.423033 -7.865957 0.000000
v 41.385979 -7.980000 0.000000
v 41.423033 -8.094043 0.000000
v 41.520044 -8.164525 0.000000
v 41.639956 -8.164525 0.000000
v 41.736967 -8.094043 0.000000
v 41.774021 -7.980000 3.333009
v 41.736967 -7.865957 3.333009
v 41.639956 -7.795475 3.333009
v 41.520044 -7.795475 3.333009
v 41.423033 -7.865957 3.333009
v 41.385979 -7.980000 3.333009
v 41.423033 -8.094043 3.333009
v 41.520044 -8.164525 3.333009
v 41.639956 -8.164525 3.333009
v 41.736967 -8.094043 3.333009
v 41.580000 -7.980000 3.333009
v 41.968582 -7.980000 3.220110
v 41.894369 -7.751597 3.220110
v 41.700078 -7.610437 3.220110
v 41.459922 -7.610437 3.220110
v 41.265631 -7.751597 3.220110
v 41.191418 -7.980000 3.220110
v 41.265631 -8.208403 3.220110
v 41.459922 -8.349563 3.220110
v 41.700078 -8.349563 3.220110
v 41.894369 -8.208403 3.220110
v 42.208739 -7.980000 2.924537
v 42.088661 -7.610437 2.924537
v 41.774291 -7.382034 2.924537
v 41.385709 -7.382034 2.924537
v 41.071339 -7.610437 2.924537
v 40.951261 -7.980000 2.924537
v 41.071339 -8.349563 2.924537
v 41.385709 -8.577966 2.924537
v 41.774291 -8.577966 2.924537
v 42.088661 -8.349563 2.924537
v 42.208739 -7.980000 2.559188
v 42.088661 -7.610437 2.559188
v 41.774291 -7.382034 2.559188
v 41.385709 -7.382034 2.559188
v 41.071339 -7.610437 2.559188
v 40.951261 -7.980000 2.559188
v 41.071339 -8.349563 2.559188
v 41.385709 -8.577966 2.559188
v 41.774291 -8.577966 2.559188
v 42.088661 -8.349563 2.559188
v 41.968582 -7.980000 2.263615
v 41.894369 -7.751597 2.263615
v 41.700078 -7.610437 2.263615
v 41.459922 -7.610437 2.263615
v 41.265631 -7.751597 2.263615
v 41.191418 -7.980000 2.263615
v 41.265631 -8.208403 2.263615
v 41.459922 -8.349563 2.263615
v 41.700078 -8.349563 2.263615
v 41.894369 -8.208403 2.263615
v 41.580000 -7.980000 2.150716
v 28.917246 -1.820000 0.000000
v 28.875756 -1.692306 0.000000
v 28.767133 -1.613386 0.000000
v 28.632867 -1.613386 0.000000
v 28.524244 -1.692306 0.000000
v 28.482754 -1.820000 0.000000
v 28.524244 -1.947694 0.000000
v 28.632867 -2.026614 0.000000
v 28.767133 -2.026614 0.000000
v 28.875756 -1.947694 0.000000
v 28.917246 -1.820000 3.220000
v 28.875756 -1.692306 3.220000
v 28.767133 -1.613386 3.220000
v 28.632867 -1.613386 3.220000
v 28.524244 -1.692306 3.220000
v 28.482754 -1.820000 3.220000
v 28.524244 -1.947694 3.220000
v 28.632867 -2.026614 3.220000
v 28.767133 -2.026614 3.220000
v 28.875756 -1.947694 3.220000
v 28.700000 -1.820000 3.220000
v 29.079710 -1.820000 3.111784
v 29.007192 -1.596812 3.111784
v 28.817337 -1.458874 3.111784
v 28.582663 -1.458874 3.111784
v 28.392808 -1.596812 3.111784
v 28.320290 -1.820000 3.111784
v 28.392808 -2.043188 3.111784
v 28.582663 -2.181126 3.111784
v 28.817337 -2.181126 3.111784
v 29.007192 -2.043188 3.111784
v 29.314384 -1.820000 2.828472
v 29.197047 -1.458874 2.828472
v 28.889855 -1.235686 2.828472
v 28.510145 -1.235686 2.828472
v 28.202953 -1.458874 2.828472
v 28.085616 -1.820000 2.828472
v 28.202953 -2.181126 2.828472
v 28.510145 -2.404314 2.828472
v 28.889855 -2.404314 2.828472
v 29.197047 -2.181126 2.828472
v 29.314384 -1.820000 2.478279
v 29.197047 -1.458874 2.478279
v 28.889855 -1.235686 2.478279
v 28.510145 -1.235686 2.478279
v 28.202953 -1.458874 2.478279
v 28.085616 -1.820000 2.478279
v 28.202953 -2.181126 2.478279
v 28.510145 -2.404314 2.478279
v 28.889855 -2.404314 2.478279
v 29.197047 -2.181126 2.478279
v 29.079710 -1.820000 2.194967
v 29.007192 -1.596812 2.194967
v 28.817337 -1.458874 2.194967
v 28.582663 -1.458874 2.194967
v 28.392808 -1.596812 2.194967
v 28.320290 -1.820000 2.194967
v 28.392808 -2.043188 2.194967
v 28.582663 -2.181126 2.194967
v 28.817337 -2.181126 2.194967
v 29.007192 -2.043188 2.194967
v 28.700000 -1.820000 2.086752
v 1.727928 -7.140000 0.000000
v 1.692037 -7.029539 0.000000
v 1.598073 -6.961270 0.000000
v 1.481927 -6.961270 0.000000
v 1.387963 -7.029539 0.000000
v 1.352072 -7.140000 0.000000
v 1.387963 -7.250461 0.000000
v 1.481927 -7.318730 0.000000
v 1.598073 -7.318730 0.000000
v 1.692037 -7.250461 0.000000
v 1.727928 -7.140000 3.220000
v 1.692037 -7.029539 3.220000
v 1.598073 -6.961270 3.220000
v 1.481927 -6.961270 3.220000
v 1.387963 -7.029539 3.220000
v 1.352072 -7.140000 3.220000
v 1.387963 -7.250461 3.220000
v 1.481927 -7.318730 3.220000
v 1.598073 -7.318730 3.220000
v 1.692037 -7.250461 3.220000
v 1.540000 -7.140000 3.220000
v 1.966726 -7.140000 3.059192
v 1.885229 -6.889177 3.059192
v 1.671866 -6.734159 3.059192
v 1.408134 -6.734159 3.059192
v 1.194771 -6.889177 3.059192
v 1.113274 -7.140000 3.059192
v 1.194771 -7.390823 3.059192
v 1.408134 -7.545841 3.059192
v 1.671866 -7.545841 3.059192
v 1.885229 -7.390823 3.059192
v 2.230458 -7.140000 2.638190
v 2.098592 -6.734159 2.638190
v 1.753363 -6.483336 2.638190
v 1.326637 -6.483336 2.638190
v 0.981408 -6.734159 2.638190
v 0.849542 -7.140000 2.638190
v 0.981408 -7.545841 2.638190
v 1.326637 -7.796664 2.638190
v 1.753363 -7.796664 2.638190
v 2.098592 -7.545841 2.638190
v 2.230458 -7.140000 2.117802
v 2.098592 -6.734159 2.117802
v 1.753363 -6.483336 2.117802
v 1.326637 -6.483336 2.117802
v 0.981408 -6.734159 2.117802
v 0.849542 -7.140000 2.117802
v 0.981408 -7.545841 2.117802
v 1.326637 -7.796664 2.117802
v 1.753363 -7.796664 2.117802
v 2.098592 -7.545841 2.117802
v 1.966726 -7.140000 1.696800
v 1.885229 -6.889177 1.696800
v 1.671866 -6.734159 1.696800
v 1.408134 -6.734159 1.696800
v 1.194771 -6.889177 1.696800
v 1.113274 -7.140000 1.696800
v 1.194771 -7.390823 1.696800
v 1.408134 -7.545841 1.696800
v 1.671866 -7.545841 1.696800
v 1.885229 -7.390823 1.696800
v 1.540000 -7.140000 1.535992
v 10.405675 -13.300000 0.000000
v 10.370214 -13.190863 0.000000
v 10.277377 -13.123413 0.000000
v 10.162623 -13.123413 0.000000
v 10.069786 -13.190863 0.000000
v 10.034325 -13.300000 0.000000
v 10.069786 -13.409137 0.000000
v 10.162623 -13.476587 0.000000
v 10.277377 -13.476587 0.000000
v 10.370214 -13.409137 0.000000
v 10.405675 -13.300000 3.269412
v 10.370214 -13.190863 3.269412
v 10.277377 -13.123413 3.269412
v 10.162623 -13.123413 3.269412
v 10.069786 -13.190863 3.269412
v 10.034325 -13.300000 3.269412
v 10.069786 -13.409137 3.269412
v 10.162623 -13.476587 3.269412
v 10.277377 -13.476587 3.269412
v 10.370214 -13.409137 3.269412
v 10.220000 -13.300000 3.269412
v 10.605355 -13.300000 3.158226
v 10.531759 -13.073494 3.158226
v 10.339081 -12.933505 3.158226
v 10.100919 -12.933505 3.158226
v 9.908241 -13.073494 3.158226
v 9.834645 -13.300000 3.158226
v 9.908241 -13.526506 3.158226
v 10.100919 -13.666495 3.158226
v 10.339081 -13.666495 3.158226
v 10.531759 -13.526506 3.158226
v 10.843518 -13.300000 2.867138
v 10.724437 -12.933505 2.867138
v 10.412678 -12.706999 2.867138
v 10.027322 -12.706999 2.867138
v 9.715563 -12.933505 2.867138
v 9.596482 -13.300000 2.867138
v 9.715563 -13.666495 2.867138
v 10.027322 -13.893001 2.867138
v 10.412678 -13.893001 2.867138
v 10.724437 -13.666495 2.867138
v 10.843518 -13.300000 2.507333
v 10.724437 -12.933505 2.507333
v 10.412678 -12.706999 2.507333
v 10.027322 -12.706999 2.507333
v 9.715563 -12.933505 2.507333
v 9.596482 -13.300000 2.507333
v 9.715563 -13.666495 2.507333
v 10.027322 -13.893001 2.507333
v 10.412678 -13.893001 2.507333
v 10.724437 -13.666495 2.507333
v 10.605355 -13.300000 2.216244
v 10.531759 -13.073494 2.216244
v 10.339081 -12.933505 2.216244
v 10.100919 -12.933505 2.216244
v 9.908241 -13.073494 2.216244
v 9.834645 -13.300000 2.216244
v 9.908241 -13.526506 2.216244
v 10.100919 -13.666495 2.216244
v 10.339081 -13.666495 2.216244
v 10.531759 -13.526506 2.216244
v 10.220000 -13.300000 2.105058
v 31.931944 -4.060000 0.000000
v 31.902926 -3.970689 0.000000
v 31.826953 -3.915492 0.000000
v 31.733047 -3.915492 0.000000
v 31.657074 -3.970689 0.000000
v 31.628056 -4.060000 0.000000
v 31.657074 -4.149311 0.000000
v 31.733047 -4.204508 0.000000
v 31.826953 -4.204508 0.000000
v 31.902926 -4.149311 0.000000
v 31.931944 -4.060000 3.352451
v 31.902926 -3.970689 3.352451
v 31.826953 -3.915492 3.352451
v 31.733047 -3.915492 3.352451
v 31.657074 -3.970689 3.352451
v 31.628056 -4.060000 3.352451
v 31.657074 -4.149311 3.352451
v 31.733047 -4.204508 3.352451
v 31.826953 -4.204508 3.352451
v 31.902926 -4.149311 3.352451
v 31.780000 -4.060000 3.352451
v 32.203126 -4.060000 3.228123
v 32.122316 -3.811293 3.228123
v 31.910753 -3.657584 3.228123
v 31.649247 -3.657584 3.228123
v 31.437684 -3.811293 3.228123
v 31.356874 -4.060000 3.228123
v 31.437684 -4.308707 3.228123
v 31.649247 -4.462416 3.228123
v 31.910753 -4.462416 3.228123
v 32.122316 -4.308707 3.228123
v 32.464631 -4.060000 2.902628
v 32.333879 -3.657584 2.902628
v 31.991563 -3.408877 2.902628
v 31.568437 -3.408877 2.902628
v 31.226121 -3.657584 2.902628
v 31.095369 -4.060000 2.902628
v 31.226121 -4.462416 2.902628
v 31.568437 -4.711123 2.902628
v 31.991563 -4.711123 2.902628
v 32.333879 -4.462416 2.902628
v 32.464631 -4.060000 2.500294
v 32.333879 -3.657584 2.500294
v 31.991563 -3.408877 2.500294
v 31.568437 -3.408877 2.500294
v 31.226121 -3.657584 2.500294
v 31.095369 -4.060000 2.500294
v 31.226121 -4.462416 2.500294
v 31.568437 -4.711123 2.500294
v 31.991563 -4.711123 2.500294
v 32.333879 -4.462416 2.500294
v 32.203126 -4.060000 2.174798
v 32.122316 -3.811293 2.174798
v 31.910753 -3.657584 2.174798
v 31.649247 -3.657584 2.174798
v 31.437684 -3.811293 2.174798
v 31.356874 -4.060000 2.174798
v 31.437684 -4.308707 2.174798
v 31.649247 -4.462416 2.174798
v 31.910753 -4.462416 2.174798
v 32.122316 -4.308707 2.174798
v 31.780000 -4.060000 2.050470
v 49.066319 -6.580000 0.000000
v 49.026916 -6.458729 0.000000
v 48.923756 -6.383779 0.000000
v 48.796244 -6.383779 0.000000
v 48.693084 -6.458729 0.000000
v 48.653681 -6.580000 0.000000
v 48.693084 -6.701271 0.000000
v 48.796244 -6.776221 0.000000
v 48.923756 -6.776221 0.000000
v 49.026916 -6.701271 0.000000
v 49.066319 -6.580000 3.220000
v 49.026916 -6.458729 3.220000
v 48.923756 -6.383779 3.220000
v 48.796244 -6.383779 3.220000
v 48.693084 -6.458729 3.220000
v 48.653681 -6.580000 3.220000
v 48.693084 -6.701271 3.220000
v 48.796244 -6.776221 3.220000
v 48.923756 -6.776221 3.220000
v 49.026916 -6.701271 3.220000
v 48.860000 -6.580000 3.220000
v 49.342273 -6.580000 3.062666
v 49.250167 -6.296527 3.062666
v 49.009030 -6.121331 3.062666
v 48.710970 -6.121331 3.062666
v 48.469833 -6.296527 3.062666
v 48.377727 -6.580000 3.062666
v 48.469833 -6.863473 3.062666
v 48.710970 -7.038669 3.062666
v 49.009030 -7.038669 3.062666
v 49.250167 -6.863473 3.062666
v 49.640334 -6.580000 2.650760
v 49.491303 -6.121331 2.650760
v 49.101136 -5.837859 2.650760
v 48.618864 -5.837859 2.650760
v 48.228697 -6.121331 2.650760
v 48.079666 -6.580000 2.650760
v 48.228697 -7.038669 2.650760
v 48.618864 -7.322141 2.650760
v 49.101136 -7.322141 2.650760
v 49.491303 -7.038669 2.650760
v 49.640334 -6.580000 2.141615
v 49.491303 -6.121331 2.141615
v 49.101136 -5.837859 2.141615
v 48.618864 -5.837859 2.141615
v 48.228697 -6.121331 2.141615
v 48.079666 -6.580000 2.141615
v 48.228697 -7.038669 2.141615
v 48.618864 -7.322141 2.141615
v 49.101136 -7.322141 2.141615
v 49.491303 -7.038669 2.141615
v 49.342273 -6.580000 1.729709
v 49.250167 -6.296527 1.729709
v 49.009030 -6.121331 1.729709
v 48.710970 -6.121331 1.729709
v 48.469833 -6.296527 1.729709
v 48.377727 -6.580000 1.729709
v 48.469833 -6.863473 1.729709
v 48.710970 -7.038669 1.729709
v 49.009030 -7.038669 1.729709
v 49.250167 -6.863473 1.729709
v 48.860000 -6.580000 1.572375
v 35.587005 -7.700000 0.000000
v 35.555110 -7.601837 0.000000
v 35.471607 -7.541169 0.000000
v 35.368393 -7.541169 0.000000
v 35.284890 -7.601837 0.000000
v 35.252995 -7.700000 0.000000
v 35.284890 -7.798163 0.000000
v 35.368393 -7.858831 0.000000
v 35.471607 -7.858831 0.000000
v 35.555110 -7.798163 0.000000
v 35.587005 -7.700000 3.220000
v 35.555110 -7.601837 3.220000
v 35.471607 -7.541169 3.220000
v 35.368393 -7.541169 3.220000
v 35.284890 -7.601837 3.220000
v 35.252995 -7.700000 3.220000
v 35.284890 -7.798163 3.220000
v 35.368393 -7.858831 3.220000
v 35.471607 -7.858831 3.220000
v 35.555110 -7.798163 3.220000
v 35.420000 -7.700000 3.220000
v 35.835186 -7.700000 3.070609
v 35.755892 -7.455960 3.070609
v 35.548299 -7.305135 3.070609
v 35.291701 -7.305135 3.070609
v 35.084108 -7.455960 3.070609
v 35.004814 -7.700000 3.070609
v 35.084108 -7.944040 3.070609
v 35.291701 -8.094865 3.070609
v 35.548299 -8.094865 3.070609
v 35.755892 -7.944040 3.070609
v 36.091784 -7.700000 2.679499
v 35.963485 -7.305135 2.679499
v 35.627593 -7.061095 2.679499
v 35.212407 -7.061095 2.679499
v 34.876515 -7.305135 2.679499
v 34.748216 -7.700000 2.679499
v 34.876515 -8.094865 2.679499
v 35.212407 -8.338905 2.679499
v 35.627593 -8.338905 2.679499
v 35.963485 -8.094865 2.679499
v 36.091784 -7.700000 2.196061
v 35.963485 -7.305135 2.196061
v 35.627593 -7.061095 2.196061
v 35.212407 -7.061095 2.196061
v 34.876515 -7.305135 2.196061
v 34.748216 -7.700000 2.196061
v 34.876515 -8.094865 2.196061
v 35.212407 -8.338905 2.196061
v 35.627593 -8.338905 2.196061
v 35.963485 -8.094865 2.196061
v 35.835186 -7.700000 1.804950
v 35.755892 -7.455960 1.804950
v 35.548299 -7.305135 1.804950
v 35.291701 -7.305135 1.804950
v 35.084108 -7.455960 1.804950
v 35.004814 -7.700000 1.804950
v 35.084108 -7.944040 1.804950
v 35.291701 -8.094865 1.804950
v 35.548299 -8.094865 1.804950
v 35.755892 -7.944040 1.804950
v 35.420000 -7.700000 1.655560
v 48.187243 -10.780000 0.000000
v 48.155302 -10.681697 0.000000
v 48.071681 -10.620943 0.000000
v 47.968319 -10.620943 0.000000
v 47.884698 -10.681697 0.000000
v 47.852757 -10.780000 0.000000
v 47.884698 -10.878303 0.000000
v 47.968319 -10.939057 0.000000
v 48.071681 -10.939057 0.000000
v 48.155302 -10.878303 0.000000
v 48.187243 -10.780000 3.897749
v 48.155302 -10.681697 3.897749
v 48.071681 -10.620943 3.897749
v 47.968319 -10.620943 3.897749
v 47.884698 -10.681697 3.897749
v 47.852757 -10.780000 3.897749
v 47.884698 -10.878303 3.897749
v 47.968319 -10.939057 3.897749
v 48.071681 -10.939057 3.897749
v 48.155302 -10.878303 3.897749
v 48.020000 -10.780000 3.897749
v 48.426900 -10.780000 3.757490
v 48.349189 -10.540830 3.757490
v 48.145739 -10.393015 3.757490
v 47.894261 -10.393015 3.757490
v 47.690811 -10.540830 3.757490
v 47.613100 -10.780000 3.757490
v 47.690811 -11.019170 3.757490
v 47.894261 -11.166985 3.757490
v 48.145739 -11.166985 3.757490
v 48.349189 -11.019170 3.757490
v 48.678377 -10.780000 3.390287
v 48.552639 -10.393015 3.390287
v 48.223450 -10.153846 3.390287
v 47.816550 -10.153846 3.390287
v 47.487361 -10.393015 3.390287
v 47.361623 -10.780000 3.390287
v 47.487361 -11.166985 3.390287
v 47.816550 -11.406154 3.390287
v 48.223450 -11.406154 3.390287
v 48.552639 -11.166985 3.390287
v 48.678377 -10.780000 2.936400
v 48.552639 -10.393015 2.936400
v 48.223450 -10.153846 2.936400
v 47.816550 -10.153846 2.936400
v 47.487361 -10.393015 2.936400
v 47.361623 -10.780000 2.936400
v 47.487361 -11.166985 2.936400
v 47.816550 -11.406154 2.936400
v 48.223450 -11.406154 2.936400
v 48.552639 -11.166985 2.936400
v 48.426900 -10.780000 2.569197
v 48.349189 -10.540830 2.569197
v 48.145739 -10.393015 2.569197
v 47.894261 -10.393015 2.569197
v 47.690811 -10.540830 2.569197
v 47.613100 -10.780000 2.569197
v 47.690811 -11.019170 2.569197
v 47.894261 -11.166985 2.569197
v 48.145739 -11.166985 2.569197
v 48.349189 -11.019170 2.569197
v 48.020000 -10.780000 2.428938
v 27.762553 -7.420000 0.000000
v 27.727688 -7.312698 0.000000
v 27.636412 -7.246382 0.000000
v 27.523588 -7.246382 0.000000
v 27.432312 -7.312698 0.000000
v 27.397447 -7.420000 0.000000
v 27.432312 -7.527302 0.000000
v 27.523588 -7.593618 0.000000
v 27.636412 -7.593618 0.000000
v 27.727688 -7.527302 0.000000
v 27.762553 -7.420000 3.220000
v 27.727688 -7.312698 3.220000
v 27.636412 -7.246382 3.220000
v 27.523588 -7.246382 3.220000
v 27.432312 -7.312698 3.220000
v 27.397447 -7.420000 3.220000
v 27.432312 -7.527302 3.220000
v 27.523588 -7.593618 3.220000
v 27.636412 -7.593618 3.220000
v 27.727688 -7.527302 3.220000
v 27.580000 -7.420000 3.220000
v 28.058515 -7.420000 3.027675
v 27.967127 -7.138736 3.027675
v 27.727869 -6.964905 3.027675
v 27.432131 -6.964905 3.027675
v 27.192873 -7.138736 3.027675
v 27.101485 -7.420000 3.027675
v 27.192873 -7.701264 3.027675
v 27.432131 -7.875095 3.027675
v 27.727869 -7.875095 3.027675
v 27.967127 -7.701264 3.027675
v 28.354253 -7.420000 2.524161
v 28.206384 -6.964905 2.524161
v 27.819257 -6.683642 2.524161
v 27.340743 -6.683642 2.524161
v 26.953616 -6.964905 2.524161
v 26.805747 -7.420000 2.524161
v 26.953616 -7.875095 2.524161
v 27.340743 -8.156358 2.524161
v 27.819257 -8.156358 2.524161
v 28.206384 -7.875095 2.524161
v 28.354253 -7.420000 1.901784
v 28.206384 -6.964905 1.901784
v 27.819257 -6.683642 1.901784
v 27.340743 -6.683642 1.901784
v 26.953616 -6.964905 1.901784
v 26.805747 -7.420000 1.901784
v 26.953616 -7.875095 1.901784
v 27.340743 -8.156358 1.901784
v 27.819257 -8.156358 1.901784
v 28.206384 -7.875095 1.901784
v 28.058515 -7.420000 1.398270
v 27.967127 -7.138736 1.398270
v 27.727869 -6.964905 1.398270
v 27.432131 -6.964905 1.398270
v 27.192873 -7.138736 1.398270
v 27.101485 -7.420000 1.398270
v 27.192873 -7.701264 1.398270
v 27.432131 -7.875095 1.398270
v 27.727869 -7.875095 1.398270
v 27.967127 -7.701264 1.398270
v 27.580000 -7.420000 1.205945
v 36.747227 -6.020000 0.000000
v 36.707650 -5.898195 0.000000
v 36.604037 -5.822915 0.000000
v 36.475963 -5.822915 0.000000
v 36.372350 -5.898195 0.000000
v 36.332773 -6.020000 0.000000
v 36.372350 -6.141805 0.000000
v 36.475963 -6.217085 0.000000
v 36.604037 -6.217085 0.000000
v 36.707650 -6.141805 0.000000
v 36.747227 -6.020000 3.824570
v 36.707650 -5.898195 3.824570
v 36.604037 -5.822915 3.824570
v 36.475963 -5.822915 3.824570
v 36.372350 -5.898195 3.824570
v 36.332773 -6.020000 3.824570
v 36.372350 -6.141805 3.824570
v 36.475963 -6.217085 3.824570
v 36.604037 -6.217085 3.824570
v 36.707650 -6.141805 3.824570
v 36.540000 -6.020000 3.824570
v 37.025988 -6.020000 3.645983
v 36.933173 -5.734343 3.645983
v 36.690179 -5.557798 3.645983
v 36.389821 -5.557798 3.645983
v 36.146827 -5.734343 3.645983
v 36.054012 -6.020000 3.645983
v 36.146827 -6.305657 3.645983
v 36.389821 -6.482202 3.645983
v 36.690179 -6.482202 3.645983
v 36.933173 -6.305657 3.645983
v 37.326346 -6.020000 3.178436
v 37.176167 -5.557798 3.178436
v 36.782994 -5.272141 3.178436
v 36.297006 -5.272141 3.178436
v 35.903833 -5.557798 3.178436
v 35.753654 -6.020000 3.178436
v 35.903833 -6.482202 3.178436
v 36.297006 -6.767859 3.178436
v 36.782994 -6.767859 3.178436
v 37.176167 -6.482202 3.178436
v 37.326346 -6.020000 2.600517
v 37.176167 -5.557798 2.600517
v 36.782994 -5.272141 2.600517
v 36.297006 -5.272141 2.600517
v 35.903833 -5.557798 2.600517
v 35.753654 -6.020000 2.600517
v 35.903833 -6.482202 2.600517
v 36.297006 -6.767859 2.600517
v 36.782994 -6.767859 2.600517
v 37.176167 -6.482202 2.600517
v 37.025988 -6.020000 2.132970
v 36.933173 -5.734343 2.132970
v 36.690179 -5.557798 2.132970
v 36.389821 -5.557798 2.132970
v 36.146827 -5.734343 2.132970
v 36.054012 -6.020000 2.132970
v 36.146827 -6.305657 2.132970
v 36.389821 -6.482202 2.132970
v 36.690179 -6.482202 2.132970
v 36.933173 -6.305657 2.132970
v 36.540000 -6.020000 1.954383
v 37.546930 -7.980000 0.000000
v 37.515049 -7.881881 0.000000
v 37.431584 -7.821240 0.000000
v 37.328416 -7.821240 0.000000
v 37.244951 -7.881881 0.000000
v 37.213070 -7.980000 0.000000
v 37.244951 -8.078119 0.000000
v 37.328416 -8.138760 0.000000
v 37.431584 -8.138760 0.000000
v 37.515049 -8.078119 0.000000
v 37.546930 -7.980000 3.431456
v 37.515049 -7.881881 3.431456
v 37.431584 -7.821240 3.431456
v 37.328416 -7.821240 3.431456
v 37.244951 -7.881881 3.431456
v 37.213070 -7.980000 3.431456
v 37.244951 -8.078119 3.431456
v 37.328416 -8.138760 3.431456
v 37.431584 -8.138760 3.431456
v 37.515049 -8.078119 3.431456
v 37.380000 -7.980000 3.431456
v 37.883387 -7.980000 3.247880
v 37.787249 -7.684117 3.247880
v 37.535555 -7.501251 3.247880
v 37.224445 -7.501251 3.247880
v 36.972751 -7.684117 3.247880
v 36.876613 -7.980000 3.247880
v 36.972751 -8.275883 3.247880
v 37.224445 -8.458749 3.247880
v 37.535555 -8.458749 3.247880
v 37.787249 -8.275883 3.247880
v 38.194497 -7.980000 2.767269
v 38.038942 -7.501251 2.767269
v 37.631693 -7.205367 2.767269
v 37.128307 -7.205367 2.767269
v 36.721058 -7.501251 2.767269
v 36.565503 -7.980000 2.767269
v 36.721058 -8.458749 2.767269
v 37.128307 -8.754633 2.767269
v 37.631693 -8.754633 2.767269
v 38.038942 -8.458749 2.767269
v 38.194497 -7.980000 2.173202
v 38.038942 -7.501251 2.173202
v 37.631693 -7.205367 2.173202
v 37.128307 -7.205367 2.173202
v 36.721058 -7.501251 2.173202
v 36.565503 -7.980000 2.173202
v 36.721058 -8.458749 2.173202
v 37.128307 -8.754633 2.173202
v 37.631693 -8.754633 2.173202
v 38.038942 -8.458749 2.173202
v 37.883387 -7.980000 1.692592
v 37.787249 -7.684117 1.692592
v 37.535555 -7.501251 1.692592
v 37.224445 -7.501251 1.692592
v 36.972751 -7.684117 1.692592
v 36.876613 -7.980000 1.692592
v 36.972751 -8.275883 1.692592
v 37.224445 -8.458749 1.692592
v 37.535555 -8.458749 1.692592
v 37.787249 -8.275883 1.692592
v 37.380000 -7.980000 1.509015
v 42.031076 -4.340000 0.000000
v 41.998404 -4.239444 0.000000
v 41.912866 -4.177297 0.000000
v 41.807134 -4.177297 0.000000
v 41.721596 -4.239444 0.000000
v 41.688924 -4.340000 0.000000
v 41.721596 -4.440556 0.000000
v 41.807134 -4.502703 0.000000
v 41.912866 -4.502703 0.000000
v 41.998404 -4.440556 0.000000
v 42.031076 -4.340000 3.557401
v 41.998404 -4.239444 3.557401
v 41.912866 -4.177297 3.557401
v 41.807134 -4.177297 3.557401
v 41.721596 -4.239444 3.557401
v 41.688924 -4.340000 3.557401
v 41.721596 -4.440556 3.557401
v 41.807134 -4.502703 3.557401
v 41.912866 -4.502703 3.557401
v 41.998404 -4.440556 3.557401
v 41.860000 -4.340000 3.557401
v 42.297848 -4.340000 3.400397
v 42.214227 -4.082639 3.400397
v 41.995303 -3.923581 3.400397
v 41.724697 -3.923581 3.400397
v 41.505773 -4.082639 3.400397
v 41.422152 -4.340000 3.400397
v 41.505773 -4.597361 3.400397
v 41.724697 -4.756419 3.400397
v 41.995303 -4.756419 3.400397
v 42.214227 -4.597361 3.400397
v 42.568454 -4.340000 2.989356
v 42.433151 -3.923581 2.989356
v 42.078924 -3.666220 2.989356
v 41.641076 -3.666220 2.989356
v 41.286849 -3.923581 2.989356
v 41.151546 -4.340000 2.989356
v 41.286849 -4.756419 2.989356
v 41.641076 -5.013780 2.989356
v 42.078924 -5.013780 2.989356
v 42.433151 -4.756419 2.989356
v 42.568454 -4.340000 2.481281
v 42.433151 -3.923581 2.481281
v 42.078924 -3.666220 2.481281
v 41.641076 -3.666220 2.481281
v 41.286849 -3.923581 2.481281
v 41.151546 -4.340000 2.481281
v 41.286849 -4.756419 2.481281
v 41.641076 -5.013780 2.481281
v 42.078924 -5.013780 2.481281
v 42.433151 -4.756419 2.481281
v 42.297848 -4.340000 2.070240
v 42.214227 -4.082639 2.070240
v 41.995303 -3.923581 2.070240
v 41.724697 -3.923581 2.070240
v 41.505773 -4.082639 2.070240
v 41.422152 -4.340000 2.070240
v 41.505773 -4.597361 2.070240
v 41.724697 -4.756419 2.070240
v 41.995303 -4.756419 2.070240
v 42.214227 -4.597361 2.070240
v 41.860000 -4.340000 1.913236
v 19.627168 -3.500000 0.000000
v 19.595242 -3.401741 0.000000
v 19.511658 -3.341014 0.000000
v 19.408342 -3.341014 0.000000
v 19.324758 -3.401741 0.000000
v 19.292832 -3.500000 0.000000
v 19.324758 -3.598259 0.000000
v 19.408342 -3.658986 0.000000
v 19.511658 -3.658986 0.000000
v 19.595242 -3.598259 0.000000
v 19.627168 -3.500000 3.627570
v 19.595242 -3.401741 3.627570
v 19.511658 -3.341014 3.627570
v 19.408342 -3.341014 3.627570
v 19.324758 -3.401741 3.627570
v 19.292832 -3.500000 3.627570
v 19.324758 -3.598259 3.627570
v 19.408342 -3.658986 3.627570
v 19.511658 -3.658986 3.627570
v 19.595242 -3.598259 3.627570
v 19.460000 -3.500000 3.627570
v 19.879118 -3.500000 3.498480
v 19.799074 -3.253648 3.498480
v 19.589515 -3.101395 3.498480
v 19.330485 -3.101395 3.498480
v 19.120926 -3.253648 3.498480
v 19.040882 -3.500000 3.498480
v 19.120926 -3.746352 3.498480
v 19.330485 -3.898605 3.498480
v 19.589515 -3.898605 3.498480
v 19.799074 -3.746352 3.498480
v 20.138148 -3.500000 3.160517
v 20.008633 -3.101395 3.160517
v 19.669559 -2.855043 3.160517
v 19.250441 -2.855043 3.160517
v 18.911367 -3.101395 3.160517
v 18.781852 -3.500000 3.160517
v 18.911367 -3.898605 3.160517
v 19.250441 -4.144957 3.160517
v 19.669559 -4.144957 3.160517
v 20.008633 -3.898605 3.160517
v 20.138148 -3.500000 2.742772
v 20.008633 -3.101395 2.742772
v 19.669559 -2.855043 2.742772
v 19.250441 -2.855043 2.742772
v 18.911367 -3.101395 2.742772
v 18.781852 -3.500000 2.742772
v 18.911367 -3.898605 2.742772
v 19.250441 -4.144957 2.742772
v 19.669559 -4.144957 2.742772
v 20.008633 -3.898605 2.742772
v 19.879118 -3.500000 2.404809
v 19.799074 -3.253648 2.404809
v 19.589515 -3.101395 2.404809
v 19.330485 -3.101395 2.404809
v 19.120926 -3.253648 2.404809
v 19.040882 -3.500000 2.404809
v 19.120926 -3.746352 2.404809
v 19.330485 -3.898605 2.404809
v 19.589515 -3.898605 2.404809
v 19.799074 -3.746352 2.404809
v 19.460000 -3.500000 2.275719
v 7.846076 -3.220000 0.000000
v 7.818178 -3.134139 0.000000
v 7.745140 -3.081074 0.000000
v 7.654860 -3.081074 0.000000
v 7.581822 -3.134139 0.000000
v 7.553924 -3.220000 0.000000
v 7.581822 -3.305861 0.000000
v 7.654860 -3.358926 0.000000
v 7.745140 -3.358926 0.000000
v 7.818178 -3.305861 0.000000
v 7.846076 -3.220000 3.220000
v 7.818178 -3.134139 3.220000
v 7.745140 -3.081074 3.220000
v 7.654860 -3.081074 3.220000
v 7.581822 -3.134139 3.220000
v 7.553924 -3.220000 3.220000
v 7.581822 -3.305861 3.220000
v 7.654860 -3.358926 3.220000
v 7.745140 -3.358926 3.220000
v 7.818178 -3.305861 3.220000
v 7.700000 -3.220000 3.220000
v 8.178816 -3.220000 3.044367
v 8.087370 -2.938559 3.044367
v 7.847962 -2.764619 3.044367
v 7.552038 -2.764619 3.044367
v 7.312630 -2.938559 3.044367
v 7.221184 -3.220000 3.044367
v 7.312630 -3.501441 3.044367
v 7.552038 -3.675381 3.044367
v 7.847962 -3.675381 3.044367
v 8.087370 -3.501441 3.044367
v 8.474740 -3.220000 2.584554
v 8.326778 -2.764619 2.584554
v 7.939408 -2.483178 2.584554
v 7.460592 -2.483178 2.584554
v 7.073222 -2.764619 2.584554
v 6.925260 -3.220000 2.584554
v 7.073222 -3.675381 2.584554
v 7.460592 -3.956822 2.584554
v 7.939408 -3.956822 2.584554
v 8.326778 -3.675381 2.584554
v 8.474740 -3.220000 2.016194
v 8.326778 -2.764619 2.016194
v 7.939408 -2.483178 2.016194
v 7.460592 -2.483178 2.016194
v 7.073222 -2.764619 2.016194
v 6.925260 -3.220000 2.016194
v 7.073222 -3.675381 2.016194
v 7.460592 -3.956822 2.016194
v 7.939408 -3.956822 2.016194
v 8.326778 -3.675381 2.016194
v 8.178816 -3.220000 1.556381
v 8.087370 -2.938559 1.556381
v 7.847962 -2.764619 1.556381
v 7.552038 -2.764619 1.556381
v 7.312630 -2.938559 1.556381
v 7.221184 -3.220000 1.556381
v 7.312630 -3.501441 1.556381
v 7.552038 -3.675381 1.556381
v 7.847962 -3.675381 1.556381
v 8.087370 -3.501441 1.556381
v 7.700000 -3.220000 1.380748
v 8.434698 -13.020000 0.000000
v 8.401334 -12.917315 0.000000
v 8.313985 -12.853852 0.000000
v 8.206015 -12.853852 0.000000
v 8.118666 -12.917315 0.000000
v 8.085302 -13.020000 0.000000
v 8.118666 -13.122685 0.000000
v 8.206015 -13.186148 0.000000
v 8.313985 -13.186148 0.000000
v 8.401334 -13.122685 0.000000
v 8.434698 -13.020000 3.276014
v 8.401334 -12.917315 3.276014
v 8.313985 -12.853852 3.276014
v 8.206015 -12.853852 3.276014
v 8.118666 -12.917315 3.276014
v 8.085302 -13.020000 3.276014
v 8.118666 -13.122685 3.276014
v 8.206015 -13.186148 3.276014
v 8.313985 -13.186148 3.276014
v 8.401334 -13.122685 3.276014
v 8.260000 -13.020000 3.276014
v 8.695199 -13.020000 3.114984
v 8.612084 -12.764196 3.114984
v 8.394484 -12.606101 3.114984
v 8.125516 -12.606101 3.114984
v 7.907916 -12.764196 3.114984
v 7.824801 -13.020000 3.114984
v 7.907916 -13.275804 3.114984
v 8.125516 -13.433899 3.114984
v 8.394484 -13.433899 3.114984
v 8.612084 -13.275804 3.114984
v 8.964167 -13.020000 2.693403
v 8.829683 -12.606101 2.693403
v 8.477600 -12.350297 2.693403
v 8.042400 -12.350297 2.693403
v 7.690317 -12.606101 2.693403
v 7.555833 -13.020000 2.693403
v 7.690317 -13.433899 2.693403
v 8.042400 -13.689703 2.693403
v 8.477600 -13.689703 2.693403
v 8.829683 -13.433899 2.693403
v 8.964167 -13.020000 2.172300
v 8.829683 -12.606101 2.172300
v 8.477600 -12.350297 2.172300
v 8.042400 -12.350297 2.172300
v 7.690317 -12.606101 2.172300
v 7.555833 -13.020000 2.172300
v 7.690317 -13.433899 2.172300
v 8.042400 -13.689703 2.172300
v 8.477600 -13.689703 2.172300
v 8.829683 -13.433899 2.172300
v 8.695199 -13.020000 1.750718
v 8.612084 -12.764196 1.750718
v 8.394484 -12.606101 1.750718
v 8.125516 -12.606101 1.750718
v 7.907916 -12.764196 1.750718
v 7.824801 -13.020000 1.750718
v 7.907916 -13.275804 1.750718
v 8.125516 -13.433899 1.750718
v 8.394484 -13.433899 1.750718
v 8.612084 -13.275804 1.750718
v 8.260000 -13.020000 1.589689
v 5.668090 -6.860000 0.000000
v 5.628348 -6.737688 0.000000
v 5.524303 -6.662095 0.000000
v 5.395697 -6.662095 0.000000
v 5.291652 -6.737688 0.000000
v 5.251910 -6.860000 0.000000
v 5.291652 -6.982312 0.000000
v 5.395697 -7.057905 0.000000
v 5.524303 -7.057905 0.000000
v 5.628348 -6.982312 0.000000
v 5.668090 -6.860000 3.236965
v 5.628348 -6.737688 3.236965
v 5.524303 -6.662095 3.236965
v 5.395697 -6.662095 3.236965
v 5.291652 -6.737688 3.236965
v 5.251910 -6.860000 3.236965
v 5.291652 -6.982312 3.236965
v 5.395697 -7.057905 3.236965
v 5.524303 -7.057905 3.236965
v 5.628348 -6.982312 3.236965
v 5.460000 -6.860000 3.236965
v 5.945776 -6.860000 3.097954
v 5.853001 -6.574468 3.097954
v 5.610113 -6.398000 3.097954
v 5.309887 -6.398000 3.097954
v 5.066999 -6.574468 3.097954
v 4.974224 -6.860000 3.097954
v 5.066999 -7.145532 3.097954
v 5.309887 -7.322000 3.097954
v 5.610113 -7.322000 3.097954
v 5.853001 -7.145532 3.097954
v 6.246001 -6.860000 2.734016
v 6.095888 -6.398000 2.734016
v 5.702888 -6.112468 2.734016
v 5.217112 -6.112468 2.734016
v 4.824112 -6.398000 2.734016
v 4.673999 -6.860000 2.734016
v 4.824112 -7.322000 2.734016
v 5.217112 -7.607532 2.734016
v 5.702888 -7.607532 2.734016
v 6.095888 -7.322000 2.734016
v 6.246001 -6.860000 2.284164
v 6.095888 -6.398000 2.284164
v 5.702888 -6.112468 2.284164
v 5.217112 -6.112468 2.284164
v 4.824112 -6.398000 2.284164
v 4.673999 -6.860000 2.284164
v 4.824112 -7.322000 2.284164
v 5.217112 -7.607532 2.284164
v 5.702888 -7.607532 2.284164
v 6.095888 -7.322000 2.284164
v 5.945776 -6.860000 1.920226
v 5.853001 -6.574468 1.920226
v 5.610113 -6.398000 1.920226
v 5.309887 -6.398000 1.920226
v 5.066999 -6.574468 1.920226
v 4.974224 -6.860000 1.920226
v 5.066999 -7.145532 1.920226
v 5.309887 -7.322000 1.920226
v 5.610113 -7.322000 1.920226
v 5.853001 -7.145532 1.920226
v 5.460000 -6.860000 1.781214
v 46.495480 -2.100000 0.000000
v 46.465786 -2.008611 0.000000
v 46.388046 -1.952130 0.000000
v 46.291954 -1.952130 0.000000
v 46.214214 -2.008611 0.000000
v 46.184520 -2.100000 0.000000
v 46.214214 -2.191389 0.000000
v 46.291954 -2.247870 0.000000
v 46.388046 -2.247870 0.000000
v 46.465786 -2.191389 0.000000
v 46.495480 -2.100000 3.220000
v 46.465786 -2.008611 3.220000
v 46.388046 -1.952130 3.220000
v 46.291954 -1.952130 3.220000
v 46.214214 -2.008611 3.220000
v 46.184520 -2.100000 3.220000
v 46.214214 -2.191389 3.220000
v 46.291954 -2.247870 3.220000
v 46.388046 -2.247870 3.220000
v 46.465786 -2.191389 3.220000
v 46.340000 -2.100000 3.220000
v 46.707884 -2.100000 3.101699
v 46.637624 -1.883763 3.101699
v 46.453682 -1.750121 3.101699
v 46.226318 -1.750121 3.101699
v 46.042376 -1.883763 3.101699
v 45.972116 -2.100000 3.101699
v 46.042376 -2.316237 3.101699
v 46.226318 -2.449879 3.101699
v 46.453682 -2.449879 3.101699
v 46.637624 -2.316237 3.101699
v 46.935249 -2.100000 2.791983
v 46.821566 -1.750121 2.791983
v 46.523942 -1.533885 2.791983
v 46.156058 -1.533885 2.791983
v 45.858434 -1.750121 2.791983
v 45.744751 -2.100000 2.791983
v 45.858434 -2.449879 2.791983
v 46.156058 -2.666115 2.791983
v 46.523942 -2.666115 2.791983
v 46.821566 -2.449879 2.791983
v 46.935249 -2.100000 2.409152
v 46.821566 -1.750121 2.409152
v 46.523942 -1.533885 2.409152
v 46.156058 -1.533885 2.409152
v 45.858434 -1.750121 2.409152
v 45.744751 -2.100000 2.409152
v 45.858434 -2.449879 2.409152
v 46.156058 -2.666115 2.409152
v 46.523942 -2.666115 2.409152
v 46.821566 -2.449879 2.409152
v 46.707884 -2.100000 2.099436
v 46.637624 -1.883763 2.099436
v 46.453682 -1.750121 2.099436
v 46.226318 -1.750121 2.099436
v 46.042376 -1.883763 2.099436
v 45.972116 -2.100000 2.099436
v 46.042376 -2.316237 2.099436
v 46.226318 -2.449879 2.099436
v 46.453682 -2.449879 2.099436
v 46.637624 -2.316237 2.099436
v 46.340000 -2.100000 1.981135
v 44.557668 -10.220000 0.000000
v 44.523736 -10.115569 0.000000
v 44.434902 -10.051028 0.000000
v 44.325098 -10.051028 0.000000
v 44.236264 -10.115569 0.000000
v 44.202332 -10.220000 0.000000
v 44.236264 -10.324431 0.000000
v 44.325098 -10.388972 0.000000
v 44.434902 -10.388972 0.000000
v 44.523736 -10.324431 0.000000
v 44.557668 -10.220000 3.523064
v 44.523736 -10.115569 3.523064
v 44.434902 -10.051028 3.523064
v 44.325098 -10.051028 3.523064
v 44.236264 -10.115569 3.523064
v 44.202332 -10.220000 3.523064
v 44.236264 -10.324431 3.523064
v 44.325098 -10.388972 3.523064
v 44.434902 -10.388972 3.523064
v 44.523736 -10.324431 3.523064
v 44.380000 -10.220000 3.523064
v 44.848366 -10.220000 3.362770
v 44.758916 -9.944702 3.362770
v 44.524733 -9.774558 3.362770
v 44.235267 -9.774558 3.362770
v 44.001084 -9.944702 3.362770
v 43.911634 -10.220000 3.362770
v 44.001084 -10.495298 3.362770
v 44.235267 -10.665442 3.362770
v 44.524733 -10.665442 3.362770
v 44.758916 -10.495298 3.362770
v 45.137832 -10.220000 2.943114
v 44.993099 -9.774558 2.943114
v 44.614183 -9.499259 2.943114
v 44.145817 -9.499259 2.943114
v 43.766901 -9.774558 2.943114
v 43.622168 -10.220000 2.943114
v 43.766901 -10.665442 2.943114
v 44.145817 -10.940741 2.943114
v 44.614183 -10.940741 2.943114
v 44.993099 -10.665442 2.943114
v 45.137832 -10.220000 2.424390
v 44.993099 -9.774558 2.424390
v 44.614183 -9.499259 2.424390
v 44.145817 -9.499259 2.424390
v 43.766901 -9.774558 2.424390
v 43.622168 -10.220000 2.424390
v 43.766901 -10.665442 2.424390
v 44.145817 -10.940741 2.424390
v 44.614183 -10.940741 2.424390
v 44.993099 -10.665442 2.424390
v 44.848366 -10.220000 2.004734
v 44.758916 -9.944702 2.004734
v 44.524733 -9.774558 2.004734
v 44.235267 -9.774558 2.004734
v 44.001084 -9.944702 2.004734
v 43.911634 -10.220000 2.004734
v 44.001084 -10.495298 2.004734
v 44.235267 -10.665442 2.004734
v 44.524733 -10.665442 2.004734
v 44.758916 -10.495298 2.004734
v 44.380000 -10.220000 1.844439
v 51.546793 -6.580000 0.000000
v 51.514938 -6.481962 0.000000
v 51.431542 -6.421371 0.000000
v 51.328458 -6.421371 0.000000
v 51.245062 -6.481962 0.000000
v 51.213207 -6.580000 0.000000
v 51.245062 -6.678038 0.000000
v 51.328458 -6.738629 0.000000
v 51.431542 -6.738629 0.000000
v 51.514938 -6.678038 0.000000
v 51.546793 -6.580000 3.231667
v 51.514938 -6.481962 3.231667
v 51.431542 -6.421371 3.231667
v 51.328458 -6.421371 3.231667
v 51.245062 -6.481962 3.231667
v 51.213207 -6.580000 3.231667
v 51.245062 -6.678038 3.231667
v 51.328458 -6.738629 3.231667
v 51.431542 -6.738629 3.231667
v 51.514938 -6.678038 3.231667
v 51.380000 -6.580000 3.231667
v 51.820484 -6.580000 3.099815
v 51.736359 -6.321090 3.099815
v 51.516117 -6.161075 3.099815
v 51.243883 -6.161075 3.099815
v 51.023641 -6.321090 3.099815
v 50.939516 -6.580000 3.099815
v 51.023641 -6.838910 3.099815
v 51.243883 -6.998925 3.099815
v 51.516117 -6.998925 3.099815
v 51.736359 -6.838910 3.099815
v 52.092718 -6.580000 2.754620
v 51.956601 -6.161075 2.754620
v 51.600242 -5.902165 2.754620
v 51.159758 -5.902165 2.754620
v 50.803399 -6.161075 2.754620
v 50.667282 -6.580000 2.754620
v 50.803399 -6.998925 2.754620
v 51.159758 -7.257835 2.754620
v 51.600242 -7.257835 2.754620
v 51.956601 -6.998925 2.754620
v 52.092718 -6.580000 2.327936
v 51.956601 -6.161075 2.327936
v 51.600242 -5.902165 2.327936
v 51.159758 -5.902165 2.327936
v 50.803399 -6.161075 2.327936
v 50.667282 -6.580000 2.327936
v 50.803399 -6.998925 2.327936
v 51.159758 -7.257835 2.327936
v 51.600242 -7.257835 2.327936
v 51.956601 -6.998925 2.327936
v 51.820484 -6.580000 1.982741
v 51.736359 -6.321090 1.982741
v 51.516117 -6.161075 1.982741
v 51.243883 -6.161075 1.982741
v 51.023641 -6.321090 1.982741
v 50.939516 -6.580000 1.982741
v 51.023641 -6.838910 1.982741
v 51.243883 -6.998925 1.982741
v 51.516117 -6.998925 1.982741
v 51.736359 -6.838910 1.982741
v 51.380000 -6.580000 1.850888
v 5.931149 -10.780000 0.000000
v 5.894643 -10.667645 0.000000
v 5.799068 -10.598206 0.000000
v 5.680932 -10.598206 0.000000
v 5.585357 -10.667645 0.000000
v 5.548851 -10.780000 0.000000
v 5.585357 -10.892355 0.000000
v 5.680932 -10.961794 0.000000
v 5.799068 -10.961794 0.000000
v 5.894643 -10.892355 0.000000
v 5.931149 -10.780000 3.347262
v 5.894643 -10.667645 3.347262
v 5.799068 -10.598206 3.347262
v 5.680932 -10.598206 3.347262
v 5.585357 -10.667645 3.347262
v 5.548851 -10.780000 3.347262
v 5.585357 -10.892355 3.347262
v 5.680932 -10.961794 3.347262
v 5.799068 -10.961794 3.347262
v 5.894643 -10.892355 3.347262
v 5.740000 -10.780000 3.347262
v 6.126228 -10.780000 3.191721
v 6.052465 -10.552981 3.191721
v 5.859351 -10.412676 3.191721
v 5.620649 -10.412676 3.191721
v 5.427535 -10.552981 3.191721
v 5.353772 -10.780000 3.191721
v 5.427535 -11.007019 3.191721
v 5.620649 -11.147324 3.191721
v 5.859351 -11.147324 3.191721
v 6.052465 -11.007019 3.191721
v 6.364929 -10.780000 2.784507
v 6.245578 -10.412676 2.784507
v 5.933114 -10.185657 2.784507
v 5.546886 -10.185657 2.784507
v 5.234422 -10.412676 2.784507
v 5.115071 -10.780000 2.784507
v 5.234422 -11.147324 2.784507
v 5.546886 -11.374343 2.784507
v 5.933114 -11.374343 2.784507
v 6.245578 -11.147324 2.784507
v 6.364929 -10.780000 2.281163
v 6.245578 -10.412676 2.281163
v 5.933114 -10.185657 2.281163
v 5.546886 -10.185657 2.281163
v 5.234422 -10.412676 2.281163
v 5.115071 -10.780000 2.281163
v 5.234422 -11.147324 2.281163
v 5.546886 -11.374343 2.281163
v 5.933114 -11.374343 2.281163
v 6.245578 -11.147324 2.281163
v 6.126228 -10.780000 1.873949
v 6.052465 -10.552981 1.873949
v 5.859351 -10.412676 1.873949
v 5.620649 -10.412676 1.873949
v 5.427535 -10.552981 1.873949
v 5.353772 -10.780000 1.873949
v 5.427535 -11.007019 1.873949
v 5.620649 -11.147324 1.873949
v 5.859351 -11.147324 1.873949
v 6.052465 -11.007019 1.873949
v 5.740000 -10.780000 1.718407
v 41.787378 -12.180000 0.000000
v 41.747772 -12.058106 0.000000
v 41.644083 -11.982772 0.000000
v 41.515917 -11.982772 0.000000
v 41.412228 -12.058106 0.000000
v 41.372622 -12.180000 0.000000
v 41.412228 -12.301894 0.000000
v 41.515917 -12.377228 0.000000
v 41.644083 -12.377228 0.000000
v 41.747772 -12.301894 0.000000
v 41.787378 -12.180000 3.593419
v 41.747772 -12.058106 3.593419
v 41.644083 -11.982772 3.593419
v 41.515917 -11.982772 3.593419
v 41.412228 -12.058106 3.593419
v 41.372622 -12.180000 3.593419
v 41.412228 -12.301894 3.593419
v 41.515917 -12.377228 3.593419
v 41.644083 -12.377228 3.593419
v 41.747772 -12.301894 3.593419
v 41.580000 -12.180000 3.593419
v 42.045354 -12.180000 3.427601
v 41.956479 -11.906472 3.427601
v 41.723802 -11.737422 3.427601
v 41.436198 -11.737422 3.427601
v 41.203521 -11.906472 3.427601
v 41.114646 -12.180000 3.427601
v 41.203521 -12.453528 3.427601
v 41.436198 -12.622578 3.427601
v 41.723802 -12.622578 3.427601
v 41.956479 -12.453528 3.427601
v 42.332959 -12.180000 2.993484
v 42.189157 -11.737422 2.993484
v 41.812677 -11.463894 2.993484
v 41.347323 -11.463894 2.993484
v 40.970843 -11.737422 2.993484
v 40.827041 -12.180000 2.993484
v 40.970843 -12.622578 2.993484
v 41.347323 -12.896106 2.993484
v 41.812677 -12.896106 2.993484
v 42.189157 -12.622578 2.993484
v 42.332959 -12.180000 2.456887
v 42.189157 -11.737422 2.456887
v 41.812677 -11.463894 2.456887
v 41.347323 -11.463894 2.456887
v 40.970843 -11.737422 2.456887
v 40.827041 -12.180000 2.456887
v 40.970843 -12.622578 2.456887
v 41.347323 -12.896106 2.456887
v 41.812677 -12.896106 2.456887
v 42.189157 -12.622578 2.456887
v 42.045354 -12.180000 2.022771
v 41.956479 -11.906472 2.022771
v 41.723802 -11.737422 2.022771
v 41.436198 -11.737422 2.022771
v 41.203521 -11.906472 2.022771
v 41.114646 -12.180000 2.022771
v 41.203521 -12.453528 2.022771
v 41.436198 -12.622578 2.022771
v 41.723802 -12.622578 2.022771
v 41.956479 -12.453528 2.022771
v 41.580000 -12.180000 1.856953
v 52.367718 -18.060000 0.000000
v 52.339506 -17.973174 0.000000
v 52.265647 -17.919512 0.000000
v 52.174353 -17.919512 0.000000
v 52.100494 -17.973174 0.000000
v 52.072282 -18.060000 0.000000
v 52.100494 -18.146826 0.000000
v 52.174353 -18.200488 0.000000
v 52.265647 -18.200488 0.000000
v 52.339506 -18.146826 0.000000
v 52.367718 -18.060000 3.226088
v 52.339506 -17.973174 3.226088
v 52.265647 -17.919512 3.226088
v 52.174353 -17.919512 3.226088
v 52.100494 -17.973174 3.226088
v 52.072282 -18.060000 3.226088
v 52.100494 -18.146826 3.226088
v 52.174353 -18.200488 3.226088
v 52.265647 -18.200488 3.226088
v 52.339506 -18.146826 3.226088
v 52.220000 -18.060000 3.226088
v 52.568952 -18.060000 3.093599
v 52.502308 -17.854891 3.093599
v 52.327832 -17.728127 3.093599
v 52.112168 -17.728127 3.093599
v 51.937692 -17.854891 3.093599
v 51.871048 -18.060000 3.093599
v 51.937692 -18.265109 3.093599
v 52.112168 -18.391873 3.093599
v 52.327832 -18.391873 3.093599
v 52.502308 -18.265109 3.093599
v 52.784615 -18.060000 2.746737
v 52.676783 -17.728127 2.746737
v 52.394476 -17.523019 2.746737
v 52.045524 -17.523019 2.746737
v 51.763217 -17.728127 2.746737
v 51.655385 -18.060000 2.746737
v 51.763217 -18.391873 2.746737
v 52.045524 -18.596981 2.746737
v 52.394476 -18.596981 2.746737
v 52.676783 -18.391873 2.746737
v 52.784615 -18.060000 2.317992
v 52.676783 -17.728127 2.317992
v 52.394476 -17.523019 2.317992
v 52.045524 -17.523019 2.317992
v 51.763217 -17.728127 2.317992
v 51.655385 -18.060000 2.317992
v 51.763217 -18.391873 2.317992
v 52.045524 -18.596981 2.317992
v 52.394476 -18.596981 2.317992
v 52.676783 -18.391873 2.317992
v 52.568952 -18.060000 1.971130
v 52.502308 -17.854891 1.971130
v 52.327832 -17.728127 1.971130
v 52.112168 -17.728127 1.971130
v 51.937692 -17.854891 1.971130
v 51.871048 -18.060000 1.971130
v 51.937692 -18.265109 1.971130
v 52.112168 -18.391873 1.971130
v 52.327832 -18.391873 1.971130
v 52.502308 -18.265109 1.971130
v 52.220000 -18.060000 1.838640
v 16.861967 -5.180000 0.000000
v 16.823395 -5.061287 0.000000
v 16.722411 -4.987918 0.000000
v 16.597589 -4.987918 0.000000
v 16.496605 -5.061287 0.000000
v 16.458033 -5.180000 0.000000
v 16.496605 -5.298713 0.000000
v 16.597589 -5.372082 0.000000
v 16.722411 -5.372082 0.000000
v 16.823395 -5.298713 0.000000
v 16.861967 -5.180000 3.344130
v 16.823395 -5.061287 3.344130
v 16.722411 -4.987918 3.344130
v 16.597589 -4.987918 3.344130
v 16.496605 -5.061287 3.344130
v 16.458033 -5.180000 3.344130
v 16.496605 -5.298713 3.344130
v 16.597589 -5.372082 3.344130
v 16.722411 -5.372082 3.344130
v 16.823395 -5.298713 3.344130
v 16.660000 -5.180000 3.344130
v 17.039340 -5.180000 3.187096
v 16.966893 -4.957030 3.187096
v 16.777223 -4.819226 3.187096
v 16.542777 -4.819226 3.187096
v 16.353107 -4.957030 3.187096
v 16.280660 -5.180000 3.187096
v 16.353107 -5.402970 3.187096
v 16.542777 -5.540774 3.187096
v 16.777223 -5.540774 3.187096
v 16.966893 -5.402970 3.187096
v 17.273785 -5.180000 2.775975
v 17.156563 -4.819226 2.775975
v 16.849670 -4.596256 2.775975
v 16.470330 -4.596256 2.775975
v 16.163437 -4.819226 2.775975
v 16.046215 -5.180000 2.775975
v 16.163437 -5.540774 2.775975
v 16.470330 -5.763744 2.775975
v 16.849670 -5.763744 2.775975
v 17.156563 -5.540774 2.775975
v 17.273785 -5.180000 2.267802
v 17.156563 -4.819226 2.267802
v 16.849670 -4.596256 2.267802
v 16.470330 -4.596256 2.267802
v 16.163437 -4.819226 2.267802
v 16.046215 -5.180000 2.267802
v 16.163437 -5.540774 2.267802
v 16.470330 -5.763744 2.267802
v 16.849670 -5.763744 2.267802
v 17.156563 -5.540774 2.267802
v 17.039340 -5.180000 1.856681
v 16.966893 -4.957030 1.856681
v 16.777223 -4.819226 1.856681
v 16.542777 -4.819226 1.856681
v 16.353107 -4.957030 1.856681
v 16.280660 -5.180000 1.856681
v 16.353107 -5.402970 1.856681
v 16.542777 -5.540774 1.856681
v 16.777223 -5.540774 1.856681
v 16.966893 -5.402970 1.856681
v 16.660000 -5.180000 1.699647
v 5.618585 -2.940000 0.000000
v 5.588298 -2.846786 0.000000
v 5.509005 -2.789177 0.000000
v 5.410995 -2.789177 0.000000
v 5.331702 -2.846786 0.000000
v 5.301415 -2.940000 0.000000
v 5.331702 -3.033214 0.000000
v 5.410995 -3.090823 0.000000
v 5.509005 -3.090823 0.000000
v 5.588298 -3.033214 0.000000
v 5.618585 -2.940000 3.365367
v 5.588298 -2.846786 3.365367
v 5.509005 -2.789177 3.365367
v 5.410995 -2.789177 3.365367
v 5.331702 -2.846786 3.365367
v 5.301415 -2.940000 3.365367
v 5.331702 -3.033214 3.365367
v 5.410995 -3.090823 3.365367
v 5.509005 -3.090823 3.365367
v 5.588298 -3.033214 3.365367
v 5.460000 -2.940000 3.365367
v 5.778692 -2.940000 3.245111
v 5.717827 -2.752678 3.245111
v 5.558481 -2.636906 3.245111
v 5.361519 -2.636906 3.245111
v 5.202173 -2.752678 3.245111
v 5.141308 -2.940000 3.245111
v 5.202173 -3.127322 3.245111
v 5.361519 -3.243094 3.245111
v 5.558481 -3.243094 3.245111
v 5.717827 -3.127322 3.245111
v 5.975654 -2.940000 2.930276
v 5.877173 -2.636906 2.930276
v 5.619346 -2.449583 2.930276
v 5.300654 -2.449583 2.930276
v 5.042827 -2.636906 2.930276
v 4.944346 -2.940000 2.930276
v 5.042827 -3.243094 2.930276
v 5.300654 -3.430417 2.930276
v 5.619346 -3.430417 2.930276
v 5.877173 -3.243094 2.930276
v 5.975654 -2.940000 2.541118
v 5.877173 -2.636906 2.541118
v 5.619346 -2.449583 2.541118
v 5.300654 -2.449583 2.541118
v 5.042827 -2.636906 2.541118
v 4.944346 -2.940000 2.541118
v 5.042827 -3.243094 2.541118
v 5.300654 -3.430417 2.541118
v 5.619346 -3.430417 2.541118
v 5.877173 -3.243094 2.541118
v 5.778692 -2.940000 2.226283
v 5.717827 -2.752678 2.226283
v 5.558481 -2.636906 2.226283
v 5.361519 -2.636906 2.226283
v 5.202173 -2.752678 2.226283
v 5.141308 -2.940000 2.226283
v 5.202173 -3.127322 2.226283
v 5.361519 -3.243094 2.226283
v 5.558481 -3.243094 2.226283
v 5.717827 -3.127322 2.226283
v 5.460000 -2.940000 2.106027
v 27.739391 -4.060000 0.000000
v 27.708950 -3.966313 0.000000
v 27.629254 -3.908410 0.000000
v 27.530746 -3.908410 0.000000
v 27.451050 -3.966313 0.000000
v 27.420609 -4.060000 0.000000
v 27.451050 -4.153687 0.000000
v 27.530746 -4.211590 0.000000
v 27.629254 -4.211590 0.000000
v 27.708950 -4.153687 0.000000
v 27.739391 -4.060000 3.605113
v 27.708950 -3.966313 3.605113
v 27.629254 -3.908410 3.605113
v 27.530746 -3.908410 3.605113
v 27.451050 -3.966313 3.605113
v 27.420609 -4.060000 3.605113
v 27.451050 -4.153687 3.605113
v 27.530746 -4.211590 3.605113
v 27.629254 -4.211590 3.605113
v 27.708950 -4.153687 3.605113
v 27.580000 -4.060000 3.605113
v 28.041898 -4.060000 3.470270
v 27.953683 -3.788503 3.470270
v 27.722734 -3.620709 3.470270
v 27.437266 -3.620709 3.470270
v 27.206317 -3.788503 3.470270
v 27.118102 -4.060000 3.470270
v 27.206317 -4.331497 3.470270
v 27.437266 -4.499291 3.470270
v 27.722734 -4.499291 3.470270
v 27.953683 -4.331497 3.470270
v 28.327367 -4.060000 3.117248
v 28.184632 -3.620709 3.117248
v 27.810949 -3.349212 3.117248
v 27.349051 -3.349212 3.117248
v 26.975368 -3.620709 3.117248
v 26.832633 -4.060000 3.117248
v 26.975368 -4.499291 3.117248
v 27.349051 -4.770788 3.117248
v 27.810949 -4.770788 3.117248
v 28.184632 -4.499291 3.117248
v 28.327367 -4.060000 2.680888
v 28.184632 -3.620709 2.680888
v 27.810949 -3.349212 2.680888
v 27.349051 -3.349212 2.680888
v 26.975368 -3.620709 2.680888
v 26.832633 -4.060000 2.680888
v 26.975368 -4.499291 2.680888
v 27.349051 -4.770788 2.680888
v 27.810949 -4.770788 2.680888
v 28.184632 -4.499291 2.680888
v 28.041898 -4.060000 2.327866
v 27.953683 -3.788503 2.327866
v 27.722734 -3.620709 2.327866
v 27.437266 -3.620709 2.327866
v 27.206317 -3.788503 2.327866
v 27.118102 -4.060000 2.327866
v 27.206317 -4.331497 2.327866
v 27.437266 -4.499291 2.327866
v 27.722734 -4.499291 2.327866
v 27.953683 -4.331497 2.327866
v 27.580000 -4.060000 2.193023
v 6.486617 -13.020000 0.000000
v 6.450976 -12.910309 0.000000
v 6.357668 -12.842517 0.000000
v 6.242332 -12.842517 0.000000
v 6.149024 -12.910309 0.000000
v 6.113383 -13.020000 0.000000
v 6.149024 -13.129691 0.000000
v 6.242332 -13.197483 0.000000
v 6.357668 -13.197483 0.000000
v 6.450976 -13.129691 0.000000
v 6.486617 -13.020000 3.572955
v 6.450976 -12.910309 3.572955
v 6.357668 -12.842517 3.572955
v 6.242332 -12.842517 3.572955
v 6.149024 -12.910309 3.572955
v 6.113383 -13.020000 3.572955
v 6.149024 -13.129691 3.572955
v 6.242332 -13.197483 3.572955
v 6.357668 -13.197483 3.572955
v 6.450976 -13.129691 3.572955
v 6.300000 -13.020000 3.572955
v 6.644470 -13.020000 3.446956
v 6.578682 -12.817525 3.446956
v 6.406447 -12.692389 3.446956
v 6.193553 -12.692389 3.446956
v 6.021318 -12.817525 3.446956
v 5.955530 -13.020000 3.446956
v 6.021318 -13.222475 3.446956
v 6.193553 -13.347611 3.446956
v 6.406447 -13.347611 3.446956
v 6.578682 -13.222475 3.446956
v 6.857365 -13.020000 3.117088
v 6.750918 -12.692389 3.117088
v 6.472235 -12.489915 3.117088
v 6.127765 -12.489915 3.117088
v 5.849082 -12.692389 3.117088
v 5.742635 -13.020000 3.117088
v 5.849082 -13.347611 3.117088
v 6.127765 -13.550085 3.117088
v 6.472235 -13.550085 3.117088
v 6.750918 -13.347611 3.117088
v 6.857365 -13.020000 2.709348
v 6.750918 -12.692389 2.709348
v 6.472235 -12.489915 2.709348
v 6.127765 -12.489915 2.709348
v 5.849082 -12.692389 2.709348
v 5.742635 -13.020000 2.709348
v 5.849082 -13.347611 2.709348
v 6.127765 -13.550085 2.709348
v 6.472235 -13.550085 2.709348
v 6.750918 -13.347611 2.709348
v 6.644470 -13.020000 2.379479
v 6.578682 -12.817525 2.379479
v 6.406447 -12.692389 2.379479
v 6.193553 -12.692389 2.379479
v 6.021318 -12.817525 2.379479
v 5.955530 -13.020000 2.379479
v 6.021318 -13.222475 2.379479
v 6.193553 -13.347611 2.379479
v 6.406447 -13.347611 2.379479
v 6.578682 -13.222475 2.379479
v 6.300000 -13.020000 2.253481
v 38.695088 -2.100000 0.000000
v 38.657830 -1.985330 0.000000
v 38.560286 -1.914460 0.000000
v 38.439714 -1.914460 0.000000
v 38.342170 -1.985330 0.000000
v 38.304912 -2.100000 0.000000
v 38.342170 -2.214670 0.000000
v 38.439714 -2.285540 0.000000
v 38.560286 -2.285540 0.000000
v 38.657830 -2.214670 0.000000
v 38.695088 -2.100000 3.220000
v 38.657830 -1.985330 3.220000
v 38.560286 -1.914460 3.220000
v 38.439714 -1.914460 3.220000
v 38.342170 -1.985330 3.220000
v 38.304912 -2.100000 3.220000
v 38.342170 -2.214670 3.220000
v 38.439714 -2.285540 3.220000
v 38.560286 -2.285540 3.220000
v 38.657830 -2.214670 3.220000
v 38.500000 -2.100000 3.220000
v 38.912798 -2.100000 3.075876
v 38.833960 -1.857364 3.075876
v 38.627562 -1.707406 3.075876
v 38.372438 -1.707406 3.075876
v 38.166040 -1.857364 3.075876
v 38.087202 -2.100000 3.075876
v 38.166040 -2.342636 3.075876
v 38.372438 -2.492594 3.075876
v 38.627562 -2.492594 3.075876
v 38.833960 -2.342636 3.075876
v 39.167921 -2.100000 2.698554
v 39.040359 -1.707406 2.698554
v 38.706399 -1.464770 2.698554
v 38.293601 -1.464770 2.698554
v 37.959641 -1.707406 2.698554
v 37.832079 -2.100000 2.698554
v 37.959641 -2.492594 2.698554
v 38.293601 -2.735230 2.698554
v 38.706399 -2.735230 2.698554
v 39.040359 -2.492594 2.698554
v 39.167921 -2.100000 2.232158
v 39.040359 -1.707406 2.232158
v 38.706399 -1.464770 2.232158
v 38.293601 -1.464770 2.232158
v 37.959641 -1.707406 2.232158
v 37.832079 -2.100000 2.232158
v 37.959641 -2.492594 2.232158
v 38.293601 -2.735230 2.232158
v 38.706399 -2.735230 2.232158
v 39.040359 -2.492594 2.232158
v 38.912798 -2.100000 1.854836
v 38.833960 -1.857364 1.854836
v 38.627562 -1.707406 1.854836
v 38.372438 -1.707406 1.854836
v 38.166040 -1.857364 1.854836
v 38.087202 -2.100000 1.854836
v 38.166040 -2.342636 1.854836
v 38.372438 -2.492594 1.854836
v 38.627562 -2.492594 1.854836
v 38.833960 -2.342636 1.854836
v 38.500000 -2.100000 1.710712
v 40.643337 -10.220000 0.000000
v 40.608323 -10.112237 0.000000
v 40.516654 -10.045636 0.000000
v 40.403346 -10.045636 0.000000
v 40.311677 -10.112237 0.000000
v 40.276663 -10.220000 0.000000
v 40.311677 -10.327763 0.000000
v 40.403346 -10.394364 0.000000
v 40.516654 -10.394364 0.000000
v 40.608323 -10.327763 0.000000
v 40.643337 -10.220000 3.558222
v 40.608323 -10.112237 3.558222
v 40.516654 -10.045636 3.558222
v 40.403346 -10.045636 3.558222
v 40.311677 -10.112237 3.558222
v 40.276663 -10.220000 3.558222
v 40.311677 -10.327763 3.558222
v 40.403346 -10.394364 3.558222
v 40.516654 -10.394364 3.558222
v 40.608323 -10.327763 3.558222
v 40.460000 -10.220000 3.558222
v 40.834688 -10.220000 3.423317
v 40.763129 -9.999764 3.423317
v 40.575785 -9.863651 3.423317
v 40.344215 -9.863651 3.423317
v 40.156871 -9.999764 3.423317
v 40.085312 -10.220000 3.423317
v 40.156871 -10.440236 3.423317
v 40.344215 -10.576349 3.423317
v 40.575785 -10.576349 3.423317
v 40.763129 -10.440236 3.423317
v 41.066258 -10.220000 3.070132
v 40.950473 -9.863651 3.070132
v 40.647344 -9.643415 3.070132
v 40.272656 -9.643415 3.070132
v 39.969527 -9.863651 3.070132
v 39.853742 -10.220000 3.070132
v 39.969527 -10.576349 3.070132
v 40.272656 -10.796585 3.070132
v 40.647344 -10.796585 3.070132
v 40.950473 -10.576349 3.070132
v 41.066258 -10.220000 2.633570
v 40.950473 -9.863651 2.633570
v 40.647344 -9.643415 2.633570
v 40.272656 -9.643415 2.633570
v 39.969527 -9.863651 2.633570
v 39.853742 -10.220000 2.633570
v 39.969527 -10.576349 2.633570
v 40.272656 -10.796585 2.633570
v 40.647344 -10.796585 2.633570
v 40.950473 -10.576349 2.633570
v 40.834688 -10.220000 2.280384
v 40.763129 -9.999764 2.280384
v 40.575785 -9.863651 2.280384
v 40.344215 -9.863651 2.280384
v 40.156871 -9.999764 2.280384
v 40.085312 -10.220000 2.280384
v 40.156871 -10.440236 2.280384
v 40.344215 -10.576349 2.280384
v 40.575785 -10.576349 2.280384
v 40.763129 -10.440236 2.280384
v 40.460000 -10.220000 2.145479
v 50.410182 -4.620000 0.000000
v 50.381500 -4.531725 0.000000
v 50.306409 -4.477168 0.000000
v 50.213591 -4.477168 0.000000
v 50.138500 -4.531725 0.000000
v 50.109818 -4.620000 0.000000
v 50.138500 -4.708275 0.000000
v 50.213591 -4.762832 0.000000
v 50.306409 -4.762832 0.000000
v 50.381500 -4.708275 0.000000
v 50.410182 -4.620000 3.644115
v 50.381500 -4.531725 3.644115
v 50.306409 -4.477168 3.644115
v 50.213591 -4.477168 3.644115
v 50.138500 -4.531725 3.644115
v 50.109818 -4.620000 3.644115
v 50.138500 -4.708275 3.644115
v 50.213591 -4.762832 3.644115
v 50.306409 -4.762832 3.644115
v 50.381500 -4.708275 3.644115
v 50.260000 -4.620000 3.644115
v 50.612901 -4.620000 3.532440
v 50.545503 -4.412570 3.532440
v 50.369052 -4.284371 3.532440
v 50.150948 -4.284371 3.532440
v 49.974497 -4.412570 3.532440
v 49.907099 -4.620000 3.532440
v 49.974497 -4.827430 3.532440
v 50.150948 -4.955629 3.532440
v 50.369052 -4.955629 3.532440
v 50.545503 -4.827430 3.532440
v 50.831006 -4.620000 3.240071
v 50.721953 -4.284371 3.240071
v 50.436450 -4.076941 3.240071
v 50.083550 -4.076941 3.240071
v 49.798047 -4.284371 3.240071
v 49.688994 -4.620000 3.240071
v 49.798047 -4.955629 3.240071
v 50.083550 -5.163059 3.240071
v 50.436450 -5.163059 3.240071
v 50.721953 -4.955629 3.240071
v 50.831006 -4.620000 2.878684
v 50.721953 -4.284371 2.878684
v 50.436450 -4.076941 2.878684
v 50.083550 -4.076941 2.878684
v 49.798047 -4.284371 2.878684
v 49.688994 -4.620000 2.878684
v 49.798047 -4.955629 2.878684
v 50.083550 -5.163059 2.878684
v 50.436450 -5.163059 2.878684
v 50.721953 -4.955629 2.878684
v 50.612901 -4.620000 2.586315
v 50.545503 -4.412570 2.586315
v 50.369052 -4.284371 2.586315
v 50.150948 -4.284371 2.586315
v 49.974497 -4.412570 2.586315
v 49.907099 -4.620000 2.586315
v 49.974497 -4.827430 2.586315
v 50.150948 -4.955629 2.586315
v 50.369052 -4.955629 2.586315
v 50.545503 -4.827430 2.586315
v 50.260000 -4.620000 2.474640
v 17.655327 -3.500000 0.000000
v 17.625662 -3.408701 0.000000
v 17.547999 -3.352276 0.000000
v 17.452001 -3.352276 0.000000
v 17.374338 -3.408701 0.000000
v 17.344673 -3.500000 0.000000
v 17.374338 -3.591299 0.000000
v 17.452001 -3.647724 0.000000
v 17.547999 -3.647724 0.000000
v 17.625662 -3.591299 0.000000
v 17.655327 -3.500000 3.713564
v 17.625662 -3.408701 3.713564
v 17.547999 -3.352276 3.713564
v 17.452001 -3.352276 3.713564
v 17.374338 -3.408701 3.713564
v 17.344673 -3.500000 3.713564
v 17.374338 -3.591299 3.713564
v 17.452001 -3.647724 3.713564
v 17.547999 -3.647724 3.713564
v 17.625662 -3.591299 3.713564
v 17.500000 -3.500000 3.713564
v 17.955933 -3.500000 3.526193
v 17.868858 -3.232009 3.526193
v 17.640891 -3.066382 3.526193
v 17.359109 -3.066382 3.526193
v 17.131142 -3.232009 3.526193
v 17.044067 -3.500000 3.526193
v 17.131142 -3.767991 3.526193
v 17.359109 -3.933618 3.526193
v 17.640891 -3.933618 3.526193
v 17.868858 -3.767991 3.526193
v 18.237715 -3.500000 3.035649
v 18.096824 -3.066382 3.035649
v 17.727967 -2.798391 3.035649
v 17.272033 -2.798391 3.035649
v 16.903176 -3.066382 3.035649
v 16.762285 -3.500000 3.035649
v 16.903176 -3.933618 3.035649
v 17.272033 -4.201609 3.035649
v 17.727967 -4.201609 3.035649
v 18.096824 -3.933618 3.035649
v 18.237715 -3.500000 2.429304
v 18.096824 -3.066382 2.429304
v 17.727967 -2.798391 2.429304
v 17.272033 -2.798391 2.429304
v 16.903176 -3.066382 2.429304
v 16.762285 -3.500000 2.429304
v 16.903176 -3.933618 2.429304
v 17.272033 -4.201609 2.429304
v 17.727967 -4.201609 2.429304
v 18.096824 -3.933618 2.429304
v 17.955933 -3.500000 1.938760
v 17.868858 -3.232009 1.938760
v 17.640891 -3.066382 1.938760
v 17.359109 -3.066382 1.938760
v 17.131142 -3.232009 1.938760
v 17.044067 -3.500000 1.938760
v 17.131142 -3.767991 1.938760
v 17.359109 -3.933618 1.938760
v 17.640891 -3.933618 1.938760
v 17.868858 -3.767991 1.938760
v 17.500000 -3.500000 1.751389
v 8.680412 -5.460000 0.000000
v 8.653595 -5.377468 0.000000
v 8.583390 -5.326460 0.000000
v 8.496610 -5.326460 0.000000
v 8.426405 -5.377468 0.000000
v 8.399588 -5.460000 0.000000
v 8.426405 -5.542532 0.000000
v 8.496610 -5.593540 0.000000
v 8.583390 -5.593540 0.000000
v 8.653595 -5.542532 0.000000
v 8.680412 -5.460000 3.220000
v 8.653595 -5.377468 3.220000
v 8.583390 -5.326460 3.220000
v 8.496610 -5.326460 3.220000
v 8.426405 -5.377468 3.220000
v 8.399588 -5.460000 3.220000
v 8.426405 -5.542532 3.220000
v 8.496610 -5.593540 3.220000
v 8.583390 -5.593540 3.220000
v 8.653595 -5.542532 3.220000
v 8.540000 -5.460000 3.220000
v 8.940636 -5.460000 3.081092
v 8.864121 -5.224512 3.081092
v 8.663803 -5.078973 3.081092
v 8.416197 -5.078973 3.081092
v 8.215879 -5.224512 3.081092
v 8.139364 -5.460000 3.081092
v 8.215879 -5.695488 3.081092
v 8.416197 -5.841027 3.081092
v 8.663803 -5.841027 3.081092
v 8.864121 -5.695488 3.081092
v 9.188242 -5.460000 2.717428
v 9.064439 -5.078973 2.717428
v 8.740318 -4.843485 2.717428
v 8.339682 -4.843485 2.717428
v 8.015561 -5.078973 2.717428
v 7.891758 -5.460000 2.717428
v 8.015561 -5.841027 2.717428
v 8.339682 -6.076515 2.717428
v 8.740318 -6.076515 2.717428
v 9.064439 -5.841027 2.717428
v 9.188242 -5.460000 2.267913
v 9.064439 -5.078973 2.267913
v 8.740318 -4.843485 2.267913
v 8.339682 -4.843485 2.267913
v 8.015561 -5.078973 2.267913
v 7.891758 -5.460000 2.267913
v 8.015561 -5.841027 2.267913
v 8.339682 -6.076515 2.267913
v 8.740318 -6.076515 2.267913
v 9.064439 -5.841027 2.267913
v 8.940636 -5.460000 1.904248
v 8.864121 -5.224512 1.904248
v 8.663803 -5.078973 1.904248
v 8.416197 -5.078973 1.904248
v 8.215879 -5.224512 1.904248
v 8.139364 -5.460000 1.904248
v 8.215879 -5.695488 1.904248
v 8.416197 -5.841027 1.904248
v 8.663803 -5.841027 1.904248
v 8.864121 -5.695488 1.904248
v 8.540000 -5.460000 1.765341
v 12.658717 -5.180000 0.000000
v 12.620766 -5.063197 0.000000
v 12.521407 -4.991009 0.000000
v 12.398593 -4.991009 0.000000
v 12.299234 -5.063197 0.000000
v 12.261283 -5.180000 0.000000
v 12.299234 -5.296803 0.000000
v 12.398593 -5.368991 0.000000
v 12.521407 -5.368991 0.000000
v 12.620766 -5.296803 0.000000
v 12.658717 -5.180000 3.395734
v 12.620766 -5.063197 3.395734
v 12.521407 -4.991009 3.395734
v 12.398593 -4.991009 3.395734
v 12.299234 -5.063197 3.395734
v 12.261283 -5.180000 3.395734
v 12.299234 -5.296803 3.395734
v 12.398593 -5.368991 3.395734
v 12.521407 -5.368991 3.395734
v 12.620766 -5.296803 3.395734
v 12.460000 -5.180000 3.395734
v 12.832963 -5.180000 3.247946
v 12.761733 -4.960778 3.247946
v 12.575252 -4.825292 3.247946
v 12.344748 -4.825292 3.247946
v 12.158267 -4.960778 3.247946
v 12.087037 -5.180000 3.247946
v 12.158267 -5.399222 3.247946
v 12.344748 -5.534708 3.247946
v 12.575252 -5.534708 3.247946
v 12.761733 -5.399222 3.247946
v 13.063466 -5.180000 2.861032
v 12.948214 -4.825292 2.861032
v 12.646481 -4.606070 2.861032
v 12.273519 -4.606070 2.861032
v 11.971786 -4.825292 2.861032
v 11.856534 -5.180000 2.861032
v 11.971786 -5.534708 2.861032
v 12.273519 -5.753930 2.861032
v 12.646481 -5.753930 2.861032
v 12.948214 -5.534708 2.861032
v 13.063466 -5.180000 2.382779
v 12.948214 -4.825292 2.382779
v 12.646481 -4.606070 2.382779
v 12.273519 -4.606070 2.382779
v 11.971786 -4.825292 2.382779
v 11.856534 -5.180000 2.382779
v 11.971786 -5.534708 2.382779
v 12.273519 -5.753930 2.382779
v 12.646481 -5.753930 2.382779
v 12.948214 -5.534708 2.382779
v 12.832963 -5.180000 1.995865
v 12.761733 -4.960778 1.995865
v 12.575252 -4.825292 1.995865
v 12.344748 -4.825292 1.995865
v 12.158267 -4.960778 1.995865
v 12.087037 -5.180000 1.995865
v 12.158267 -5.399222 1.995865
v 12.344748 -5.534708 1.995865
v 12.575252 -5.534708 1.995865
v 12.761733 -5.399222 1.995865
v 12.460000 -5.180000 1.848077
v 29.999420 -3.780000 0.000000
v 29.965154 -3.674539 0.000000
v 29.875444 -3.609361 0.000000
v 29.764556 -3.609361 0.000000
v 29.674846 -3.674539 0.000000
v 29.640580 -3.780000 0.000000
v 29.674846 -3.885461 0.000000
v 29.764556 -3.950639 0.000000
v 29.875444 -3.950639 0.000000
v 29.965154 -3.885461 0.000000
v 29.999420 -3.780000 3.395509
v 29.965154 -3.674539 3.395509
v 29.875444 -3.609361 3.395509
v 29.764556 -3.609361 3.395509
v 29.674846 -3.674539 3.395509
v 29.640580 -3.780000 3.395509
v 29.674846 -3.885461 3.395509
v 29.764556 -3.950639 3.395509
v 29.875444 -3.950639 3.395509
v 29.965154 -3.885461 3.395509
v 29.820000 -3.780000 3.395509
v 30.216398 -3.780000 3.235395
v 30.140693 -3.547003 3.235395
v 29.942494 -3.403003 3.235395
v 29.697506 -3.403003 3.235395
v 29.499307 -3.547003 3.235395
v 29.423602 -3.780000 3.235395
v 29.499307 -4.012997 3.235395
v 29.697506 -4.156997 3.235395
v 29.942494 -4.156997 3.235395
v 30.140693 -4.012997 3.235395
v 30.461385 -3.780000 2.816213
v 30.338892 -3.403003 2.816213
v 30.018199 -3.170006 2.816213
v 29.621801 -3.170006 2.816213
v 29.301108 -3.403003 2.816213
v 29.178615 -3.780000 2.816213
v 29.301108 -4.156997 2.816213
v 29.621801 -4.389994 2.816213
v 30.018199 -4.389994 2.816213
v 30.338892 -4.156997 2.816213
v 30.461385 -3.780000 2.298076
v 30.338892 -3.403003 2.298076
v 30.018199 -3.170006 2.298076
v 29.621801 -3.170006 2.298076
v 29.301108 -3.403003 2.298076
v 29.178615 -3.780000 2.298076
v 29.301108 -4.156997 2.298076
v 29.621801 -4.389994 2.298076
v 30.018199 -4.389994 2.298076
v 30.338892 -4.156997 2.298076
v 30.216398 -3.780000 1.878894
v 30.140693 -3.547003 1.878894
v 29.942494 -3.403003 1.878894
v 29.697506 -3.403003 1.878894
v 29.499307 -3.547003 1.878894
v 29.423602 -3.780000 1.878894
v 29.499307 -4.012997 1.878894
v 29.697506 -4.156997 1.878894
v 29.942494 -4.156997 1.878894
v 30.140693 -4.012997 1.878894
v 29.820000 -3.780000 1.718781
v 43.981359 -4.340000 0.000000
v 43.950543 -4.245155 0.000000
v 43.869863 -4.186538 0.000000
v 43.770137 -4.186538 0.000000
v 43.689457 -4.245155 0.000000
v 43.658641 -4.340000 0.000000
v 43.689457 -4.434845 0.000000
v 43.770137 -4.493462 0.000000
v 43.869863 -4.493462 0.000000
v 43.950543 -4.434845 0.000000
v 43.981359 -4.340000 3.220000
v 43.950543 -4.245155 3.220000
v 43.869863 -4.186538 3.220000
v 43.770137 -4.186538 3.220000
v 43.689457 -4.245155 3.220000
v 43.658641 -4.340000 3.220000
v 43.689457 -4.434845 3.220000
v 43.770137 -4.493462 3.220000
v 43.869863 -4.493462 3.220000
v 43.950543 -4.434845 3.220000
v 43.820000 -4.340000 3.220000
v 44.221206 -4.340000 3.080665
v 44.144583 -4.104177 3.080665
v 43.943980 -3.958430 3.080665
v 43.696020 -3.958430 3.080665
v 43.495417 -4.104177 3.080665
v 43.418794 -4.340000 3.080665
v 43.495417 -4.575823 3.080665
v 43.696020 -4.721570 3.080665
v 43.943980 -4.721570 3.080665
v 44.144583 -4.575823 3.080665
v 44.469165 -4.340000 2.715881
v 44.345186 -3.958430 2.715881
v 44.020603 -3.722607 2.715881
v 43.619397 -3.722607 2.715881
v 43.294814 -3.958430 2.715881
v 43.170835 -4.340000 2.715881
v 43.294814 -4.721570 2.715881
v 43.619397 -4.957393 2.715881
v 44.020603 -4.957393 2.715881
v 44.345186 -4.721570 2.715881
v 44.469165 -4.340000 2.264983
v 44.345186 -3.958430 2.264983
v 44.020603 -3.722607 2.264983
v 43.619397 -3.722607 2.264983
v 43.294814 -3.958430 2.264983
v 43.170835 -4.340000 2.264983
v 43.294814 -4.721570 2.264983
v 43.619397 -4.957393 2.264983
v 44.020603 -4.957393 2.264983
v 44.345186 -4.721570 2.264983
v 44.221206 -4.340000 1.900199
v 44.144583 -4.104177 1.900199
v 43.943980 -3.958430 1.900199
v 43.696020 -3.958430 1.900199
v 43.495417 -4.104177 1.900199
v 43.418794 -4.340000 1.900199
v 43.495417 -4.575823 1.900199
v 43.696020 -4.721570 1.900199
v 43.943980 -4.721570 1.900199
v 44.144583 -4.575823 1.900199
v 43.820000 -4.340000 1.760864
v 42.560341 -10.220000 0.000000
v 42.533538 -10.137510 0.000000
v 42.463368 -10.086528 0.000000
v 42.376632 -10.086528 0.000000
v 42.306462 -10.137510 0.000000
v 42.279659 -10.220000 0.000000
v 42.306462 -10.302490 0.000000
v 42.376632 -10.353472 0.000000
v 42.463368 -10.353472 0.000000
v 42.533538 -10.302490 0.000000
v 42.560341 -10.220000 3.220000
v 42.533538 -10.137510 3.220000
v 42.463368 -10.086528 3.220000
v 42.376632 -10.086528 3.220000
v 42.306462 -10.137510 3.220000
v 42.279659 -10.220000 3.220000
v 42.306462 -10.302490 3.220000
v 42.376632 -10.353472 3.220000
v 42.463368 -10.353472 3.220000
v 42.533538 -10.302490 3.220000
v 42.420000 -10.220000 3.220000
v 42.803585 -10.220000 3.092082
v 42.730327 -9.994534 3.092082
v 42.538534 -9.855189 3.092082
v 42.301466 -9.855189 3.092082
v 42.109673 -9.994534 3.092082
v 42.036415 -10.220000 3.092082
v 42.109673 -10.445466 3.092082
v 42.301466 -10.584811 3.092082
v 42.538534 -10.584811 3.092082
v 42.730327 -10.445466 3.092082
v 43.040654 -10.220000 2.757189
v 42.922120 -9.855189 2.757189
v 42.611793 -9.629723 2.757189
v 42.228207 -9.629723 2.757189
v 41.917880 -9.855189 2.757189
v 41.799346 -10.220000 2.757189
v 41.917880 -10.584811 2.757189
v 42.228207 -10.810277 2.757189
v 42.611793 -10.810277 2.757189
v 42.922120 -10.584811 2.757189
v 43.040654 -10.220000 2.343239
v 42.922120 -9.855189 2.343239
v 42.611793 -9.629723 2.343239
v 42.228207 -9.629723 2.343239
v 41.917880 -9.855189 2.343239
v 41.799346 -10.220000 2.343239
v 41.917880 -10.584811 2.343239
v 42.228207 -10.810277 2.343239
v 42.611793 -10.810277 2.343239
v 42.922120 -10.584811 2.343239
v 42.803585 -10.220000 2.008346
v 42.730327 -9.994534 2.008346
v 42.538534 -9.855189 2.008346
v 42.301466 -9.855189 2.008346
v 42.109673 -9.994534 2.008346
v 42.036415 -10.220000 2.008346
v 42.109673 -10.445466 2.008346
v 42.301466 -10.584811 2.008346
v 42.538534 -10.584811 2.008346
v 42.730327 -10.445466 2.008346
v 42.420000 -10.220000 1.880428
v 60.209800 -8.820000 0.000000
v 60.181191 -8.731950 0.000000
v 60.106291 -8.677532 0.000000
v 60.013709 -8.677532 0.000000
v 59.938809 -8.731950 0.000000
v 59.910200 -8.820000 0.000000
v 59.938809 -8.908050 0.000000
v 60.013709 -8.962468 0.000000
v 60.106291 -8.962468 0.000000
v 60.181191 -8.908050 0.000000
v 60.209800 -8.820000 3.628592
v 60.181191 -8.731950 3.628592
v 60.106291 -8.677532 3.628592
v 60.013709 -8.677532 3.628592
v 59.938809 -8.731950 3.628592
v 59.910200 -8.820000 3.628592
v 59.938809 -8.908050 3.628592
v 60.013709 -8.962468 3.628592
v 60.106291 -8.962468 3.628592
v 60.181191 -8.908050 3.628592
v 60.060000 -8.820000 3.628592
v 60.528155 -8.820000 3.466352
v 60.438745 -8.544826 3.466352
v 60.204668 -8.374758 3.466352
v 59.915332 -8.374758 3.466352
v 59.681255 -8.544826 3.466352
v 59.591845 -8.820000 3.466352
v 59.681255 -9.095174 3.466352
v 59.915332 -9.265242 3.466352
v 60.204668 -9.265242 3.466352
v 60.438745 -9.095174 3.466352
v 60.817490 -8.820000 3.041601
v 60.672823 -8.374758 3.041601
v 60.294077 -8.099584 3.041601
v 59.825923 -8.099584 3.041601
v 59.447177 -8.374758 3.041601
v 59.302510 -8.820000 3.041601
v 59.447177 -9.265242 3.041601
v 59.825923 -9.540416 3.041601
v 60.294077 -9.540416 3.041601
v 60.672823 -9.265242 3.041601
v 60.817490 -8.820000 2.516581
v 60.672823 -8.374758 2.516581
v 60.294077 -8.099584 2.516581
v 59.825923 -8.099584 2.516581
v 59.447177 -8.374758 2.516581
v 59.302510 -8.820000 2.516581
v 59.447177 -9.265242 2.516581
v 59.825923 -9.540416 2.516581
v 60.294077 -9.540416 2.516581
v 60.672823 -9.265242 2.516581
v 60.528155 -8.820000 2.091830
v 60.438745 -8.544826 2.091830
v 60.204668 -8.374758 2.091830
v 59.915332 -8.374758 2.091830
v 59.681255 -8.544826 2.091830
v 59.591845 -8.820000 2.091830
v 59.681255 -9.095174 2.091830
v 59.915332 -9.265242 2.091830
v 60.204668 -9.265242 2.091830
v 60.438745 -9.095174 2.091830
v 60.060000 -8.820000 1.929589
v 7.877002 -10.780000 0.000000
v 7.843197 -10.675961 0.000000
v 7.754697 -10.611661 0.000000
v 7.645303 -10.611661 0.000000
v 7.556803 -10.675961 0.000000
v 7.522998 -10.780000 0.000000
v 7.556803 -10.884039 0.000000
v 7.645303 -10.948339 0.000000
v 7.754697 -10.948339 0.000000
v 7.843197 -10.884039 0.000000
v 7.877002 -10.780000 3.390732
v 7.843197 -10.675961 3.390732
v 7.754697 -10.611661 3.390732
v 7.645303 -10.611661 3.390732
v 7.556803 -10.675961 3.390732
v 7.522998 -10.780000 3.390732
v 7.556803 -10.884039 3.390732
v 7.645303 -10.948339 3.390732
v 7.754697 -10.948339 3.390732
v 7.843197 -10.884039 3.390732
v 7.700000 -10.780000 3.390732
v 8.112946 -10.780000 3.256106
v 8.034081 -10.537276 3.256106
v 7.827607 -10.387265 3.256106
v 7.572393 -10.387265 3.256106
v 7.365919 -10.537276 3.256106
v 7.287054 -10.780000 3.256106
v 7.365919 -11.022724 3.256106
v 7.572393 -11.172735 3.256106
v 7.827607 -11.172735 3.256106
v 8.034081 -11.022724 3.256106
v 8.368161 -10.780000 2.903648
v 8.240554 -10.387265 2.903648
v 7.906473 -10.144541 2.903648
v 7.493527 -10.144541 2.903648
v 7.159446 -10.387265 2.903648
v 7.031839 -10.780000 2.903648
v 7.159446 -11.172735 2.903648
v 7.493527 -11.415459 2.903648
v 7.906473 -11.415459 2.903648
v 8.240554 -11.172735 2.903648
v 8.368161 -10.780000 2.467987
v 8.240554 -10.387265 2.467987
v 7.906473 -10.144541 2.467987
v 7.493527 -10.144541 2.467987
v 7.159446 -10.387265 2.467987
v 7.031839 -10.780000 2.467987
v 7.159446 -11.172735 2.467987
v 7.493527 -11.415459 2.467987
v 7.906473 -11.415459 2.467987
v 8.240554 -11.172735 2.467987
v 8.112946 -10.780000 2.115529
v 8.034081 -10.537276 2.115529
v 7.827607 -10.387265 2.115529
v 7.572393 -10.387265 2.115529
v 7.365919 -10.537276 2.115529
v 7.287054 -10.780000 2.115529
v 7.365919 -11.022724 2.115529
v 7.572393 -11.172735 2.115529
v 7.827607 -11.172735 2.115529
v 8.034081 -11.022724 2.115529
v 7.700000 -10.780000 1.980903
v 3.666794 -6.860000 0.000000
v 3.634939 -6.761961 0.000000
v 3.551542 -6.701369 0.000000
v 3.448458 -6.701369 0.000000
v 3.365061 -6.761961 0.000000
v 3.333206 -6.860000 0.000000
v 3.365061 -6.958039 0.000000
v 3.448458 -7.018631 0.000000
v 3.551542 -7.018631 0.000000
v 3.634939 -6.958039 0.000000
v 3.666794 -6.860000 3.825405
v 3.634939 -6.761961 3.825405
v 3.551542 -6.701369 3.825405
v 3.448458 -6.701369 3.825405
v 3.365061 -6.761961 3.825405
v 3.333206 -6.860000 3.825405
v 3.365061 -6.958039 3.825405
v 3.448458 -7.018631 3.825405
v 3.551542 -7.018631 3.825405
v 3.634939 -6.958039 3.825405
v 3.500000 -6.860000 3.825405
v 3.850324 -6.860000 3.696409
v 3.783418 -6.654085 3.696409
v 3.608256 -6.526822 3.696409
v 3.391744 -6.526822 3.696409
v 3.216582 -6.654085 3.696409
v 3.149676 -6.860000 3.696409
v 3.216582 -7.065915 3.696409
v 3.391744 -7.193178 3.696409
v 3.608256 -7.193178 3.696409
v 3.783418 -7.065915 3.696409
v 4.066836 -6.860000 3.358691
v 3.958580 -6.526822 3.358691
v 3.675162 -6.320907 3.358691
v 3.324838 -6.320907 3.358691
v 3.041420 -6.526822 3.358691
v 2.933164 -6.860000 3.358691
v 3.041420 -7.193178 3.358691
v 3.324838 -7.399093 3.358691
v 3.675162 -7.399093 3.358691
v 3.958580 -7.193178 3.358691
v 4.066836 -6.860000 2.941249
v 3.958580 -6.526822 2.941249
v 3.675162 -6.320907 2.941249
v 3.324838 -6.320907 2.941249
v 3.041420 -6.526822 2.941249
v 2.933164 -6.860000 2.941249
v 3.041420 -7.193178 2.941249
v 3.324838 -7.399093 2.941249
v 3.675162 -7.399093 2.941249
v 3.958580 -7.193178 2.941249
v 3.850324 -6.860000 2.603532
v 3.783418 -6.654085 2.603532
v 3.608256 -6.526822 2.603532
v 3.391744 -6.526822 2.603532
v 3.216582 -6.654085 2.603532
v 3.149676 -6.860000 2.603532
v 3.216582 -7.065915 2.603532
v 3.391744 -7.193178 2.603532
v 3.608256 -7.193178 2.603532
v 3.783418 -7.065915 2.603532
v 3.500000 -6.860000 2.474535
v 9.832048 -3.220000 0.000000
v 9.799190 -3.118873 0.000000
v 9.713166 -3.056373 0.000000
v 9.606834 -3.056373 0.000000
v 9.520810 -3.118873 0.000000
v 9.487952 -3.220000 0.000000
v 9.520810 -3.321127 0.000000
v 9.606834 -3.383627 0.000000
v 9.713166 -3.383627 0.000000
v 9.799190 -3.321127 0.000000
v 9.832048 -3.220000 3.803999
v 9.799190 -3.118873 3.803999
v 9.713166 -3.056373 3.803999
v 9.606834 -3.056373 3.803999
v 9.520810 -3.118873 3.803999
v 9.487952 -3.220000 3.803999
v 9.520810 -3.321127 3.803999
v 9.606834 -3.383627 3.803999
v 9.713166 -3.383627 3.803999
v 9.799190 -3.321127 3.803999
v 9.660000 -3.220000 3.803999
v 10.119397 -3.220000 3.625693
v 10.031660 -2.949973 3.625693
v 9.801961 -2.783087 3.625693
v 9.518039 -2.783087 3.625693
v 9.288340 -2.949973 3.625693
v 9.200603 -3.220000 3.625693
v 9.288340 -3.490027 3.625693
v 9.518039 -3.656913 3.625693
v 9.801961 -3.656913 3.625693
v 10.031660 -3.490027 3.625693
v 10.403320 -3.220000 3.158881
v 10.261358 -2.783087 3.158881
v 9.889699 -2.513061 3.158881
v 9.430301 -2.513061 3.158881
v 9.058642 -2.783087 3.158881
v 8.916680 -3.220000 3.158881
v 9.058642 -3.656913 3.158881
v 9.430301 -3.926939 3.158881
v 9.889699 -3.926939 3.158881
v 10.261358 -3.656913 3.158881
v 10.403320 -3.220000 2.581869
v 10.261358 -2.783087 2.581869
v 9.889699 -2.513061 2.581869
v 9.430301 -2.513061 2.581869
v 9.058642 -2.783087 2.581869
v 8.916680 -3.220000 2.581869
v 9.058642 -3.656913 2.581869
v 9.430301 -3.926939 2.581869
v 9.889699 -3.926939 2.581869
v 10.261358 -3.656913 2.581869
v 10.119397 -3.220000 2.115056
v 10.031660 -2.949973 2.115056
v 9.801961 -2.783087 2.115056
v 9.518039 -2.783087 2.115056
v 9.288340 -2.949973 2.115056
v 9.200603 -3.220000 2.115056
v 9.288340 -3.490027 2.115056
v 9.518039 -3.656913 2.115056
v 9.801961 -3.656913 2.115056
v 10.031660 -3.490027 2.115056
v 9.660000 -3.220000 1.936750
v 6.730101 -0.700000 0.000000
v 6.701434 -0.611773 0.000000
v 6.626384 -0.557245 0.000000
v 6.533616 -0.557245 0.000000
v 6.458566 -0.611773 0.000000
v 6.429899 -0.700000 0.000000
v 6.458566 -0.788227 0.000000
v 6.533616 -0.842755 0.000000
v 6.626384 -0.842755 0.000000
v 6.701434 -0.788227 0.000000
v 6.730101 -0.700000 3.772327
v 6.701434 -0.611773 3.772327
v 6.626384 -0.557245 3.772327
v 6.533616 -0.557245 3.772327
v 6.458566 -0.611773 3.772327
v 6.429899 -0.700000 3.772327
v 6.458566 -0.788227 3.772327
v 6.533616 -0.842755 3.772327
v 6.626384 -0.842755 3.772327
v 6.701434 -0.788227 3.772327
v 6.580000 -0.700000 3.772327
v 6.946518 -0.700000 3.642953
v 6.876519 -0.484566 3.642953
v 6.693260 -0.351421 3.642953
v 6.466740 -0.351421 3.642953
v 6.283481 -0.484566 3.642953
v 6.213482 -0.700000 3.642953
v 6.283481 -0.915434 3.642953
v 6.466740 -1.048579 3.642953
v 6.693260 -1.048579 3.642953
v 6.876519 -0.915434 3.642953
v 7.173038 -0.700000 3.304248
v 7.059778 -0.351421 3.304248
v 6.763259 -0.135987 3.304248
v 6.396741 -0.135987 3.304248
v 6.100222 -0.351421 3.304248
v 5.986962 -0.700000 3.304248
v 6.100222 -1.048579 3.304248
v 6.396741 -1.264013 3.304248
v 6.763259 -1.264013 3.304248
v 7.059778 -1.048579 3.304248
v 7.173038 -0.700000 2.885585
v 7.059778 -0.351421 2.885585
v 6.763259 -0.135987 2.885585
v 6.396741 -0.135987 2.885585
v 6.100222 -0.351421 2.885585
v 5.986962 -0.700000 2.885585
v 6.100222 -1.048579 2.885585
v 6.396741 -1.264013 2.885585
v 6.763259 -1.264013 2.885585
v 7.059778 -1.048579 2.885585
v 6.946518 -0.700000 2.546880
v 6.876519 -0.484566 2.546880
v 6.693260 -0.351421 2.546880
v 6.466740 -0.351421 2.546880
v 6.283481 -0.484566 2.546880
v 6.213482 -0.700000 2.546880
v 6.283481 -0.915434 2.546880
v 6.466740 -1.048579 2.546880
v 6.693260 -1.048579 2.546880
v 6.876519 -0.915434 2.546880
v 6.580000 -0.700000 2.417506
v 1.695811 -10.780000 0.000000
v 1.666054 -10.688417 0.000000
v 1.588148 -10.631815 0.000000
v 1.491852 -10.631815 0.000000
v 1.413946 -10.688417 0.000000
v 1.384189 -10.780000 0.000000
v 1.413946 -10.871583 0.000000
v 1.491852 -10.928185 0.000000
v 1.588148 -10.928185 0.000000
v 1.666054 -10.871583 0.000000
v 1.695811 -10.780000 3.336115
v 1.666054 -10.688417 3.336115
v 1.588148 -10.631815 3.336115
v 1.491852 -10.631815 3.336115
v 1.413946 -10.688417 3.336115
v 1.384189 -10.780000 3.336115
v 1.413946 -10.871583 3.336115
v 1.491852 -10.928185 3.336115
v 1.588148 -10.928185 3.336115
v 1.666054 -10.871583 3.336115
v 1.540000 -10.780000 3.336115
v 1.916056 -10.780000 3.182478
v 1.844236 -10.558960 3.182478
v 1.656208 -10.422349 3.182478
v 1.423792 -10.422349 3.182478
v 1.235764 -10.558960 3.182478
v 1.163944 -10.780000 3.182478
v 1.235764 -11.001040 3.182478
v 1.423792 -11.137651 3.182478
v 1.656208 -11.137651 3.182478
v 1.844236 -11.001040 3.182478
v 2.148472 -10.780000 2.780250
v 2.032264 -10.422349 2.780250
v 1.728028 -10.201309 2.780250
v 1.351972 -10.201309 2.780250
v 1.047736 -10.422349 2.780250
v 0.931528 -10.780000 2.780250
v 1.047736 -11.137651 2.780250
v 1.351972 -11.358691 2.780250
v 1.728028 -11.358691 2.780250
v 2.032264 -11.137651 2.780250
v 2.148472 -10.780000 2.283068
v 2.032264 -10.422349 2.283068
v 1.728028 -10.201309 2.283068
v 1.351972 -10.201309 2.283068
v 1.047736 -10.422349 2.283068
v 0.931528 -10.780000 2.283068
v 1.047736 -11.137651 2.283068
v 1.351972 -11.358691 2.283068
v 1.728028 -11.358691 2.283068
v 2.032264 -11.137651 2.283068
v 1.916056 -10.780000 1.880840
v 1.844236 -10.558960 1.880840
v 1.656208 -10.422349 1.880840
v 1.423792 -10.422349 1.880840
v 1.235764 -10.558960 1.880840
v 1.163944 -10.780000 1.880840
v 1.235764 -11.001040 1.880840
v 1.423792 -11.137651 1.880840
v 1.656208 -11.137651 1.880840
v 1.844236 -11.001040 1.880840
v 1.540000 -10.780000 1.727202
v 36.721906 -9.940000 0.000000
v 36.687165 -9.833079 0.000000
v 36.596212 -9.766997 0.000000
v 36.483788 -9.766997 0.000000
v 36.392835 -9.833079 0.000000
v 36.358094 -9.940000 0.000000
v 36.392835 -10.046921 0.000000
v 36.483788 -10.113003 0.000000
v 36.596212 -10.113003 0.000000
v 36.687165 -10.046921 0.000000
v 36.721906 -9.940000 3.350303
v 36.687165 -9.833079 3.350303
v 36.596212 -9.766997 3.350303
v 36.483788 -9.766997 3.350303
v 36.392835 -9.833079 3.350303
v 36.358094 -9.940000 3.350303
v 36.392835 -10.046921 3.350303
v 36.483788 -10.113003 3.350303
v 36.596212 -10.113003 3.350303
v 36.687165 -10.046921 3.350303
v 36.540000 -9.940000 3.350303
v 36.961168 -9.940000 3.193772
v 36.880732 -9.692444 3.193772
v 36.670148 -9.539445 3.193772
v 36.409852 -9.539445 3.193772
v 36.199268 -9.692444 3.193772
v 36.118832 -9.940000 3.193772
v 36.199268 -10.187556 3.193772
v 36.409852 -10.340555 3.193772
v 36.670148 -10.340555 3.193772
v 36.880732 -10.187556 3.193772
v 37.221464 -9.940000 2.783970
v 37.091316 -9.539445 2.783970
v 36.750584 -9.291889 2.783970
v 36.329416 -9.291889 2.783970
v 35.988684 -9.539445 2.783970
v 35.858536 -9.940000 2.783970
v 35.988684 -10.340555 2.783970
v 36.329416 -10.588111 2.783970
v 36.750584 -10.588111 2.783970
v 37.091316 -10.340555 2.783970
v 37.221464 -9.940000 2.277427
v 37.091316 -9.539445 2.277427
v 36.750584 -9.291889 2.277427
v 36.329416 -9.291889 2.277427
v 35.988684 -9.539445 2.277427
v 35.858536 -9.940000 2.277427
v 35.988684 -10.340555 2.277427
v 36.329416 -10.588111 2.277427
v 36.750584 -10.588111 2.277427
v 37.091316 -10.340555 2.277427
v 36.961168 -9.940000 1.867625
v 36.880732 -9.692444 1.867625
v 36.670148 -9.539445 1.867625
v 36.409852 -9.539445 1.867625
v 36.199268 -9.692444 1.867625
v 36.118832 -9.940000 1.867625
v 36.199268 -10.187556 1.867625
v 36.409852 -10.340555 1.867625
v 36.670148 -10.340555 1.867625
v 36.880732 -10.187556 1.867625
v 36.540000 -9.940000 1.711095
v 30.822960 -5.740000 0.000000
v 30.791837 -5.644215 0.000000
v 30.710357 -5.585016 0.000000
v 30.609643 -5.585016 0.000000
v 30.528163 -5.644215 0.000000
v 30.497040 -5.740000 0.000000
v 30.528163 -5.835785 0.000000
v 30.609643 -5.894984 0.000000
v 30.710357 -5.894984 0.000000
v 30.791837 -5.835785 0.000000
v 30.822960 -5.740000 3.327601
v 30.791837 -5.644215 3.327601
v 30.710357 -5.585016 3.327601
v 30.609643 -5.585016 3.327601
v 30.528163 -5.644215 3.327601
v 30.497040 -5.740000 3.327601
v 30.528163 -5.835785 3.327601
v 30.609643 -5.894984 3.327601
v 30.710357 -5.894984 3.327601
v 30.791837 -5.835785 3.327601
v 30.660000 -5.740000 3.327601
v 30.981165 -5.740000 3.227335
v 30.919828 -5.551224 3.227335
v 30.759246 -5.434554 3.227335
v 30.560754 -5.434554 3.227335
v 30.400172 -5.551224 3.227335
v 30.338835 -5.740000 3.227335
v 30.400172 -5.928776 3.227335
v 30.560754 -6.045446 3.227335
v 30.759246 -6.045446 3.227335
v 30.919828 -5.928776 3.227335
v 31.179657 -5.740000 2.964835
v 31.080411 -5.434554 2.964835
v 30.820583 -5.245777 2.964835
v 30.499417 -5.245777 2.964835
v 30.239589 -5.434554 2.964835
v 30.140343 -5.740000 2.964835
v 30.239589 -6.045446 2.964835
v 30.499417 -6.234223 2.964835
v 30.820583 -6.234223 2.964835
v 31.080411 -6.045446 2.964835
v 31.179657 -5.740000 2.640367
v 31.080411 -5.434554 2.640367
v 30.820583 -5.245777 2.640367
v 30.499417 -5.245777 2.640367
v 30.239589 -5.434554 2.640367
v 30.140343 -5.740000 2.640367
v 30.239589 -6.045446 2.640367
v 30.499417 -6.234223 2.640367
v 30.820583 -6.234223 2.640367
v 31.080411 -6.045446 2.640367
v 30.981165 -5.740000 2.377867
v 30.919828 -5.551224 2.377867
v 30.759246 -5.434554 2.377867
v 30.560754 -5.434554 2.377867
v 30.400172 -5.551224 2.377867
v 30.338835 -5.740000 2.377867
v 30.400172 -5.928776 2.377867
v 30.560754 -6.045446 2.377867
v 30.759246 -6.045446 2.377867
v 30.919828 -5.928776 2.377867
v 30.660000 -5.740000 2.277601
v 45.094159 -6.300000 0.000000
v 45.064717 -6.209388 0.000000
v 44.987638 -6.153386 0.000000
v 44.892362 -6.153386 0.000000
v 44.815283 -6.209388 0.000000
v 44.785841 -6.300000 0.000000
v 44.815283 -6.390612 0.000000
v 44.892362 -6.446614 0.000000
v 44.987638 -6.446614 0.000000
v 45.064717 -6.390612 0.000000
v 45.094159 -6.300000 3.248718
v 45.064717 -6.209388 3.248718
v 44.987638 -6.153386 3.248718
v 44.892362 -6.153386 3.248718
v 44.815283 -6.209388 3.248718
v 44.785841 -6.300000 3.248718
v 44.815283 -6.390612 3.248718
v 44.892362 -6.446614 3.248718
v 44.987638 -6.446614 3.248718
v 45.064717 -6.390612 3.248718
v 44.940000 -6.300000 3.248718
v 45.261101 -6.300000 3.144772
v 45.199776 -6.111262 3.144772
v 45.039226 -5.994615 3.144772
v 44.840774 -5.994615 3.144772
v 44.680224 -6.111262 3.144772
v 44.618899 -6.300000 3.144772
v 44.680224 -6.488738 3.144772
v 44.840774 -6.605385 3.144772
v 45.039226 -6.605385 3.144772
v 45.199776 -6.488738 3.144772
v 45.459552 -6.300000 2.872636
v 45.360326 -5.994615 2.872636
v 45.100550 -5.805877 2.872636
v 44.779450 -5.805877 2.872636
v 44.519674 -5.994615 2.872636
v 44.420448 -6.300000 2.872636
v 44.519674 -6.605385 2.872636
v 44.779450 -6.794123 2.872636
v 45.100550 -6.794123 2.872636
v 45.360326 -6.605385 2.872636
v 45.459552 -6.300000 2.536259
v 45.360326 -5.994615 2.536259
v 45.100550 -5.805877 2.536259
v 44.779450 -5.805877 2.536259
v 44.519674 -5.994615 2.536259
v 44.420448 -6.300000 2.536259
v 44.519674 -6.605385 2.536259
v 44.779450 -6.794123 2.536259
v 45.100550 -6.794123 2.536259
v 45.360326 -6.605385 2.536259
v 45.261101 -6.300000 2.264124
v 45.199776 -6.111262 2.264124
v 45.039226 -5.994615 2.264124
v 44.840774 -5.994615 2.264124
v 44.680224 -6.111262 2.264124
v 44.618899 -6.300000 2.264124
v 44.680224 -6.488738 2.264124
v 44.840774 -6.605385 2.264124
v 45.039226 -6.605385 2.264124
v 45.199776 -6.488738 2.264124
v 44.940000 -6.300000 2.160177
v 0.840906 -8.820000 0.000000
v 0.813996 -8.737177 0.000000
v 0.743542 -8.685990 0.000000
v 0.656458 -8.685990 0.000000
v 0.586004 -8.737177 0.000000
v 0.559094 -8.820000 0.000000
v 0.586004 -8.902823 0.000000
v 0.656458 -8.954010 0.000000
v 0.743542 -8.954010 0.000000
v 0.813996 -8.902823 0.000000
v 0.840906 -8.820000 3.283877
v 0.813996 -8.737177 3.283877
v 0.743542 -8.685990 3.283877
v 0.656458 -8.685990 3.283877
v 0.586004 -8.737177 3.283877
v 0.559094 -8.820000 3.283877
v 0.586004 -8.902823 3.283877
v 0.656458 -8.954010 3.283877
v 0.743542 -8.954010 3.283877
v 0.813996 -8.902823 3.283877
v 0.700000 -8.820000 3.283877
v 1.086934 -8.820000 3.148954
v 1.013036 -8.592566 3.148954
v 0.819569 -8.452004 3.148954
v 0.580431 -8.452004 3.148954
v 0.386964 -8.592566 3.148954
v 0.313066 -8.820000 3.148954
v 0.386964 -9.047434 3.148954
v 0.580431 -9.187996 3.148954
v 0.819569 -9.187996 3.148954
v 1.013036 -9.047434 3.148954
v 1.326072 -8.820000 2.795718
v 1.206503 -8.452004 2.795718
v 0.893467 -8.224570 2.795718
v 0.506533 -8.224570 2.795718
v 0.193497 -8.452004 2.795718
v 0.073928 -8.820000 2.795718
v 0.193497 -9.187996 2.795718
v 0.506533 -9.415430 2.795718
v 0.893467 -9.415430 2.795718
v 1.206503 -9.187996 2.795718
v 1.326072 -8.820000 2.359096
v 1.206503 -8.452004 2.359096
v 0.893467 -8.224570 2.359096
v 0.506533 -8.224570 2.359096
v 0.193497 -8.452004 2.359096
v 0.073928 -8.820000 2.359096
v 0.193497 -9.187996 2.359096
v 0.506533 -9.415430 2.359096
v 0.893467 -9.415430 2.359096
v 1.206503 -9.187996 2.359096
v 1.086934 -8.820000 2.005861
v 1.013036 -8.592566 2.005861
v 0.819569 -8.452004 2.005861
v 0.580431 -8.452004 2.005861
v 0.386964 -8.592566 2.005861
v 0.313066 -8.820000 2.005861
v 0.386964 -9.047434 2.005861
v 0.580431 -9.187996 2.005861
v 0.819569 -9.187996 2.005861
v 1.013036 -9.047434 2.005861
v 0.700000 -8.820000 1.870937
v 23.522724 -13.860000 0.000000
v 23.495466 -13.776109 0.000000
v 23.424104 -13.724261 0.000000
v 23.335896 -13.724261 0.000000
v 23.264534 -13.776109 0.000000
v 23.237276 -13.860000 0.000000
v 23.264534 -13.943891 0.000000
v 23.335896 -13.995739 0.000000
v 23.424104 -13.995739 0.000000
v 23.495466 -13.943891 0.000000
v 23.522724 -13.860000 3.220000
v 23.495466 -13.776109 3.220000
v 23.424104 -13.724261 3.220000
v 23.335896 -13.724261 3.220000
v 23.264534 -13.776109 3.220000
v 23.237276 -13.860000 3.220000
v 23.264534 -13.943891 3.220000
v 23.335896 -13.995739 3.220000
v 23.424104 -13.995739 3.220000
v 23.495466 -13.943891 3.220000
v 23.380000 -13.860000 3.220000
v 23.748743 -13.860000 3.094534
v 23.678320 -13.643258 3.094534
v 23.493948 -13.509304 3.094534
v 23.266052 -13.509304 3.094534
v 23.081680 -13.643258 3.094534
v 23.011257 -13.860000 3.094534
v 23.081680 -14.076742 3.094534
v 23.266052 -14.210696 3.094534
v 23.493948 -14.210696 3.094534
v 23.678320 -14.076742 3.094534
v 23.976639 -13.860000 2.766059
v 23.862691 -13.509304 2.766059
v 23.564372 -13.292562 2.766059
v 23.195628 -13.292562 2.766059
v 22.897309 -13.509304 2.766059
v 22.783361 -13.860000 2.766059
v 22.897309 -14.210696 2.766059
v 23.195628 -14.427438 2.766059
v 23.564372 -14.427438 2.766059
v 23.862691 -14.210696 2.766059
v 23.976639 -13.860000 2.360042
v 23.862691 -13.509304 2.360042
v 23.564372 -13.292562 2.360042
v 23.195628 -13.292562 2.360042
v 22.897309 -13.509304 2.360042
v 22.783361 -13.860000 2.360042
v 22.897309 -14.210696 2.360042
v 23.195628 -14.427438 2.360042
v 23.564372 -14.427438 2.360042
v 23.862691 -14.210696 2.360042
v 23.748743 -13.860000 2.031568
v 23.678320 -13.643258 2.031568
v 23.493948 -13.509304 2.031568
v 23.266052 -13.509304 2.031568
v 23.081680 -13.643258 2.031568
v 23.011257 -13.860000 2.031568
v 23.081680 -14.076742 2.031568
v 23.266052 -14.210696 2.031568
v 23.493948 -14.210696 2.031568
v 23.678320 -14.076742 2.031568
v 23.380000 -13.860000 1.906102
v 4.768146 -13.020000 0.000000
v 4.739852 -12.932922 0.000000
v 4.665779 -12.879105 0.000000
v 4.574221 -12.879105 0.000000
v 4.500148 -12.932922 0.000000
v 4.471854 -13.020000 0.000000
v 4.500148 -13.107078 0.000000
v 4.574221 -13.160895 0.000000
v 4.665779 -13.160895 0.000000
v 4.739852 -13.107078 0.000000
v 4.768146 -13.020000 3.248724
v 4.739852 -12.932922 3.248724
v 4.665779 -12.879105 3.248724
v 4.574221 -12.879105 3.248724
v 4.500148 -12.932922 3.248724
v 4.471854 -13.020000 3.248724
v 4.500148 -13.107078 3.248724
v 4.574221 -13.160895 3.248724
v 4.665779 -13.160895 3.248724
v 4.739852 -13.107078 3.248724
v 4.620000 -13.020000 3.248724
v 4.911164 -13.020000 3.130227
v 4.855557 -12.848858 3.130227
v 4.709975 -12.743087 3.130227
v 4.530025 -12.743087 3.130227
v 4.384443 -12.848858 3.130227
v 4.328836 -13.020000 3.130227
v 4.384443 -13.191142 3.130227
v 4.530025 -13.296913 3.130227
v 4.709975 -13.296913 3.130227
v 4.855557 -13.191142 3.130227
v 5.091113 -13.020000 2.819997
v 5.001139 -12.743087 2.819997
v 4.765582 -12.571945 2.819997
v 4.474418 -12.571945 2.819997
v 4.238861 -12.743087 2.819997
v 4.148887 -13.020000 2.819997
v 4.238861 -13.296913 2.819997
v 4.474418 -13.468055 2.819997
v 4.765582 -13.468055 2.819997
v 5.001139 -13.296913 2.819997
v 5.091113 -13.020000 2.436531
v 5.001139 -12.743087 2.436531
v 4.765582 -12.571945 2.436531
v 4.474418 -12.571945 2.436531
v 4.238861 -12.743087 2.436531
v 4.148887 -13.020000 2.436531
v 4.238861 -13.296913 2.436531
v 4.474418 -13.468055 2.436531
v 4.765582 -13.468055 2.436531
v 5.001139 -13.296913 2.436531
v 4.911164 -13.020000 2.126301
v 4.855557 -12.848858 2.126301
v 4.709975 -12.743087 2.126301
v 4.530025 -12.743087 2.126301
v 4.384443 -12.848858 2.126301
v 4.328836 -13.020000 2.126301
v 4.384443 -13.191142 2.126301
v 4.530025 -13.296913 2.126301
v 4.709975 -13.296913 2.126301
v 4.855557 -13.191142 2.126301
v 4.620000 -13.020000 2.007804
v 3.642961 -10.500000 0.000000
v 3.615658 -10.415970 0.000000
v 3.544177 -10.364036 0.000000
v 3.455823 -10.364036 0.000000
v 3.384342 -10.415970 0.000000
v 3.357039 -10.500000 0.000000
v 3.384342 -10.584030 0.000000
v 3.455823 -10.635964 0.000000
v 3.544177 -10.635964 0.000000
v 3.615658 -10.584030 0.000000
v 3.642961 -10.500000 3.774565
v 3.615658 -10.415970 3.774565
v 3.544177 -10.364036 3.774565
v 3.455823 -10.364036 3.774565
v 3.384342 -10.415970 3.774565
v 3.357039 -10.500000 3.774565
v 3.384342 -10.584030 3.774565
v 3.455823 -10.635964 3.774565
v 3.544177 -10.635964 3.774565
v 3.615658 -10.584030 3.774565
v 3.500000 -10.500000 3.774565
v 3.791217 -10.500000 3.674299
v 3.735600 -10.328827 3.674299
v 3.589991 -10.223036 3.674299
v 3.410009 -10.223036 3.674299
v 3.264400 -10.328827 3.674299
v 3.208783 -10.500000 3.674299
v 3.264400 -10.671173 3.674299
v 3.410009 -10.776964 3.674299
v 3.589991 -10.776964 3.674299
v 3.735600 -10.671173 3.674299
v 3.971199 -10.500000 3.411799
v 3.881208 -10.223036 3.411799
v 3.645609 -10.051863 3.411799
v 3.354391 -10.051863 3.411799
v 3.118792 -10.223036 3.411799
v 3.028801 -10.500000 3.411799
v 3.118792 -10.776964 3.411799
v 3.354391 -10.948137 3.411799
v 3.645609 -10.948137 3.411799
v 3.881208 -10.776964 3.411799
v 3.971199 -10.500000 3.087331
v 3.881208 -10.223036 3.087331
v 3.645609 -10.051863 3.087331
v 3.354391 -10.051863 3.087331
v 3.118792 -10.223036 3.087331
v 3.028801 -10.500000 3.087331
v 3.118792 -10.776964 3.087331
v 3.354391 -10.948137 3.087331
v 3.645609 -10.948137 3.087331
v 3.881208 -10.776964 3.087331
v 3.791217 -10.500000 2.824831
v 3.735600 -10.328827 2.824831
v 3.589991 -10.223036 2.824831
v 3.410009 -10.223036 2.824831
v 3.264400 -10.328827 2.824831
v 3.208783 -10.500000 2.824831
v 3.264400 -10.671173 2.824831
v 3.410009 -10.776964 2.824831
v 3.589991 -10.776964 2.824831
v 3.735600 -10.671173 2.824831
v 3.500000 -10.500000 2.724565
v 15.671625 -3.220000 0.000000
v 15.646487 -3.142633 0.000000
v 15.580674 -3.094817 0.000000
v 15.499326 -3.094817 0.000000
v 15.433513 -3.142633 0.000000
v 15.408375 -3.220000 0.000000
v 15.433513 -3.297367 0.000000
v 15.499326 -3.345183 0.000000
v 15.580674 -3.345183 0.000000
v 15.646487 -3.297367 0.000000
v 15.671625 -3.220000 3.220000
v 15.646487 -3.142633 3.220000
v 15.580674 -3.094817 3.220000
v 15.499326 -3.094817 3.220000
v 15.433513 -3.142633 3.220000
v 15.408375 -3.220000 3.220000
v 15.433513 -3.297367 3.220000
v 15.499326 -3.345183 3.220000
v 15.580674 -3.345183 3.220000
v 15.646487 -3.297367 3.220000
v 15.540000 -3.220000 3.220000
v 15.927892 -3.220000 3.092013
v 15.853811 -2.992003 3.092013
v 15.659865 -2.851093 3.092013
v 15.420135 -2.851093 3.092013
v 15.226189 -2.992003 3.092013
v 15.152108 -3.220000 3.092013
v 15.226189 -3.447997 3.092013
v 15.420135 -3.588907 3.092013
v 15.659865 -3.588907 3.092013
v 15.853811 -3.447997 3.092013
v 16.167622 -3.220000 2.756939
v 16.047757 -2.851093 2.756939
v 15.733946 -2.623096 2.756939
v 15.346054 -2.623096 2.756939
v 15.032243 -2.851093 2.756939
v 14.912378 -3.220000 2.756939
v 15.032243 -3.588907 2.756939
v 15.346054 -3.816904 2.756939
v 15.733946 -3.816904 2.756939
v 16.047757 -3.588907 2.756939
v 16.167622 -3.220000 2.342764
v 16.047757 -2.851093 2.342764
v 15.733946 -2.623096 2.342764
v 15.346054 -2.623096 2.342764
v 15.032243 -2.851093 2.342764
v 14.912378 -3.220000 2.342764
v 15.032243 -3.588907 2.342764
v 15.346054 -3.816904 2.342764
v 15.733946 -3.816904 2.342764
v 16.047757 -3.588907 2.342764
v 15.927892 -3.220000 2.007689
v 15.853811 -2.992003 2.007689
v 15.659865 -2.851093 2.007689
v 15.420135 -2.851093 2.007689
v 15.226189 -2.992003 2.007689
v 15.152108 -3.220000 2.007689
v 15.226189 -3.447997 2.007689
v 15.420135 -3.588907 2.007689
v 15.659865 -3.588907 2.007689
v 15.853811 -3.447997 2.007689
v 15.540000 -3.220000 1.879702
v 3.636365 -2.940000 0.000000
v 3.610322 -2.859846 0.000000
v 3.542139 -2.810309 0.000000
v 3.457861 -2.810309 0.000000
v 3.389678 -2.859846 0.000000
v 3.363635 -2.940000 0.000000
v 3.389678 -3.020154 0.000000
v 3.457861 -3.069691 0.000000
v 3.542139 -3.069691 0.000000
v 3.610322 -3.020154 0.000000
v 3.636365 -2.940000 3.220000
v 3.610322 -2.859846 3.220000
v 3.542139 -2.810309 3.220000
v 3.457861 -2.810309 3.220000
v 3.389678 -2.859846 3.220000
v 3.363635 -2.940000 3.220000
v 3.389678 -3.020154 3.220000
v 3.457861 -3.069691 3.220000
v 3.542139 -3.069691 3.220000
v 3.610322 -3.020154 3.220000
v 3.500000 -2.940000 3.220000
v 3.873336 -2.940000 3.107872
v 3.802035 -2.720559 3.107872
v 3.615367 -2.584936 3.107872
v 3.384633 -2.584936 3.107872
v 3.197965 -2.720559 3.107872
v 3.126664 -2.940000 3.107872
v 3.197965 -3.159441 3.107872
v 3.384633 -3.295064 3.107872
v 3.615367 -3.295064 3.107872
v 3.802035 -3.159441 3.107872
v 4.104071 -2.940000 2.814315
v 3.988703 -2.584936 2.814315
v 3.686668 -2.365495 2.814315
v 3.313332 -2.365495 2.814315
v 3.011297 -2.584936 2.814315
v 2.895929 -2.940000 2.814315
v 3.011297 -3.295064 2.814315
v 3.313332 -3.514505 2.814315
v 3.686668 -3.514505 2.814315
v 3.988703 -3.295064 2.814315
v 4.104071 -2.940000 2.451460
v 3.988703 -2.584936 2.451460
v 3.686668 -2.365495 2.451460
v 3.313332 -2.365495 2.451460
v 3.011297 -2.584936 2.451460
v 2.895929 -2.940000 2.451460
v 3.011297 -3.295064 2.451460
v 3.313332 -3.514505 2.451460
v 3.686668 -3.514505 2.451460
v 3.988703 -3.295064 2.451460
v 3.873336 -2.940000 2.157904
v 3.802035 -2.720559 2.157904
v 3.615367 -2.584936 2.157904
v 3.384633 -2.584936 2.157904
v 3.197965 -2.720559 2.157904
v 3.126664 -2.940000 2.157904
v 3.197965 -3.159441 2.157904
v 3.384633 -3.295064 2.157904
v 3.615367 -3.295064 2.157904
v 3.802035 -3.159441 2.157904
v 3.500000 -2.940000 2.045775
v 25.501330 -11.620000 0.000000
v 25.470519 -11.525172 0.000000
v 25.389854 -11.466566 0.000000
v 25.290146 -11.466566 0.000000
v 25.209481 -11.525172 0.000000
v 25.178670 -11.620000 0.000000
v 25.209481 -11.714828 0.000000
v 25.290146 -11.773434 0.000000
v 25.389854 -11.773434 0.000000
v 25.470519 -11.714828 0.000000
v 25.501330 -11.620000 3.670877
v 25.470519 -11.525172 3.670877
v 25.389854 -11.466566 3.670877
v 25.290146 -11.466566 3.670877
v 25.209481 -11.525172 3.670877
v 25.178670 -11.620000 3.670877
v 25.209481 -11.714828 3.670877
v 25.290146 -11.773434 3.670877
v 25.389854 -11.773434 3.670877
v 25.470519 -11.714828 3.670877
v 25.340000 -11.620000 3.670877
v 25.806054 -11.620000 3.488079
v 25.717045 -11.346061 3.488079
v 25.484019 -11.176757 3.488079
v 25.195981 -11.176757 3.488079
v 24.962955 -11.346061 3.488079
v 24.873946 -11.620000 3.488079
v 24.962955 -11.893939 3.488079
v 25.195981 -12.063243 3.488079
v 25.484019 -12.063243 3.488079
v 25.717045 -11.893939 3.488079
v 26.094091 -11.620000 3.009505
v 25.950072 -11.176757 3.009505
v 25.573027 -10.902817 3.009505
v 25.106973 -10.902817 3.009505
v 24.729928 -11.176757 3.009505
v 24.585909 -11.620000 3.009505
v 24.729928 -12.063243 3.009505
v 25.106973 -12.337183 3.009505
v 25.573027 -12.337183 3.009505
v 25.950072 -12.063243 3.009505
v 26.094091 -11.620000 2.417956
v 25.950072 -11.176757 2.417956
v 25.573027 -10.902817 2.417956
v 25.106973 -10.902817 2.417956
v 24.729928 -11.176757 2.417956
v 24.585909 -11.620000 2.417956
v 24.729928 -12.063243 2.417956
v 25.106973 -12.337183 2.417956
v 25.573027 -12.337183 2.417956
v 25.950072 -12.063243 2.417956
v 25.806054 -11.620000 1.939383
v 25.717045 -11.346061 1.939383
v 25.484019 -11.176757 1.939383
v 25.195981 -11.176757 1.939383
v 24.962955 -11.346061 1.939383
v 24.873946 -11.620000 1.939383
v 24.962955 -11.893939 1.939383
v 25.195981 -12.063243 1.939383
v 25.484019 -12.063243 1.939383
v 25.717045 -11.893939 1.939383
v 25.340000 -11.620000 1.756584
v 53.772903 -6.300000 0.000000
v 53.743701 -6.210126 0.000000
v 53.667250 -6.154580 0.000000
v 53.572750 -6.154580 0.000000
v 53.496299 -6.210126 0.000000
v 53.467097 -6.300000 0.000000
v 53.496299 -6.389874 0.000000
v 53.572750 -6.445420 0.000000
v 53.667250 -6.445420 0.000000
v 53.743701 -6.389874 0.000000
v 53.772903 -6.300000 3.220000
v 53.743701 -6.210126 3.220000
v 53.667250 -6.154580 3.220000
v 53.572750 -6.154580 3.220000
v 53.496299 -6.210126 3.220000
v 53.467097 -6.300000 3.220000
v 53.496299 -6.389874 3.220000
v 53.572750 -6.445420 3.220000
v 53.667250 -6.445420 3.220000
v 53.743701 -6.389874 3.220000
v 53.620000 -6.300000 3.220000
v 53.932812 -6.300000 3.092464
v 53.873070 -6.116134 3.092464
v 53.716664 -6.002498 3.092464
v 53.523336 -6.002498 3.092464
v 53.366930 -6.116134 3.092464
v 53.307188 -6.300000 3.092464
v 53.366930 -6.483866 3.092464
v 53.523336 -6.597502 3.092464
v 53.716664 -6.597502 3.092464
v 53.873070 -6.483866 3.092464
v 54.126141 -6.300000 2.758570
v 54.029477 -6.002498 2.758570
v 53.776406 -5.818631 2.758570
v 53.463594 -5.818631 2.758570
v 53.210523 -6.002498 2.758570
v 53.113859 -6.300000 2.758570
v 53.210523 -6.597502 2.758570
v 53.463594 -6.781369 2.758570
v 53.776406 -6.781369 2.758570
v 54.029477 -6.597502 2.758570
v 54.126141 -6.300000 2.345854
v 54.029477 -6.002498 2.345854
v 53.776406 -5.818631 2.345854
v 53.463594 -5.818631 2.345854
v 53.210523 -6.002498 2.345854
v 53.113859 -6.300000 2.345854
v 53.210523 -6.597502 2.345854
v 53.463594 -6.781369 2.345854
v 53.776406 -6.781369 2.345854
v 54.029477 -6.597502 2.345854
v 53.932812 -6.300000 2.011960
v 53.873070 -6.116134 2.011960
v 53.716664 -6.002498 2.011960
v 53.523336 -6.002498 2.011960
v 53.366930 -6.116134 2.011960
v 53.307188 -6.300000 2.011960
v 53.366930 -6.483866 2.011960
v 53.523336 -6.597502 2.011960
v 53.716664 -6.597502 2.011960
v 53.873070 -6.483866 2.011960
v 53.620000 -6.300000 1.884423
v 32.840962 -18.464097 0.000000
v 32.806931 -18.359359 0.000000
v 32.717835 -18.294627 0.000000
v 32.607707 -18.294627 0.000000
v 32.518611 -18.359359 0.000000
v 32.484579 -18.464097 0.000000
v 32.518611 -18.568836 0.000000
v 32.607707 -18.633567 0.000000
v 32.717835 -18.633567 0.000000
v 32.806931 -18.568836 0.000000
v 32.840962 -18.464097 2.908703
v 32.806931 -18.359359 2.908703
v 32.717835 -18.294627 2.908703
v 32.607707 -18.294627 2.908703
v 32.518611 -18.359359 2.908703
v 32.484579 -18.464097 2.908703
v 32.518611 -18.568836 2.908703
v 32.607707 -18.633567 2.908703
v 32.717835 -18.633567 2.908703
v 32.806931 -18.568836 2.908703
v 32.662771 -18.464097 2.908703
v 32.971889 -18.464097 2.790937
v 32.912853 -18.282402 2.790937
v 32.758294 -18.170109 2.790937
v 32.567248 -18.170109 2.790937
v 32.412689 -18.282402 2.790937
v 32.353653 -18.464097 2.790937
v 32.412689 -18.645792 2.790937
v 32.567248 -18.758086 2.790937
v 32.758294 -18.758086 2.790937
v 32.912853 -18.645792 2.790937
v 33.162934 -18.464097 2.482623
v 33.067411 -18.170109 2.482623
v 32.817330 -17.988414 2.482623
v 32.508212 -17.988414 2.482623
v 32.258130 -18.170109 2.482623
v 32.162608 -18.464097 2.482623
v 32.258130 -18.758086 2.482623
v 32.508212 -18.939781 2.482623
v 32.817330 -18.939781 2.482623
v 33.067411 -18.758086 2.482623
v 33.162934 -18.464097 2.101525
v 33.067411 -18.170109 2.101525
v 32.817330 -17.988414 2.101525
v 32.508212 -17.988414 2.101525
v 32.258130 -18.170109 2.101525
v 32.162608 -18.464097 2.101525
v 32.258130 -18.758086 2.101525
v 32.508212 -18.939781 2.101525
v 32.817330 -18.939781 2.101525
v 33.067411 -18.758086 2.101525
v 32.971889 -18.464097 1.793211
v 32.912853 -18.282402 1.793211
v 32.758294 -18.170109 1.793211
v 32.567248 -18.170109 1.793211
v 32.412689 -18.282402 1.793211
v 32.353653 -18.464097 1.793211
v 32.412689 -18.645792 1.793211
v 32.567248 -18.758086 1.793211
v 32.758294 -18.758086 1.793211
v 32.912853 -18.645792 1.793211
v 32.662771 -18.464097 1.675445
v 61.038370 -0.829183 0.000000
v 61.001292 -0.715068 0.000000
v 60.904221 -0.644541 0.000000
v 60.784233 -0.644541 0.000000
v 60.687162 -0.715068 0.000000
v 60.650083 -0.829183 0.000000
v 60.687162 -0.943297 0.000000
v 60.784233 -1.013824 0.000000
v 60.904221 -1.013824 0.000000
v 61.001292 -0.943297 0.000000
v 61.038370 -0.829183 3.327839
v 61.001292 -0.715068 3.327839
v 60.904221 -0.644541 3.327839
v 60.784233 -0.644541 3.327839
v 60.687162 -0.715068 3.327839
v 60.650083 -0.829183 3.327839
v 60.687162 -0.943297 3.327839
v 60.784233 -1.013824 3.327839
v 60.904221 -1.013824 3.327839
v 61.001292 -0.943297 3.327839
v 60.844227 -0.829183 3.327839
v 61.286676 -0.829183 3.156933
v 61.202176 -0.569117 3.156933
v 60.980951 -0.408388 3.156933
v 60.707502 -0.408388 3.156933
v 60.486278 -0.569117 3.156933
v 60.401777 -0.829183 3.156933
v 60.486278 -1.089248 3.156933
v 60.707502 -1.249977 3.156933
v 60.980951 -1.249977 3.156933
v 61.202176 -1.089248 3.156933
v 61.560125 -0.829183 2.709495
v 61.423401 -0.408388 2.709495
v 61.065452 -0.148323 2.709495
v 60.623002 -0.148323 2.709495
v 60.265053 -0.408388 2.709495
v 60.128329 -0.829183 2.709495
v 60.265053 -1.249977 2.709495
v 60.623002 -1.510043 2.709495
v 61.065452 -1.510043 2.709495
v 61.423401 -1.249977 2.709495
v 61.560125 -0.829183 2.156431
v 61.423401 -0.408388 2.156431
v 61.065452 -0.148323 2.156431
v 60.623002 -0.148323 2.156431
v 60.265053 -0.408388 2.156431
v 60.128329 -0.829183 2.156431
v 60.265053 -1.249977 2.156431
v 60.623002 -1.510043 2.156431
v 61.065452 -1.510043 2.156431
v 61.423401 -1.249977 2.156431
v 61.286676 -0.829183 1.708993
v 61.202176 -0.569117 1.708993
v 60.980951 -0.408388 1.708993
v 60.707502 -0.408388 1.708993
v 60.486278 -0.569117 1.708993
v 60.401777 -0.829183 1.708993
v 60.486278 -1.089248 1.708993
v 60.707502 -1.249977 1.708993
v 60.980951 -1.249977 1.708993
v 61.202176 -1.089248 1.708993
v 60.844227 -0.829183 1.538086
v 0.577584 -18.505821 0.000000
v 0.541749 -18.395533 0.000000
v 0.447932 -18.327371 0.000000
v 0.331968 -18.327371 0.000000
v 0.238151 -18.395533 0.000000
v 0.202317 -18.505821 0.000000
v 0.238151 -18.616109 0.000000
v 0.331968 -18.684271 0.000000
v 0.447932 -18.684271 0.000000
v 0.541749 -18.616109 0.000000
v 0.577584 -18.505821 3.100750
v 0.541749 -18.395533 3.100750
v 0.447932 -18.327371 3.100750
v 0.331968 -18.327371 3.100750
v 0.238151 -18.395533 3.100750
v 0.202317 -18.505821 3.100750
v 0.238151 -18.616109 3.100750
v 0.331968 -18.684271 3.100750
v 0.447932 -18.684271 3.100750
v 0.541749 -18.616109 3.100750
v 0.389950 -18.505821 3.100750
v 0.666645 -18.505821 2.995281
v 0.613801 -18.343184 2.995281
v 0.475454 -18.242668 2.995281
v 0.304447 -18.242668 2.995281
v 0.166099 -18.343184 2.995281
v 0.113255 -18.505821 2.995281
v 0.166099 -18.668458 2.995281
v 0.304447 -18.768973 2.995281
v 0.475454 -18.768973 2.995281
v 0.613801 -18.668458 2.995281
v 0.837652 -18.505821 2.719160
v 0.752148 -18.242668 2.719160
v 0.528298 -18.080031 2.719160
v 0.251603 -18.080031 2.719160
v 0.027752 -18.242668 2.719160
v -0.057752 -18.505821 2.719160
v 0.027752 -18.768973 2.719160
v 0.251603 -18.931610 2.719160
v 0.528298 -18.931610 2.719160
v 0.752148 -18.768973 2.719160
v 0.837652 -18.505821 2.377856
v 0.752148 -18.242668 2.377856
v 0.528298 -18.080031 2.377856
v 0.251603 -18.080031 2.377856
v 0.027752 -18.242668 2.377856
v -0.057752 -18.505821 2.377856
v 0.027752 -18.768973 2.377856
v 0.251603 -18.931610 2.377856
v 0.528298 -18.931610 2.377856
v 0.752148 -18.768973 2.377856
v 0.666645 -18.505821 2.101735
v 0.613801 -18.343184 2.101735
v 0.475454 -18.242668 2.101735
v 0.304447 -18.242668 2.101735
v 0.166099 -18.343184 2.101735
v 0.113255 -18.505821 2.101735
v 0.166099 -18.668458 2.101735
v 0.304447 -18.768973 2.101735
v 0.475454 -18.768973 2.101735
v 0.613801 -18.668458 2.101735
v 0.389950 -18.505821 1.996267
v 39.641781 -18.499731 0.000000
v 39.603210 -18.381024 0.000000
v 39.502232 -18.307659 0.000000
v 39.377416 -18.307659 0.000000
v 39.276438 -18.381024 0.000000
v 39.237868 -18.499731 0.000000
v 39.276438 -18.618438 0.000000
v 39.377416 -18.691803 0.000000
v 39.502232 -18.691803 0.000000
v 39.603210 -18.618438 0.000000
v 39.641781 -18.499731 3.397668
v 39.603210 -18.381024 3.397668
v 39.502232 -18.307659 3.397668
v 39.377416 -18.307659 3.397668
v 39.276438 -18.381024 3.397668
v 39.237868 -18.499731 3.397668
v 39.276438 -18.618438 3.397668
v 39.377416 -18.691803 3.397668
v 39.502232 -18.691803 3.397668
v 39.603210 -18.618438 3.397668
v 39.439824 -18.499731 3.397668
v 39.727997 -18.499731 3.297402
v 39.672961 -18.330347 3.297402
v 39.528875 -18.225662 3.297402
v 39.350774 -18.225662 3.297402
v 39.206687 -18.330347 3.297402
v 39.151651 -18.499731 3.297402
v 39.206687 -18.669115 3.297402
v 39.350774 -18.773800 3.297402
v 39.528875 -18.773800 3.297402
v 39.672961 -18.669115 3.297402
v 39.906098 -18.499731 3.034902
v 39.817048 -18.225662 3.034902
v 39.583911 -18.056278 3.034902
v 39.295738 -18.056278 3.034902
v 39.062601 -18.225662 3.034902
v 38.973550 -18.499731 3.034902
v 39.062601 -18.773800 3.034902
v 39.295738 -18.943183 3.034902
v 39.583911 -18.943183 3.034902
v 39.817048 -18.773800 3.034902
v 39.906098 -18.499731 2.710434
v 39.817048 -18.225662 2.710434
v 39.583911 -18.056278 2.710434
v 39.295738 -18.056278 2.710434
v 39.062601 -18.225662 2.710434
v 38.973550 -18.499731 2.710434
v 39.062601 -18.773800 2.710434
v 39.295738 -18.943183 2.710434
v 39.583911 -18.943183 2.710434
v 39.817048 -18.773800 2.710434
v 39.727997 -18.499731 2.447934
v 39.672961 -18.330347 2.447934
v 39.528875 -18.225662 2.447934
v 39.350774 -18.225662 2.447934
v 39.206687 -18.330347 2.447934
v 39.151651 -18.499731 2.447934
v 39.206687 -18.669115 2.447934
v 39.350774 -18.773800 2.447934
v 39.528875 -18.773800 2.447934
v 39.672961 -18.669115 2.447934
v 39.439824 -18.499731 2.347668
v 46.290245 -18.472730 0.000000
v 46.253599 -18.359944 0.000000
v 46.157657 -18.290238 0.000000
v 46.039066 -18.290238 0.000000
v 45.943125 -18.359944 0.000000
v 45.906478 -18.472730 0.000000
v 45.943125 -18.585517 0.000000
v 46.039066 -18.655222 0.000000
v 46.157657 -18.655222 0.000000
v 46.253599 -18.585517 0.000000
v 46.290245 -18.472730 3.125731
v 46.253599 -18.359944 3.125731
v 46.157657 -18.290238 3.125731
v 46.039066 -18.290238 3.125731
v 45.943125 -18.359944 3.125731
v 45.906478 -18.472730 3.125731
v 45.943125 -18.585517 3.125731
v 46.039066 -18.655222 3.125731
v 46.157657 -18.655222 3.125731
v 46.253599 -18.585517 3.125731
v 46.098362 -18.472730 3.125731
v 46.402405 -18.472730 3.025465
v 46.344338 -18.294018 3.025465
v 46.192316 -18.183568 3.025465
v 46.004407 -18.183568 3.025465
v 45.852385 -18.294018 3.025465
v 45.794318 -18.472730 3.025465
v 45.852385 -18.651443 3.025465
v 46.004407 -18.761893 3.025465
v 46.192316 -18.761893 3.025465
v 46.344338 -18.651443 3.025465
v 46.590314 -18.472730 2.762965
v 46.496360 -18.183568 2.762965
v 46.250383 -18.004855 2.762965
v 45.946340 -18.004855 2.762965
v 45.700364 -18.183568 2.762965
v 45.606409 -18.472730 2.762965
v 45.700364 -18.761893 2.762965
v 45.946340 -18.940605 2.762965
v 46.250383 -18.940605 2.762965
v 46.496360 -18.761893 2.762965
v 46.590314 -18.472730 2.438497
v 46.496360 -18.183568 2.438497
v 46.250383 -18.004855 2.438497
v 45.946340 -18.004855 2.438497
v 45.700364 -18.183568 2.438497
v 45.606409 -18.472730 2.438497
v 45.700364 -18.761893 2.438497
v 45.946340 -18.940605 2.438497
v 46.250383 -18.940605 2.438497
v 46.496360 -18.761893 2.438497
v 46.402405 -18.472730 2.175997
v 46.344338 -18.294018 2.175997
v 46.192316 -18.183568 2.175997
v 46.004407 -18.183568 2.175997
v 45.852385 -18.294018 2.175997
v 45.794318 -18.472730 2.175997
v 45.852385 -18.651443 2.175997
v 46.004407 -18.761893 2.175997
v 46.192316 -18.761893 2.175997
v 46.344338 -18.651443 2.175997
v 46.098362 -18.472730 2.075731
v 31.240236 -12.593879 0.000000
v 31.207981 -12.494608 0.000000
v 31.123536 -12.433255 0.000000
v 31.019156 -12.433255 0.000000
v 30.934710 -12.494608 0.000000
v 30.902455 -12.593879 0.000000
v 30.934710 -12.693150 0.000000
v 31.019156 -12.754503 0.000000
v 31.123536 -12.754503 0.000000
v 31.207981 -12.693150 0.000000
v 31.240236 -12.593879 3.544336
v 31.207981 -12.494608 3.544336
v 31.123536 -12.433255 3.544336
v 31.019156 -12.433255 3.544336
v 30.934710 -12.494608 3.544336
v 30.902455 -12.593879 3.544336
v 30.934710 -12.693150 3.544336
v 31.019156 -12.754503 3.544336
v 31.123536 -12.754503 3.544336
v 31.207981 -12.693150 3.544336
v 31.071346 -12.593879 3.544336
v 31.527265 -12.593879 3.388765
v 31.440192 -12.325897 3.388765
v 31.212233 -12.160274 3.388765
v 30.930459 -12.160274 3.388765
v 30.702500 -12.325897 3.388765
v 30.615427 -12.593879 3.388765
v 30.702500 -12.861861 3.388765
v 30.930459 -13.027484 3.388765
v 31.212233 -13.027484 3.388765
v 31.440192 -12.861861 3.388765
v 31.809038 -12.593879 2.981474
v 31.668152 -12.160274 2.981474
v 31.299305 -11.892292 2.981474
v 30.843386 -11.892292 2.981474
v 30.474540 -12.160274 2.981474
v 30.333653 -12.593879 2.981474
v 30.474540 -13.027484 2.981474
v 30.843386 -13.295466 2.981474
v 31.299305 -13.295466 2.981474
v 31.668152 -13.027484 2.981474
v 31.809038 -12.593879 2.478035
v 31.668152 -12.160274 2.478035
v 31.299305 -11.892292 2.478035
v 30.843386 -11.892292 2.478035
v 30.474540 -12.160274 2.478035
v 30.333653 -12.593879 2.478035
v 30.474540 -13.027484 2.478035
v 30.843386 -13.295466 2.478035
v 31.299305 -13.295466 2.478035
v 31.668152 -13.027484 2.478035
v 31.527265 -12.593879 2.070744
v 31.440192 -12.325897 2.070744
v 31.212233 -12.160274 2.070744
v 30.930459 -12.160274 2.070744
v 30.702500 -12.325897 2.070744
v 30.615427 -12.593879 2.070744
v 30.702500 -12.861861 2.070744
v 30.930459 -13.027484 2.070744
v 31.212233 -13.027484 2.070744
v 31.440192 -12.861861 2.070744
v 31.071346 -12.593879 1.915173
v 27.089264 -18.486750 0.000000
v 27.046586 -18.355398 0.000000
v 26.934851 -18.274219 0.000000
v 26.796740 -18.274219 0.000000
v 26.685006 -18.355398 0.000000
v 26.642327 -18.486750 0.000000
v 26.685006 -18.618101 0.000000
v 26.796740 -18.699281 0.000000
v 26.934851 -18.699281 0.000000
v 27.046586 -18.618101 0.000000
v 27.089264 -18.486750 3.049903
v 27.046586 -18.355398 3.049903
v 26.934851 -18.274219 3.049903
v 26.796740 -18.274219 3.049903
v 26.685006 -18.355398 3.049903
v 26.642327 -18.486750 3.049903
v 26.685006 -18.618101 3.049903
v 26.796740 -18.699281 3.049903
v 26.934851 -18.699281 3.049903
v 27.046586 -18.618101 3.049903
v 26.865796 -18.486750 3.049903
v 27.161599 -18.486750 2.949637
v 27.105105 -18.312881 2.949637
v 26.957204 -18.205425 2.949637
v 26.774388 -18.205425 2.949637
v 26.626486 -18.312881 2.949637
v 26.569993 -18.486750 2.949637
v 26.626486 -18.660619 2.949637
v 26.774388 -18.768075 2.949637
v 26.957204 -18.768075 2.949637
v 27.105105 -18.660619 2.949637
v 27.344415 -18.486750 2.687137
v 27.253007 -18.205425 2.687137
v 27.013697 -18.031556 2.687137
v 26.717894 -18.031556 2.687137
v 26.478585 -18.205425 2.687137
v 26.387177 -18.486750 2.687137
v 26.478585 -18.768075 2.687137
v 26.717894 -18.941944 2.687137
v 27.013697 -18.941944 2.687137
v 27.253007 -18.768075 2.687137
v 27.344415 -18.486750 2.362669
v 27.253007 -18.205425 2.362669
v 27.013697 -18.031556 2.362669
v 26.717894 -18.031556 2.362669
v 26.478585 -18.205425 2.362669
v 26.387177 -18.486750 2.362669
v 26.478585 -18.768075 2.362669
v 26.717894 -18.941944 2.362669
v 27.013697 -18.941944 2.362669
v 27.253007 -18.768075 2.362669
v 27.161599 -18.486750 2.100169
v 27.105105 -18.312881 2.100169
v 26.957204 -18.205425 2.100169
v 26.774388 -18.205425 2.100169
v 26.626486 -18.312881 2.100169
v 26.569993 -18.486750 2.100169
v 26.626486 -18.660619 2.100169
v 26.774388 -18.768075 2.100169
v 26.957204 -18.768075 2.100169
v 27.105105 -18.660619 2.100169
v 26.865796 -18.486750 1.999903
v 55.205427 -0.890643 0.000000
v 55.164417 -0.764427 0.000000
v 55.057050 -0.686420 0.000000
v 54.924338 -0.686420 0.000000
v 54.816972 -0.764427 0.000000
v 54.775962 -0.890643 0.000000
v 54.816972 -1.016860 0.000000
v 54.924338 -1.094866 0.000000
v 55.057050 -1.094866 0.000000
v 55.164417 -1.016860 0.000000
v 55.205427 -0.890643 3.104568
v 55.164417 -0.764427 3.104568
v 55.057050 -0.686420 3.104568
v 54.924338 -0.686420 3.104568
v 54.816972 -0.764427 3.104568
v 54.775962 -0.890643 3.104568
v 54.816972 -1.016860 3.104568
v 54.924338 -1.094866 3.104568
v 55.057050 -1.094866 3.104568
v 55.164417 -1.016860 3.104568
v 54.990694 -0.890643 3.104568
v 55.434825 -0.890643 2.922779
v 55.350003 -0.629590 2.922779
v 55.127938 -0.468250 2.922779
v 54.853451 -0.468250 2.922779
v 54.631386 -0.629590 2.922779
v 54.546564 -0.890643 2.922779
v 54.631386 -1.151696 2.922779
v 54.853451 -1.313036 2.922779
v 55.127938 -1.313036 2.922779
v 55.350003 -1.151696 2.922779
v 55.709312 -0.890643 2.446850
v 55.572068 -0.468250 2.446850
v 55.212759 -0.207197 2.446850
v 54.768629 -0.207197 2.446850
v 54.409321 -0.468250 2.446850
v 54.272077 -0.890643 2.446850
v 54.409321 -1.313036 2.446850
v 54.768629 -1.574089 2.446850
v 55.212759 -1.574089 2.446850
v 55.572068 -1.313036 2.446850
v 55.709312 -0.890643 1.858569
v 55.572068 -0.468250 1.858569
v 55.212759 -0.207197 1.858569
v 54.768629 -0.207197 1.858569
v 54.409321 -0.468250 1.858569
v 54.272077 -0.890643 1.858569
v 54.409321 -1.313036 1.858569
v 54.768629 -1.574089 1.858569
v 55.212759 -1.574089 1.858569
v 55.572068 -1.313036 1.858569
v 55.434825 -0.890643 1.382640
v 55.350003 -0.629590 1.382640
v 55.127938 -0.468250 1.382640
v 54.853451 -0.468250 1.382640
v 54.631386 -0.629590 1.382640
v 54.546564 -0.890643 1.382640
v 54.631386 -1.151696 1.382640
v 54.853451 -1.313036 1.382640
v 55.127938 -1.313036 1.382640
v 55.350003 -1.151696 1.382640
v 54.990694 -0.890643 1.200851
v 13.244716 -18.121400 0.000000
v 13.203078 -17.993254 0.000000
v 13.094071 -17.914056 0.000000
v 12.959330 -17.914056 0.000000
v 12.850323 -17.993254 0.000000
v 12.808686 -18.121400 0.000000
v 12.850323 -18.249546 0.000000
v 12.959330 -18.328745 0.000000
v 13.094071 -18.328745 0.000000
v 13.203078 -18.249546 0.000000
v 13.244716 -18.121400 3.725873
v 13.203078 -17.993254 3.725873
v 13.094071 -17.914056 3.725873
v 12.959330 -17.914056 3.725873
v 12.850323 -17.993254 3.725873
v 12.808686 -18.121400 3.725873
v 12.850323 -18.249546 3.725873
v 12.959330 -18.328745 3.725873
v 13.094071 -18.328745 3.725873
v 13.203078 -18.249546 3.725873
v 13.026701 -18.121400 3.725873
v 13.537251 -18.121400 3.564090
v 13.439744 -17.821306 3.564090
v 13.184469 -17.635838 3.564090
v 12.868932 -17.635838 3.564090
v 12.613657 -17.821306 3.564090
v 12.516150 -18.121400 3.564090
v 12.613657 -18.421494 3.564090
v 12.868932 -18.606962 3.564090
v 13.184469 -18.606962 3.564090
v 13.439744 -18.421494 3.564090
v 13.852788 -18.121400 3.140536
v 13.695019 -17.635838 3.140536
v 13.281976 -17.335744 3.140536
v 12.771426 -17.335744 3.140536
v 12.358382 -17.635838 3.140536
v 12.200613 -18.121400 3.140536
v 12.358382 -18.606962 3.140536
v 12.771426 -18.907056 3.140536
v 13.281976 -18.907056 3.140536
v 13.695019 -18.606962 3.140536
v 13.852788 -18.121400 2.616995
v 13.695019 -17.635838 2.616995
v 13.281976 -17.335744 2.616995
v 12.771426 -17.335744 2.616995
v 12.358382 -17.635838 2.616995
v 12.200613 -18.121400 2.616995
v 12.358382 -18.606962 2.616995
v 12.771426 -18.907056 2.616995
v 13.281976 -18.907056 2.616995
v 13.695019 -18.606962 2.616995
v 13.537251 -18.121400 2.193441
v 13.439744 -17.821306 2.193441
v 13.184469 -17.635838 2.193441
v 12.868932 -17.635838 2.193441
v 12.613657 -17.821306 2.193441
v 12.516150 -18.121400 2.193441
v 12.613657 -18.421494 2.193441
v 12.868932 -18.606962 2.193441
v 13.184469 -18.606962 2.193441
v 13.439744 -18.421494 2.193441
v 13.026701 -18.121400 2.031658
v 7.366250 -18.445351 0.000000
v 7.330368 -18.334917 0.000000
v 7.236428 -18.266666 0.000000
v 7.120311 -18.266666 0.000000
v 7.026371 -18.334917 0.000000
v 6.990489 -18.445351 0.000000
v 7.026371 -18.555784 0.000000
v 7.120311 -18.624036 0.000000
v 7.236428 -18.624036 0.000000
v 7.330368 -18.555784 0.000000
v 7.366250 -18.445351 3.505067
v 7.330368 -18.334917 3.505067
v 7.236428 -18.266666 3.505067
v 7.120311 -18.266666 3.505067
v 7.026371 -18.334917 3.505067
v 6.990489 -18.445351 3.505067
v 7.026371 -18.555784 3.505067
v 7.120311 -18.624036 3.505067
v 7.236428 -18.624036 3.505067
v 7.330368 -18.555784 3.505067
v 7.178370 -18.445351 3.505067
v 7.498506 -18.445351 3.392926
v 7.437366 -18.257179 3.392926
v 7.277297 -18.140882 3.392926
v 7.079442 -18.140882 3.392926
v 6.919373 -18.257179 3.392926
v 6.858233 -18.445351 3.392926
v 6.919373 -18.633522 3.392926
v 7.079442 -18.749819 3.392926
v 7.277297 -18.749819 3.392926
v 7.437366 -18.633522 3.392926
v 7.696362 -18.445351 3.099337
v 7.597434 -18.140882 3.099337
v 7.338438 -17.952711 3.099337
v 7.018301 -17.952711 3.099337
v 6.759305 -18.140882 3.099337
v 6.660377 -18.445351 3.099337
v 6.759305 -18.749819 3.099337
v 7.018301 -18.937991 3.099337
v 7.338438 -18.937991 3.099337
v 7.597434 -18.749819 3.099337
v 7.696362 -18.445351 2.736442
v 7.597434 -18.140882 2.736442
v 7.338438 -17.952711 2.736442
v 7.018301 -17.952711 2.736442
v 6.759305 -18.140882 2.736442
v 6.660377 -18.445351 2.736442
v 6.759305 -18.749819 2.736442
v 7.018301 -18.937991 2.736442
v 7.338438 -18.937991 2.736442
v 7.597434 -18.749819 2.736442
v 7.498506 -18.445351 2.442854
v 7.437366 -18.257179 2.442854
v 7.277297 -18.140882 2.442854
v 7.079442 -18.140882 2.442854
v 6.919373 -18.257179 2.442854
v 6.858233 -18.445351 2.442854
v 6.919373 -18.633522 2.442854
v 7.079442 -18.749819 2.442854
v 7.277297 -18.749819 2.442854
v 7.437366 -18.633522 2.442854
v 7.178370 -18.445351 2.330713
v 21.657530 -18.505591 0.000000
v 21.612938 -18.368350 0.000000
v 21.496193 -18.283530 0.000000
v 21.351889 -18.283530 0.000000
v 21.235145 -18.368350 0.000000
v 21.190552 -18.505591 0.000000
v 21.235145 -18.642833 0.000000
v 21.351889 -18.727652 0.000000
v 21.496193 -18.727652 0.000000
v 21.612938 -18.642833 0.000000
v 21.657530 -18.505591 3.280412
v 21.612938 -18.368350 3.280412
v 21.496193 -18.283530 3.280412
v 21.351889 -18.283530 3.280412
v 21.235145 -18.368350 3.280412
v 21.190552 -18.505591 3.280412
v 21.235145 -18.642833 3.280412
v 21.351889 -18.727652 3.280412
v 21.496193 -18.727652 3.280412
v 21.612938 -18.642833 3.280412
v 21.424041 -18.505591 3.280412
v 21.708770 -18.505591 3.180146
v 21.654391 -18.338232 3.180146
v 21.512027 -18.234799 3.180146
v 21.336055 -18.234799 3.180146
v 21.193691 -18.338232 3.180146
v 21.139313 -18.505591 3.180146
v 21.193691 -18.672950 3.180146
v 21.336055 -18.776384 3.180146
v 21.512027 -18.776384 3.180146
v 21.654391 -18.672950 3.180146
v 21.884741 -18.505591 2.917646
v 21.796756 -18.234799 2.917646
v 21.566406 -18.067439 2.917646
v 21.281677 -18.067439 2.917646
v 21.051327 -18.234799 2.917646
v 20.963341 -18.505591 2.917646
v 21.051327 -18.776384 2.917646
v 21.281677 -18.943743 2.917646
v 21.566406 -18.943743 2.917646
v 21.796756 -18.776384 2.917646
v 21.884741 -18.505591 2.593178
v 21.796756 -18.234799 2.593178
v 21.566406 -18.067439 2.593178
v 21.281677 -18.067439 2.593178
v 21.051327 -18.234799 2.593178
v 20.963341 -18.505591 2.593178
v 21.051327 -18.776384 2.593178
v 21.281677 -18.943743 2.593178
v 21.566406 -18.943743 2.593178
v 21.796756 -18.776384 2.593178
v 21.708770 -18.505591 2.330678
v 21.654391 -18.338232 2.330678
v 21.512027 -18.234799 2.330678
v 21.336055 -18.234799 2.330678
v 21.193691 -18.338232 2.330678
v 21.139313 -18.505591 2.330678
v 21.193691 -18.672950 2.330678
v 21.336055 -18.776384 2.330678
v 21.512027 -18.776384 2.330678
v 21.654391 -18.672950 2.330678
v 21.424041 -18.505591 2.230412
v 36.214761 -14.794316 0.000000
v 36.174804 -14.671340 0.000000
v 36.070194 -14.595337 0.000000
v 35.940890 -14.595337 0.000000
v 35.836281 -14.671340 0.000000
v 35.796323 -14.794316 0.000000
v 35.836281 -14.917292 0.000000
v 35.940890 -14.993295 0.000000
v 36.070194 -14.993295 0.000000
v 36.174804 -14.917292 0.000000
v 36.214761 -14.794316 3.521646
v 36.174804 -14.671340 3.521646
v 36.070194 -14.595337 3.521646
v 35.940890 -14.595337 3.521646
v 35.836281 -14.671340 3.521646
v 35.796323 -14.794316 3.521646
v 35.836281 -14.917292 3.521646
v 35.940890 -14.993295 3.521646
v 36.070194 -14.993295 3.521646
v 36.174804 -14.917292 3.521646
v 36.005542 -14.794316 3.521646
v 36.483659 -14.794316 3.384488
v 36.392347 -14.513286 3.384488
v 36.153288 -14.339600 3.384488
v 35.857796 -14.339600 3.384488
v 35.618737 -14.513286 3.384488
v 35.527425 -14.794316 3.384488
v 35.618737 -15.075346 3.384488
v 35.857796 -15.249032 3.384488
v 36.153288 -15.249032 3.384488
v 36.392347 -15.075346 3.384488
v 36.779152 -14.794316 3.025403
v 36.631406 -14.339600 3.025403
v 36.244601 -14.058570 3.025403
v 35.766484 -14.058570 3.025403
v 35.379679 -14.339600 3.025403
v 35.231933 -14.794316 3.025403
v 35.379679 -15.249032 3.025403
v 35.766484 -15.530063 3.025403
v 36.244601 -15.530063 3.025403
v 36.631406 -15.249032 3.025403
v 36.779152 -14.794316 2.581550
v 36.631406 -14.339600 2.581550
v 36.244601 -14.058570 2.581550
v 35.766484 -14.058570 2.581550
v 35.379679 -14.339600 2.581550
v 35.231933 -14.794316 2.581550
v 35.379679 -15.249032 2.581550
v 35.766484 -15.530063 2.581550
v 36.244601 -15.530063 2.581550
v 36.631406 -15.249032 2.581550
v 36.483659 -14.794316 2.222465
v 36.392347 -14.513286 2.222465
v 36.153288 -14.339600 2.222465
v 35.857796 -14.339600 2.222465
v 35.618737 -14.513286 2.222465
v 35.527425 -14.794316 2.222465
v 35.618737 -15.075346 2.222465
v 35.857796 -15.249032 2.222465
v 36.153288 -15.249032 2.222465
v 36.392347 -15.075346 2.222465
v 36.005542 -14.794316 2.085307
v 58.166997 -4.696098 0.000000
v 58.126878 -4.572625 0.000000
v 58.021846 -4.496315 0.000000
v 57.892019 -4.496315 0.000000
v 57.786987 -4.572625 0.000000
v 57.746868 -4.696098 0.000000
v 57.786987 -4.819571 0.000000
v 57.892019 -4.895881 0.000000
v 58.021846 -4.895881 0.000000
v 58.126878 -4.819571 0.000000
v 58.166997 -4.696098 3.634047
v 58.126878 -4.572625 3.634047
v 58.021846 -4.496315 3.634047
v 57.892019 -4.496315 3.634047
v 57.786987 -4.572625 3.634047
v 57.746868 -4.696098 3.634047
v 57.786987 -4.819571 3.634047
v 57.892019 -4.895881 3.634047
v 58.021846 -4.895881 3.634047
v 58.126878 -4.819571 3.634047
v 57.956932 -4.696098 3.634047
v 58.356058 -4.696098 3.520928
v 58.279832 -4.461498 3.520928
v 58.080269 -4.316507 3.520928
v 57.833596 -4.316507 3.520928
v 57.634033 -4.461498 3.520928
v 57.557807 -4.696098 3.520928
v 57.634033 -4.930698 3.520928
v 57.833596 -5.075689 3.520928
v 58.080269 -5.075689 3.520928
v 58.279832 -4.930698 3.520928
v 58.602731 -4.696098 3.224777
v 58.479394 -4.316507 3.224777
v 58.156495 -4.081907 3.224777
v 57.757370 -4.081907 3.224777
v 57.434471 -4.316507 3.224777
v 57.311134 -4.696098 3.224777
v 57.434471 -5.075689 3.224777
v 57.757370 -5.310289 3.224777
v 58.156495 -5.310289 3.224777
v 58.479394 -5.075689 3.224777
v 58.602731 -4.696098 2.858715
v 58.479394 -4.316507 2.858715
v 58.156495 -4.081907 2.858715
v 57.757370 -4.081907 2.858715
v 57.434471 -4.316507 2.858715
v 57.311134 -4.696098 2.858715
v 57.434471 -5.075689 2.858715
v 57.757370 -5.310289 2.858715
v 58.156495 -5.310289 2.858715
v 58.479394 -5.075689 2.858715
v 58.356058 -4.696098 2.562565
v 58.279832 -4.461498 2.562565
v 58.080269 -4.316507 2.562565
v 57.833596 -4.316507 2.562565
v 57.634033 -4.461498 2.562565
v 57.557807 -4.696098 2.562565
v 57.634033 -4.930698 2.562565
v 57.833596 -5.075689 2.562565
v 58.080269 -5.075689 2.562565
v 58.279832 -4.930698 2.562565
v 57.956932 -4.696098 2.449446
v 17.472352 -18.074172 0.000000
v 17.427766 -17.936949 0.000000
v 17.311038 -17.852141 0.000000
v 17.166754 -17.852141 0.000000
v 17.050025 -17.936949 0.000000
v 17.005439 -18.074172 0.000000
v 17.050025 -18.211394 0.000000
v 17.166754 -18.296202 0.000000
v 17.311038 -18.296202 0.000000
v 17.427766 -18.211394 0.000000
v 17.472352 -18.074172 3.812360
v 17.427766 -17.936949 3.812360
v 17.311038 -17.852141 3.812360
v 17.166754 -17.852141 3.812360
v 17.050025 -17.936949 3.812360
v 17.005439 -18.074172 3.812360
v 17.050025 -18.211394 3.812360
v 17.166754 -18.296202 3.812360
v 17.311038 -18.296202 3.812360
v 17.427766 -18.211394 3.812360
v 17.238896 -18.074172 3.812360
v 17.689413 -18.074172 3.648162
v 17.603372 -17.809364 3.648162
v 17.378113 -17.645704 3.648162
v 17.099678 -17.645704 3.648162
v 16.874419 -17.809364 3.648162
v 16.788378 -18.074172 3.648162
v 16.874419 -18.338979 3.648162
v 17.099678 -18.502640 3.648162
v 17.378113 -18.502640 3.648162
v 17.603372 -18.338979 3.648162
v 17.967849 -18.074172 3.218288
v 17.828631 -17.645704 3.218288
v 17.464155 -17.380896 3.218288
v 17.013637 -17.380896 3.218288
v 16.649160 -17.645704 3.218288
v 16.509942 -18.074172 3.218288
v 16.649160 -18.502640 3.218288
v 17.013637 -18.767447 3.218288
v 17.464155 -18.767447 3.218288
v 17.828631 -18.502640 3.218288
v 17.967849 -18.074172 2.686935
v 17.828631 -17.645704 2.686935
v 17.464155 -17.380896 2.686935
v 17.013637 -17.380896 2.686935
v 16.649160 -17.645704 2.686935
v 16.509942 -18.074172 2.686935
v 16.649160 -18.502640 2.686935
v 17.013637 -18.767447 2.686935
v 17.464155 -18.767447 2.686935
v 17.828631 -18.502640 2.686935
v 17.689413 -18.074172 2.257061
v 17.603372 -17.809364 2.257061
v 17.378113 -17.645704 2.257061
v 17.099678 -17.645704 2.257061
v 16.874419 -17.809364 2.257061
v 16.788378 -18.074172 2.257061
v 16.874419 -18.338979 2.257061
v 17.099678 -18.502640 2.257061
v 17.378113 -18.502640 2.257061
v 17.603372 -18.338979 2.257061
v 17.238896 -18.074172 2.092863
v 61.064362 -16.822500 0.000000
v 61.029730 -16.715913 0.000000
v 60.939063 -16.650039 0.000000
v 60.826991 -16.650039 0.000000
v 60.736323 -16.715913 0.000000
v 60.701691 -16.822500 0.000000
v 60.736323 -16.929086 0.000000
v 60.826991 -16.994960 0.000000
v 60.939063 -16.994960 0.000000
v 61.029730 -16.929086 0.000000
v 61.064362 -16.822500 3.484610
v 61.029730 -16.715913 3.484610
v 60.939063 -16.650039 3.484610
v 60.826991 -16.650039 3.484610
v 60.736323 -16.715913 3.484610
v 60.701691 -16.822500 3.484610
v 60.736323 -16.929086 3.484610
v 60.826991 -16.994960 3.484610
v 60.939063 -16.994960 3.484610
v 61.029730 -16.929086 3.484610
v 60.883027 -16.822500 3.484610
v 61.310331 -16.822500 3.350316
v 61.228723 -16.571337 3.350316
v 61.015071 -16.416109 3.350316
v 60.750982 -16.416109 3.350316
v 60.537330 -16.571337 3.350316
v 60.455722 -16.822500 3.350316
v 60.537330 -17.073663 3.350316
v 60.750982 -17.228890 3.350316
v 61.015071 -17.228890 3.350316
v 61.228723 -17.073663 3.350316
v 61.574419 -16.822500 2.998728
v 61.442375 -16.416109 2.998728
v 61.096679 -16.164946 2.998728
v 60.669375 -16.164946 2.998728
v 60.323678 -16.416109 2.998728
v 60.191634 -16.822500 2.998728
v 60.323678 -17.228890 2.998728
v 60.669375 -17.480053 2.998728
v 61.096679 -17.480053 2.998728
v 61.442375 -17.228890 2.998728
v 61.574419 -16.822500 2.564141
v 61.442375 -16.416109 2.564141
v 61.096679 -16.164946 2.564141
v 60.669375 -16.164946 2.564141
v 60.323678 -16.416109 2.564141
v 60.191634 -16.822500 2.564141
v 60.323678 -17.228890 2.564141
v 60.669375 -17.480053 2.564141
v 61.096679 -17.480053 2.564141
v 61.442375 -17.228890 2.564141
v 61.310331 -16.822500 2.212554
v 61.228723 -16.571337 2.212554
v 61.015071 -16.416109 2.212554
v 60.750982 -16.416109 2.212554
v 60.537330 -16.571337 2.212554
v 60.455722 -16.822500 2.212554
v 60.537330 -17.073663 2.212554
v 60.750982 -17.228890 2.212554
v 61.015071 -17.228890 2.212554
v 61.228723 -17.073663 2.212554
v 60.883027 -16.822500 2.078259
v 42.966067 -16.340605 0.000000
v 42.922300 -16.205903 0.000000
v 42.807716 -16.122653 0.000000
v 42.666082 -16.122653 0.000000
v 42.551497 -16.205903 0.000000
v 42.507730 -16.340605 0.000000
v 42.551497 -16.475307 0.000000
v 42.666082 -16.558557 0.000000
v 42.807716 -16.558557 0.000000
v 42.922300 -16.475307 0.000000
v 42.966067 -16.340605 3.123649
v 42.922300 -16.205903 3.123649
v 42.807716 -16.122653 3.123649
v 42.666082 -16.122653 3.123649
v 42.551497 -16.205903 3.123649
v 42.507730 -16.340605 3.123649
v 42.551497 -16.475307 3.123649
v 42.666082 -16.558557 3.123649
v 42.807716 -16.558557 3.123649
v 42.922300 -16.475307 3.123649
v 42.736899 -16.340605 3.123649
v 43.195026 -16.340605 2.974056
v 43.107532 -16.071324 2.974056
v 42.878468 -15.904900 2.974056
v 42.595329 -15.904900 2.974056
v 42.366266 -16.071324 2.974056
v 42.278771 -16.340605 2.974056
v 42.366266 -16.609886 2.974056
v 42.595329 -16.776310 2.974056
v 42.878468 -16.776310 2.974056
v 43.107532 -16.609886 2.974056
v 43.478165 -16.340605 2.582417
v 43.336596 -15.904900 2.582417
v 42.965963 -15.635619 2.582417
v 42.507835 -15.635619 2.582417
v 42.137202 -15.904900 2.582417
v 41.995633 -16.340605 2.582417
v 42.137202 -16.776310 2.582417
v 42.507835 -17.045591 2.582417
v 42.965963 -17.045591 2.582417
v 43.336596 -16.776310 2.582417
v 43.478165 -16.340605 2.098324
v 43.336596 -15.904900 2.098324
v 42.965963 -15.635619 2.098324
v 42.507835 -15.635619 2.098324
v 42.137202 -15.904900 2.098324
v 41.995633 -16.340605 2.098324
v 42.137202 -16.776310 2.098324
v 42.507835 -17.045591 2.098324
v 42.965963 -17.045591 2.098324
v 43.336596 -16.776310 2.098324
v 43.195026 -16.340605 1.706685
v 43.107532 -16.071324 1.706685
v 42.878468 -15.904900 1.706685
v 42.595329 -15.904900 1.706685
v 42.366266 -16.071324 1.706685
v 42.278771 -16.340605 1.706685
v 42.366266 -16.609886 1.706685
v 42.595329 -16.776310 1.706685
v 42.878468 -16.776310 1.706685
v 43.107532 -16.609886 1.706685
v 42.736899 -16.340605 1.557092
v 1.044707 -14.697218 0.000000
v 1.009341 -14.588372 0.000000
v 0.916751 -14.521101 0.000000
v 0.802304 -14.521101 0.000000
v 0.709714 -14.588372 0.000000
v 0.674348 -14.697218 0.000000
v 0.709714 -14.806064 0.000000
v 0.802304 -14.873334 0.000000
v 0.916751 -14.873334 0.000000
v 1.009341 -14.806064 0.000000
v 1.044707 -14.697218 3.654375
v 1.009341 -14.588372 3.654375
v 0.916751 -14.521101 3.654375
v 0.802304 -14.521101 3.654375
v 0.709714 -14.588372 3.654375
v 0.674348 -14.697218 3.654375
v 0.709714 -14.806064 3.654375
v 0.802304 -14.873334 3.654375
v 0.916751 -14.873334 3.654375
v 1.009341 -14.806064 3.654375
v 0.859527 -14.697218 3.654375
v 1.339942 -14.697218 3.454567
v 1.248191 -14.414837 3.454567
v 1.007984 -14.240316 3.454567
v 0.711071 -14.240316 3.454567
v 0.470864 -14.414837 3.454567
v 0.379113 -14.697218 3.454567
v 0.470864 -14.979598 3.454567
v 0.711071 -15.154119 3.454567
v 1.007984 -15.154119 3.454567
v 1.248191 -14.979598 3.454567
v 1.636855 -14.697218 2.931462
v 1.488398 -14.240316 2.931462
v 1.099735 -13.957936 2.931462
v 0.619320 -13.957936 2.931462
v 0.230656 -14.240316 2.931462
v 0.082200 -14.697218 2.931462
v 0.230656 -15.154119 2.931462
v 0.619320 -15.436500 2.931462
v 1.099735 -15.436500 2.931462
v 1.488398 -15.154119 2.931462
v 1.636855 -14.697218 2.284869
v 1.488398 -14.240316 2.284869
v 1.099735 -13.957936 2.284869
v 0.619320 -13.957936 2.284869
v 0.230656 -14.240316 2.284869
v 0.082200 -14.697218 2.284869
v 0.230656 -15.154119 2.284869
v 0.619320 -15.436500 2.284869
v 1.099735 -15.436500 2.284869
v 1.488398 -15.154119 2.284869
v 1.339942 -14.697218 1.761764
v 1.248191 -14.414837 1.761764
v 1.007984 -14.240316 1.761764
v 0.711071 -14.240316 1.761764
v 0.470864 -14.414837 1.761764
v 0.379113 -14.697218 1.761764
v 0.470864 -14.979598 1.761764
v 0.711071 -15.154119 1.761764
v 1.007984 -15.154119 1.761764
v 1.248191 -14.979598 1.761764
v 0.859527 -14.697218 1.561955
v 27.922080 -14.783569 0.000000
v 27.886626 -14.674453 0.000000
v 27.793806 -14.607015 0.000000
v 27.679074 -14.607015 0.000000
v 27.586254 -14.674453 0.000000
v 27.550799 -14.783569 0.000000
v 27.586254 -14.892686 0.000000
v 27.679074 -14.960124 0.000000
v 27.793806 -14.960124 0.000000
v 27.886626 -14.892686 0.000000
v 27.922080 -14.783569 3.545491
v 27.886626 -14.674453 3.545491
v 27.793806 -14.607015 3.545491
v 27.679074 -14.607015 3.545491
v 27.586254 -14.674453 3.545491
v 27.550799 -14.783569 3.545491
v 27.586254 -14.892686 3.545491
v 27.679074 -14.960124 3.545491
v 27.793806 -14.960124 3.545491
v 27.886626 -14.892686 3.545491
v 27.736440 -14.783569 3.545491
v 28.132635 -14.783569 3.432390
v 28.056968 -14.550692 3.432390
v 27.858871 -14.406765 3.432390
v 27.614009 -14.406765 3.432390
v 27.415911 -14.550692 3.432390
v 27.340245 -14.783569 3.432390
v 27.415911 -15.016447 3.432390
v 27.614009 -15.160373 3.432390
v 27.858871 -15.160373 3.432390
v 28.056968 -15.016447 3.432390
v 28.377497 -14.783569 3.136288
v 28.255066 -14.406765 3.136288
v 27.934537 -14.173888 3.136288
v 27.538342 -14.173888 3.136288
v 27.217814 -14.406765 3.136288
v 27.095383 -14.783569 3.136288
v 27.217814 -15.160373 3.136288
v 27.538342 -15.393251 3.136288
v 27.934537 -15.393251 3.136288
v 28.255066 -15.160373 3.136288
v 28.377497 -14.783569 2.770286
v 28.255066 -14.406765 2.770286
v 27.934537 -14.173888 2.770286
v 27.538342 -14.173888 2.770286
v 27.217814 -14.406765 2.770286
v 27.095383 -14.783569 2.770286
v 27.217814 -15.160373 2.770286
v 27.538342 -15.393251 2.770286
v 27.934537 -15.393251 2.770286
v 28.255066 -15.160373 2.770286
v 28.132635 -14.783569 2.474183
v 28.056968 -14.550692 2.474183
v 27.858871 -14.406765 2.474183
v 27.614009 -14.406765 2.474183
v 27.415911 -14.550692 2.474183
v 27.340245 -14.783569 2.474183
v 27.415911 -15.016447 2.474183
v 27.614009 -15.160373 2.474183
v 27.858871 -15.160373 2.474183
v 28.056968 -15.016447 2.474183
v 27.736440 -14.783569 2.361082
v 12.807703 -0.811412 0.000000
v 12.776409 -0.715099 0.000000
v 12.694480 -0.655575 0.000000
v 12.593211 -0.655575 0.000000
v 12.511282 -0.715099 0.000000
v 12.479988 -0.811412 0.000000
v 12.511282 -0.907725 0.000000
v 12.593211 -0.967250 0.000000
v 12.694480 -0.967250 0.000000
v 12.776409 -0.907725 0.000000
v 12.807703 -0.811412 3.354354
v 12.776409 -0.715099 3.354354
v 12.694480 -0.655575 3.354354
v 12.593211 -0.655575 3.354354
v 12.511282 -0.715099 3.354354
v 12.479988 -0.811412 3.354354
v 12.511282 -0.907725 3.354354
v 12.593211 -0.967250 3.354354
v 12.694480 -0.967250 3.354354
v 12.776409 -0.907725 3.354354
v 12.643846 -0.811412 3.354354
v 13.075850 -0.811412 3.177284
v 12.993344 -0.557487 3.177284
v 12.777342 -0.400552 3.177284
v 12.510349 -0.400552 3.177284
v 12.294347 -0.557487 3.177284
v 12.211841 -0.811412 3.177284
v 12.294347 -1.065338 3.177284
v 12.510349 -1.222273 3.177284
v 12.777342 -1.222273 3.177284
v 12.993344 -1.065338 3.177284
v 13.342843 -0.811412 2.713708
v 13.209347 -0.400552 2.713708
v 12.859848 -0.146626 2.713708
v 12.427843 -0.146626 2.713708
v 12.078345 -0.400552 2.713708
v 11.944848 -0.811412 2.713708
v 12.078345 -1.222273 2.713708
v 12.427843 -1.476199 2.713708
v 12.859848 -1.476199 2.713708
v 13.209347 -1.222273 2.713708
v 13.342843 -0.811412 2.140697
v 13.209347 -0.400552 2.140697
v 12.859848 -0.146626 2.140697
v 12.427843 -0.146626 2.140697
v 12.078345 -0.400552 2.140697
v 11.944848 -0.811412 2.140697
v 12.078345 -1.222273 2.140697
v 12.427843 -1.476199 2.140697
v 12.859848 -1.476199 2.140697
v 13.209347 -1.222273 2.140697
v 13.075850 -0.811412 1.677121
v 12.993344 -0.557487 1.677121
v 12.777342 -0.400552 1.677121
v 12.510349 -0.400552 1.677121
v 12.294347 -0.557487 1.677121
v 12.211841 -0.811412 1.677121
v 12.294347 -1.065338 1.677121
v 12.510349 -1.222273 1.677121
v 12.777342 -1.222273 1.677121
v 12.993344 -1.065338 1.677121
v 12.643846 -0.811412 1.500050
v 50.524613 -0.863278 0.000000
v 50.483675 -0.737282 0.000000
v 50.376496 -0.659413 0.000000
v 50.244016 -0.659413 0.000000
v 50.136838 -0.737282 0.000000
v 50.095900 -0.863278 0.000000
v 50.136838 -0.989274 0.000000
v 50.244016 -1.067143 0.000000
v 50.376496 -1.067143 0.000000
v 50.483675 -0.989274 0.000000
v 50.524613 -0.863278 3.264277
v 50.483675 -0.737282 3.264277
v 50.376496 -0.659413 3.264277
v 50.244016 -0.659413 3.264277
v 50.136838 -0.737282 3.264277
v 50.095900 -0.863278 3.264277
v 50.136838 -0.989274 3.264277
v 50.244016 -1.067143 3.264277
v 50.376496 -1.067143 3.264277
v 50.483675 -0.989274 3.264277
v 50.310256 -0.863278 3.264277
v 50.733539 -0.863278 3.118351
v 50.652699 -0.614479 3.118351
v 50.441058 -0.460712 3.118351
v 50.179455 -0.460712 3.118351
v 49.967814 -0.614479 3.118351
v 49.886974 -0.863278 3.118351
v 49.967814 -1.112077 3.118351
v 50.179455 -1.265843 3.118351
v 50.441058 -1.265843 3.118351
v 50.652699 -1.112077 3.118351
v 50.995142 -0.863278 2.736312
v 50.864340 -0.460712 2.736312
v 50.521898 -0.211913 2.736312
v 50.098615 -0.211913 2.736312
v 49.756172 -0.460712 2.736312
v 49.625371 -0.863278 2.736312
v 49.756172 -1.265843 2.736312
v 50.098615 -1.514643 2.736312
v 50.521898 -1.514643 2.736312
v 50.864340 -1.265843 2.736312
v 50.995142 -0.863278 2.264085
v 50.864340 -0.460712 2.264085
v 50.521898 -0.211913 2.264085
v 50.098615 -0.211913 2.264085
v 49.756172 -0.460712 2.264085
v 49.625371 -0.863278 2.264085
v 49.756172 -1.265843 2.264085
v 50.098615 -1.514643 2.264085
v 50.521898 -1.514643 2.264085
v 50.864340 -1.265843 2.264085
v 50.733539 -0.863278 1.882045
v 50.652699 -0.614479 1.882045
v 50.441058 -0.460712 1.882045
v 50.179455 -0.460712 1.882045
v 49.967814 -0.614479 1.882045
v 49.886974 -0.863278 1.882045
v 49.967814 -1.112077 1.882045
v 50.179455 -1.265843 1.882045
v 50.441058 -1.265843 1.882045
v 50.652699 -1.112077 1.882045
v 50.310256 -0.863278 1.736119
v 4.027878 -16.809403 0.000000
v 3.989281 -16.690611 0.000000
v 3.888231 -16.617194 0.000000
v 3.763326 -16.617194 0.000000
v 3.662277 -16.690611 0.000000
v 3.623679 -16.809403 0.000000
v 3.662277 -16.928194 0.000000
v 3.763326 -17.001611 0.000000
v 3.888231 -17.001611 0.000000
v 3.989281 -16.928194 0.000000
v 4.027878 -16.809403 3.684543
v 3.989281 -16.690611 3.684543
v 3.888231 -16.617194 3.684543
v 3.763326 -16.617194 3.684543
v 3.662277 -16.690611 3.684543
v 3.623679 -16.809403 3.684543
v 3.662277 -16.928194 3.684543
v 3.763326 -17.001611 3.684543
v 3.888231 -17.001611 3.684543
v 3.989281 -16.928194 3.684543
v 3.825779 -16.809403 3.684543
v 4.309381 -16.809403 3.531548
v 4.217021 -16.525148 3.531548
v 3.975220 -16.349469 3.531548
v 3.676337 -16.349469 3.531548
v 3.434536 -16.525148 3.531548
v 3.342176 -16.809403 3.531548
v 3.434536 -17.093657 3.531548
v 3.676337 -17.269336 3.531548
v 3.975220 -17.269336 3.531548
v 4.217021 -17.093657 3.531548
v 4.608264 -16.809403 3.131003
v 4.458823 -16.349469 3.131003
v 4.067580 -16.065214 3.131003
v 3.583977 -16.065214 3.131003
v 3.192735 -16.349469 3.131003
v 3.043293 -16.809403 3.131003
v 3.192735 -17.269336 3.131003
v 3.583977 -17.553591 3.131003
v 4.067580 -17.553591 3.131003
v 4.458823 -17.269336 3.131003
v 4.608264 -16.809403 2.635901
v 4.458823 -16.349469 2.635901
v 4.067580 -16.065214 2.635901
v 3.583977 -16.065214 2.635901
v 3.192735 -16.349469 2.635901
v 3.043293 -16.809403 2.635901
v 3.192735 -17.269336 2.635901
v 3.583977 -17.553591 2.635901
v 4.067580 -17.553591 2.635901
v 4.458823 -17.269336 2.635901
v 4.309381 -16.809403 2.235355
v 4.217021 -16.525148 2.235355
v 3.975220 -16.349469 2.235355
v 3.676337 -16.349469 2.235355
v 3.434536 -16.525148 2.235355
v 3.342176 -16.809403 2.235355
v 3.434536 -17.093657 2.235355
v 3.676337 -17.269336 2.235355
v 3.975220 -17.269336 2.235355
v 4.217021 -17.093657 2.235355
v 3.825779 -16.809403 2.082360
v 32.097633 -9.222411 0.000000
v 32.057908 -9.100151 0.000000
v 31.953908 -9.024590 0.000000
v 31.825356 -9.024590 0.000000
v 31.721356 -9.100151 0.000000
v 31.681631 -9.222411 0.000000
v 31.721356 -9.344671 0.000000
v 31.825356 -9.420232 0.000000
v 31.953908 -9.420232 0.000000
v 32.057908 -9.344671 0.000000
v 32.097633 -9.222411 3.649077
v 32.057908 -9.100151 3.649077
v 31.953908 -9.024590 3.649077
v 31.825356 -9.024590 3.649077
v 31.721356 -9.100151 3.649077
v 31.681631 -9.222411 3.649077
v 31.721356 -9.344671 3.649077
v 31.825356 -9.420232 3.649077
v 31.953908 -9.420232 3.649077
v 32.057908 -9.344671 3.649077
v 31.889632 -9.222411 3.649077
v 32.361213 -9.222411 3.454083
v 32.271149 -8.945222 3.454083
v 32.035359 -8.773911 3.454083
v 31.743905 -8.773911 3.454083
v 31.508115 -8.945222 3.454083
v 31.418051 -9.222411 3.454083
v 31.508115 -9.499600 3.454083
v 31.743905 -9.670911 3.454083
v 32.035359 -9.670911 3.454083
v 32.271149 -9.499600 3.454083
v 32.652667 -9.222411 2.943583
v 32.506940 -8.773911 2.943583
v 32.125423 -8.496722 2.943583
v 31.653841 -8.496722 2.943583
v 31.272324 -8.773911 2.943583
v 31.126598 -9.222411 2.943583
v 31.272324 -9.670911 2.943583
v 31.653841 -9.948100 2.943583
v 32.125423 -9.948100 2.943583
v 32.506940 -9.670911 2.943583
v 32.652667 -9.222411 2.312570
v 32.506940 -8.773911 2.312570
v 32.125423 -8.496722 2.312570
v 31.653841 -8.496722 2.312570
v 31.272324 -8.773911 2.312570
v 31.126598 -9.222411 2.312570
v 31.272324 -9.670911 2.312570
v 31.653841 -9.948100 2.312570
v 32.125423 -9.948100 2.312570
v 32.506940 -9.670911 2.312570
v 32.361213 -9.222411 1.802069
v 32.271149 -8.945222 1.802069
v 32.035359 -8.773911 1.802069
v 31.743905 -8.773911 1.802069
v 31.508115 -8.945222 1.802069
v 31.418051 -9.222411 1.802069
v 31.508115 -9.499600 1.802069
v 31.743905 -9.670911 1.802069
v 32.035359 -9.670911 1.802069
v 32.271149 -9.499600 1.802069
v 31.889632 -9.222411 1.607076
v 39.566458 -15.093895 0.000000
v 39.529884 -14.981333 0.000000
v 39.434133 -14.911765 0.000000
v 39.315778 -14.911765 0.000000
v 39.220026 -14.981333 0.000000
v 39.183452 -15.093895 0.000000
v 39.220026 -15.206458 0.000000
v 39.315778 -15.276025 0.000000
v 39.434133 -15.276025 0.000000
v 39.529884 -15.206458 0.000000
v 39.566458 -15.093895 3.863226
v 39.529884 -14.981333 3.863226
v 39.434133 -14.911765 3.863226
v 39.315778 -14.911765 3.863226
v 39.220026 -14.981333 3.863226
v 39.183452 -15.093895 3.863226
v 39.220026 -15.206458 3.863226
v 39.315778 -15.276025 3.863226
v 39.434133 -15.276025 3.863226
v 39.529884 -15.206458 3.863226
v 39.374955 -15.093895 3.863226
v 39.857347 -15.093895 3.679072
v 39.765219 -14.810352 3.679072
v 39.524023 -14.635113 3.679072
v 39.225888 -14.635113 3.679072
v 38.984692 -14.810352 3.679072
v 38.892563 -15.093895 3.679072
v 38.984692 -15.377438 3.679072
v 39.225888 -15.552677 3.679072
v 39.524023 -15.552677 3.679072
v 39.765219 -15.377438 3.679072
v 40.155482 -15.093895 3.196948
v 40.006415 -14.635113 3.196948
v 39.616151 -14.351570 3.196948
v 39.133759 -14.351570 3.196948
v 38.743496 -14.635113 3.196948
v 38.594428 -15.093895 3.196948
v 38.743496 -15.552677 3.196948
v 39.133759 -15.836221 3.196948
v 39.616151 -15.836221 3.196948
v 40.006415 -15.552677 3.196948
v 40.155482 -15.093895 2.601011
v 40.006415 -14.635113 2.601011
v 39.616151 -14.351570 2.601011
v 39.133759 -14.351570 2.601011
v 38.743496 -14.635113 2.601011
v 38.594428 -15.093895 2.601011
v 38.743496 -15.552677 2.601011
v 39.133759 -15.836221 2.601011
v 39.616151 -15.836221 2.601011
v 40.006415 -15.552677 2.601011
v 39.857347 -15.093895 2.118887
v 39.765219 -14.810352 2.118887
v 39.524023 -14.635113 2.118887
v 39.225888 -14.635113 2.118887
v 38.984692 -14.810352 2.118887
v 38.892563 -15.093895 2.118887
v 38.984692 -15.377438 2.118887
v 39.225888 -15.552677 2.118887
v 39.524023 -15.552677 2.118887
v 39.765219 -15.377438 2.118887
v 39.374955 -15.093895 1.934733
v 36.196585 -18.121823 0.000000
v 36.161669 -18.014361 0.000000
v 36.070256 -17.947946 0.000000
v 35.957264 -17.947946 0.000000
v 35.865852 -18.014361 0.000000
v 35.830935 -18.121823 0.000000
v 35.865852 -18.229285 0.000000
v 35.957264 -18.295700 0.000000
v 36.070256 -18.295700 0.000000
v 36.161669 -18.229285 0.000000
v 36.196585 -18.121823 3.560333
v 36.161669 -18.014361 3.560333
v 36.070256 -17.947946 3.560333
v 35.957264 -17.947946 3.560333
v 35.865852 -18.014361 3.560333
v 35.830935 -18.121823 3.560333
v 35.865852 -18.229285 3.560333
v 35.957264 -18.295700 3.560333
v 36.070256 -18.295700 3.560333
v 36.161669 -18.229285 3.560333
v 36.013760 -18.121823 3.560333
v 36.510694 -18.121823 3.418918
v 36.415788 -17.829733 3.418918
v 36.167321 -17.649211 3.418918
v 35.860199 -17.649211 3.418918
v 35.611732 -17.829733 3.418918
v 35.516826 -18.121823 3.418918
v 35.611732 -18.413914 3.418918
v 35.860199 -18.594435 3.418918
v 36.167321 -18.594435 3.418918
v 36.415788 -18.413914 3.418918
v 36.817816 -18.121823 3.048687
v 36.664255 -17.649211 3.048687
v 36.262227 -17.357121 3.048687
v 35.765293 -17.357121 3.048687
v 35.363265 -17.649211 3.048687
v 35.209705 -18.121823 3.048687
v 35.363265 -18.594435 3.048687
v 35.765293 -18.886526 3.048687
v 36.262227 -18.886526 3.048687
v 36.664255 -18.594435 3.048687
v 36.817816 -18.121823 2.591057
v 36.664255 -17.649211 2.591057
v 36.262227 -17.357121 2.591057
v 35.765293 -17.357121 2.591057
v 35.363265 -17.649211 2.591057
v 35.209705 -18.121823 2.591057
v 35.363265 -18.594435 2.591057
v 35.765293 -18.886526 2.591057
v 36.262227 -18.886526 2.591057
v 36.664255 -18.594435 2.591057
v 36.510694 -18.121823 2.220827
v 36.415788 -17.829733 2.220827
v 36.167321 -17.649211 2.220827
v 35.860199 -17.649211 2.220827
v 35.611732 -17.829733 2.220827
v 35.516826 -18.121823 2.220827
v 35.611732 -18.413914 2.220827
v 35.860199 -18.594435 2.220827
v 36.167321 -18.594435 2.220827
v 36.415788 -18.413914 2.220827
v 36.013760 -18.121823 2.079411
v 24.175768 -0.824675 0.000000
v 24.139210 -0.712163 0.000000
v 24.043502 -0.642627 0.000000
v 23.925201 -0.642627 0.000000
v 23.829493 -0.712163 0.000000
v 23.792936 -0.824675 0.000000
v 23.829493 -0.937186 0.000000
v 23.925201 -1.006722 0.000000
v 24.043502 -1.006722 0.000000
v 24.139210 -0.937186 0.000000
v 24.175768 -0.824675 3.080000
v 24.139210 -0.712163 3.080000
v 24.043502 -0.642627 3.080000
v 23.925201 -0.642627 3.080000
v 23.829493 -0.712163 3.080000
v 23.792936 -0.824675 3.080000
v 23.829493 -0.937186 3.080000
v 23.925201 -1.006722 3.080000
v 24.043502 -1.006722 3.080000
v 24.139210 -0.937186 3.080000
v 23.984352 -0.824675 3.080000
v 24.424151 -0.824675 2.928245
v 24.340157 -0.566167 2.928245
v 24.120257 -0.406400 2.928245
v 23.848446 -0.406400 2.928245
v 23.628546 -0.566167 2.928245
v 23.544552 -0.824675 2.928245
v 23.628546 -1.083182 2.928245
v 23.848446 -1.242949 2.928245
v 24.120257 -1.242949 2.928245
v 24.340157 -1.083182 2.928245
v 24.695963 -0.824675 2.530946
v 24.560057 -0.406400 2.530946
v 24.204252 -0.147892 2.530946
v 23.764452 -0.147892 2.530946
v 23.408646 -0.406400 2.530946
v 23.272741 -0.824675 2.530946
v 23.408646 -1.242949 2.530946
v 23.764452 -1.501457 2.530946
v 24.204252 -1.501457 2.530946
v 24.560057 -1.242949 2.530946
v 24.695963 -0.824675 2.039857
v 24.560057 -0.406400 2.039857
v 24.204252 -0.147892 2.039857
v 23.764452 -0.147892 2.039857
v 23.408646 -0.406400 2.039857
v 23.272741 -0.824675 2.039857
v 23.408646 -1.242949 2.039857
v 23.764452 -1.501457 2.039857
v 24.204252 -1.501457 2.039857
v 24.560057 -1.242949 2.039857
v 24.424151 -0.824675 1.642557
v 24.340157 -0.566167 1.642557
v 24.120257 -0.406400 1.642557
v 23.848446 -0.406400 1.642557
v 23.628546 -0.566167 1.642557
v 23.544552 -0.824675 1.642557
v 23.628546 -1.083182 1.642557
v 23.848446 -1.242949 1.642557
v 24.120257 -1.242949 1.642557
v 24.340157 -1.083182 1.642557
v 23.984352 -0.824675 1.490802
v 10.179838 -16.861784 0.000000
v 10.150830 -16.772508 0.000000
v 10.074888 -16.717333 0.000000
v 9.981018 -16.717333 0.000000
v 9.905075 -16.772508 0.000000
v 9.876068 -16.861784 0.000000
v 9.905075 -16.951059 0.000000
v 9.981018 -17.006235 0.000000
v 10.074888 -17.006235 0.000000
v 10.150830 -16.951059 0.000000
v 10.179838 -16.861784 3.048414
v 10.150830 -16.772508 3.048414
v 10.074888 -16.717333 3.048414
v 9.981018 -16.717333 3.048414
v 9.905075 -16.772508 3.048414
v 9.876068 -16.861784 3.048414
v 9.905075 -16.951059 3.048414
v 9.981018 -17.006235 3.048414
v 10.074888 -17.006235 3.048414
v 10.150830 -16.951059 3.048414
v 10.027953 -16.861784 3.048414
v 10.383336 -16.861784 2.915453
v 10.315464 -16.652895 2.915453
v 10.137772 -16.523794 2.915453
v 9.918133 -16.523794 2.915453
v 9.740442 -16.652895 2.915453
v 9.672570 -16.861784 2.915453
v 9.740442 -17.070673 2.915453
v 9.918133 -17.199773 2.915453
v 10.137772 -17.199773 2.915453
v 10.315464 -17.070673 2.915453
v 10.602975 -16.861784 2.567357
v 10.493156 -16.523794 2.567357
v 10.205644 -16.314905 2.567357
v 9.850261 -16.314905 2.567357
v 9.562750 -16.523794 2.567357
v 9.452931 -16.861784 2.567357
v 9.562750 -17.199773 2.567357
v 9.850261 -17.408662 2.567357
v 10.205644 -17.408662 2.567357
v 10.493156 -17.199773 2.567357
v 10.602975 -16.861784 2.137086
v 10.493156 -16.523794 2.137086
v 10.205644 -16.314905 2.137086
v 9.850261 -16.314905 2.137086
v 9.562750 -16.523794 2.137086
v 9.452931 -16.861784 2.137086
v 9.562750 -17.199773 2.137086
v 9.850261 -17.408662 2.137086
v 10.205644 -17.408662 2.137086
v 10.493156 -17.199773 2.137086
v 10.383336 -16.861784 1.788989
v 10.315464 -16.652895 1.788989
v 10.137772 -16.523794 1.788989
v 9.918133 -16.523794 1.788989
v 9.740442 -16.652895 1.788989
v 9.672570 -16.861784 1.788989
v 9.740442 -17.070673 1.788989
v 9.918133 -17.199773 1.788989
v 10.137772 -17.199773 1.788989
v 10.315464 -17.070673 1.788989
v 10.027953 -16.861784 1.656028
v 28.640367 -10.500712 0.000000
v 28.609005 -10.404190 0.000000
v 28.526898 -10.344536 0.000000
v 28.425409 -10.344536 0.000000
v 28.343302 -10.404190 0.000000
v 28.311940 -10.500712 0.000000
v 28.343302 -10.597234 0.000000
v 28.425409 -10.656888 0.000000
v 28.526898 -10.656888 0.000000
v 28.609005 -10.597234 0.000000
v 28.640367 -10.500712 3.508064
v 28.609005 -10.404190 3.508064
v 28.526898 -10.344536 3.508064
v 28.425409 -10.344536 3.508064
v 28.343302 -10.404190 3.508064
v 28.311940 -10.500712 3.508064
v 28.343302 -10.597234 3.508064
v 28.425409 -10.656888 3.508064
v 28.526898 -10.656888 3.508064
v 28.609005 -10.597234 3.508064
v 28.476153 -10.500712 3.508064
v 28.945625 -10.500712 3.353191
v 28.855964 -10.224763 3.353191
v 28.621228 -10.054218 3.353191
v 28.331079 -10.054218 3.353191
v 28.096343 -10.224763 3.353191
v 28.006681 -10.500712 3.353191
v 28.096343 -10.776661 3.353191
v 28.331079 -10.947206 3.353191
v 28.621228 -10.947206 3.353191
v 28.855964 -10.776661 3.353191
v 29.235775 -10.500712 2.947730
v 29.090700 -10.054218 2.947730
v 28.710889 -9.778269 2.947730
v 28.241417 -9.778269 2.947730
v 27.861607 -10.054218 2.947730
v 27.716532 -10.500712 2.947730
v 27.861607 -10.947206 2.947730
v 28.241417 -11.223155 2.947730
v 28.710889 -11.223155 2.947730
v 29.090700 -10.947206 2.947730
v 29.235775 -10.500712 2.446552
v 29.090700 -10.054218 2.446552
v 28.710889 -9.778269 2.446552
v 28.241417 -9.778269 2.446552
v 27.861607 -10.054218 2.446552
v 27.716532 -10.500712 2.446552
v 27.861607 -10.947206 2.446552
v 28.241417 -11.223155 2.446552
v 28.710889 -11.223155 2.446552
v 29.090700 -10.947206 2.446552
v 28.945625 -10.500712 2.041090
v 28.855964 -10.224763 2.041090
v 28.621228 -10.054218 2.041090
v 28.331079 -10.054218 2.041090
v 28.096343 -10.224763 2.041090
v 28.006681 -10.500712 2.041090
v 28.096343 -10.776661 2.041090
v 28.331079 -10.947206 2.041090
v 28.621228 -10.947206 2.041090
v 28.855964 -10.776661 2.041090
v 28.476153 -10.500712 1.886218
v 49.256806 -17.316002 0.000000
v 49.215085 -17.187600 0.000000
v 49.105861 -17.108244 0.000000
v 48.970851 -17.108244 0.000000
v 48.861627 -17.187600 0.000000
v 48.819907 -17.316002 0.000000
v 48.861627 -17.444403 0.000000
v 48.970851 -17.523760 0.000000
v 49.105861 -17.523760 0.000000
v 49.215085 -17.444403 0.000000
v 49.256806 -17.316002 3.721083
v 49.215085 -17.187600 3.721083
v 49.105861 -17.108244 3.721083
v 48.970851 -17.108244 3.721083
v 48.861627 -17.187600 3.721083
v 48.819907 -17.316002 3.721083
v 48.861627 -17.444403 3.721083
v 48.970851 -17.523760 3.721083
v 49.105861 -17.523760 3.721083
v 49.215085 -17.444403 3.721083
v 49.038356 -17.316002 3.721083
v 49.448424 -17.316002 3.576145
v 49.370108 -17.074970 3.576145
v 49.165074 -16.926004 3.576145
v 48.911638 -16.926004 3.576145
v 48.706604 -17.074970 3.576145
v 48.628289 -17.316002 3.576145
v 48.706604 -17.557033 3.576145
v 48.911638 -17.705999 3.576145
v 49.165074 -17.705999 3.576145
v 49.370108 -17.557033 3.576145
v 49.701859 -17.316002 3.196690
v 49.575141 -16.926004 3.196690
v 49.243390 -16.684973 3.196690
v 48.833322 -16.684973 3.196690
v 48.501571 -16.926004 3.196690
v 48.374853 -17.316002 3.196690
v 48.501571 -17.705999 3.196690
v 48.833322 -17.947031 3.196690
v 49.243390 -17.947031 3.196690
v 49.575141 -17.705999 3.196690
v 49.701859 -17.316002 2.727659
v 49.575141 -16.926004 2.727659
v 49.243390 -16.684973 2.727659
v 48.833322 -16.684973 2.727659
v 48.501571 -16.926004 2.727659
v 48.374853 -17.316002 2.727659
v 48.501571 -17.705999 2.727659
v 48.833322 -17.947031 2.727659
v 49.243390 -17.947031 2.727659
v 49.575141 -17.705999 2.727659
v 49.448424 -17.316002 2.348205
v 49.370108 -17.074970 2.348205
v 49.165074 -16.926004 2.348205
v 48.911638 -16.926004 2.348205
v 48.706604 -17.074970 2.348205
v 48.628289 -17.316002 2.348205
v 48.706604 -17.557033 2.348205
v 48.911638 -17.705999 2.348205
v 49.165074 -17.705999 2.348205
v 49.370108 -17.557033 2.348205
v 49.038356 -17.316002 2.203267
v 46.000109 -15.137021 0.000000
v 45.958589 -15.009235 0.000000
v 45.849887 -14.930258 0.000000
v 45.715524 -14.930258 0.000000
v 45.606823 -15.009235 0.000000
v 45.565302 -15.137021 0.000000
v 45.606823 -15.264808 0.000000
v 45.715524 -15.343784 0.000000
v 45.849887 -15.343784 0.000000
v 45.958589 -15.264808 0.000000
v 46.000109 -15.137021 3.392194
v 45.958589 -15.009235 3.392194
v 45.849887 -14.930258 3.392194
v 45.715524 -14.930258 3.392194
v 45.606823 -15.009235 3.392194
v 45.565302 -15.137021 3.392194
v 45.606823 -15.264808 3.392194
v 45.715524 -15.343784 3.392194
v 45.849887 -15.343784 3.392194
v 45.958589 -15.264808 3.392194
v 45.782706 -15.137021 3.392194
v 46.252966 -15.137021 3.232473
v 46.163154 -14.860609 3.232473
v 45.928024 -14.689777 3.232473
v 45.637387 -14.689777 3.232473
v 45.402257 -14.860609 3.232473
v 45.312445 -15.137021 3.232473
v 45.402257 -15.413433 3.232473
v 45.637387 -15.584265 3.232473
v 45.928024 -15.584265 3.232473
v 46.163154 -15.413433 3.232473
v 46.543603 -15.137021 2.814317
v 46.398285 -14.689777 2.814317
v 46.017836 -14.413365 2.814317
v 45.547575 -14.413365 2.814317
v 45.167127 -14.689777 2.814317
v 45.021808 -15.137021 2.814317
v 45.167127 -15.584265 2.814317
v 45.547575 -15.860678 2.814317
v 46.017836 -15.860678 2.814317
v 46.398285 -15.584265 2.814317
v 46.543603 -15.137021 2.297448
v 46.398285 -14.689777 2.297448
v 46.017836 -14.413365 2.297448
v 45.547575 -14.413365 2.297448
v 45.167127 -14.689777 2.297448
v 45.021808 -15.137021 2.297448
v 45.167127 -15.584265 2.297448
v 45.547575 -15.860678 2.297448
v 46.017836 -15.860678 2.297448
v 46.398285 -15.584265 2.297448
v 46.252966 -15.137021 1.879292
v 46.163154 -14.860609 1.879292
v 45.928024 -14.689777 1.879292
v 45.637387 -14.689777 1.879292
v 45.402257 -14.860609 1.879292
v 45.312445 -15.137021 1.879292
v 45.402257 -15.413433 1.879292
v 45.637387 -15.584265 1.879292
v 45.928024 -15.584265 1.879292
v 46.163154 -15.413433 1.879292
v 45.782706 -15.137021 1.719571
v 13.234529 -14.682407 0.000000
v 13.197595 -14.568738 0.000000
v 13.100902 -14.498486 0.000000
v 12.981383 -14.498486 0.000000
v 12.884690 -14.568738 0.000000
v 12.847756 -14.682407 0.000000
v 12.884690 -14.796077 0.000000
v 12.981383 -14.866329 0.000000
v 13.100902 -14.866329 0.000000
v 13.197595 -14.796077 0.000000
v 13.234529 -14.682407 3.621034
v 13.197595 -14.568738 3.621034
v 13.100902 -14.498486 3.621034
v 12.981383 -14.498486 3.621034
v 12.884690 -14.568738 3.621034
v 12.847756 -14.682407 3.621034
v 12.884690 -14.796077 3.621034
v 12.981383 -14.866329 3.621034
v 13.100902 -14.866329 3.621034
v 13.197595 -14.796077 3.621034
v 13.041143 -14.682407 3.621034
v 13.427898 -14.682407 3.495839
v 13.354034 -14.455078 3.495839
v 13.160656 -14.314581 3.495839
v 12.921629 -14.314581 3.495839
v 12.728251 -14.455078 3.495839
v 12.654387 -14.682407 3.495839
v 12.728251 -14.909736 3.495839
v 12.921629 -15.050233 3.495839
v 13.160656 -15.050233 3.495839
v 13.354034 -14.909736 3.495839
v 13.666926 -14.682407 3.168076
v 13.547412 -14.314581 3.168076
v 13.234520 -14.087252 3.168076
v 12.847765 -14.087252 3.168076
v 12.534873 -14.314581 3.168076
v 12.415359 -14.682407 3.168076
v 12.534873 -15.050233 3.168076
v 12.847765 -15.277562 3.168076
v 13.234520 -15.277562 3.168076
v 13.547412 -15.050233 3.168076
v 13.666926 -14.682407 2.762937
v 13.547412 -14.314581 2.762937
v 13.234520 -14.087252 2.762937
v 12.847765 -14.087252 2.762937
v 12.534873 -14.314581 2.762937
v 12.415359 -14.682407 2.762937
v 12.534873 -15.050233 2.762937
v 12.847765 -15.277562 2.762937
v 13.234520 -15.277562 2.762937
v 13.547412 -15.050233 2.762937
v 13.427898 -14.682407 2.435174
v 13.354034 -14.455078 2.435174
v 13.160656 -14.314581 2.435174
v 12.921629 -14.314581 2.435174
v 12.728251 -14.455078 2.435174
v 12.654387 -14.682407 2.435174
v 12.728251 -14.909736 2.435174
v 12.921629 -15.050233 2.435174
v 13.160656 -15.050233 2.435174
v 13.354034 -14.909736 2.435174
v 13.041143 -14.682407 2.309979
v 30.827517 -15.975789 0.000000
v 30.787267 -15.851910 0.000000
v 30.681889 -15.775349 0.000000
v 30.551635 -15.775349 0.000000
v 30.446258 -15.851910 0.000000
v 30.406007 -15.975789 0.000000
v 30.446258 -16.099668 0.000000
v 30.551635 -16.176229 0.000000
v 30.681889 -16.176229 0.000000
v 30.787267 -16.099668 0.000000
v 30.827517 -15.975789 3.132016
v 30.787267 -15.851910 3.132016
v 30.681889 -15.775349 3.132016
v 30.551635 -15.775349 3.132016
v 30.446258 -15.851910 3.132016
v 30.406007 -15.975789 3.132016
v 30.446258 -16.099668 3.132016
v 30.551635 -16.176229 3.132016
v 30.681889 -16.176229 3.132016
v 30.787267 -16.099668 3.132016
v 30.616762 -15.975789 3.132016
v 31.101983 -15.975789 2.965036
v 31.009314 -15.690584 2.965036
v 30.766704 -15.514317 2.965036
v 30.466821 -15.514317 2.965036
v 30.224211 -15.690584 2.965036
v 30.131542 -15.975789 2.965036
v 30.224211 -16.260994 2.965036
v 30.466821 -16.437261 2.965036
v 30.766704 -16.437261 2.965036
v 31.009314 -16.260994 2.965036
v 31.401865 -15.975789 2.527878
v 31.251924 -15.514317 2.527878
v 30.859372 -15.229112 2.527878
v 30.374152 -15.229112 2.527878
v 29.981601 -15.514317 2.527878
v 29.831659 -15.975789 2.527878
v 29.981601 -16.437261 2.527878
v 30.374152 -16.722466 2.527878
v 30.859372 -16.722466 2.527878
v 31.251924 -16.437261 2.527878
v 31.401865 -15.975789 1.987520
v 31.251924 -15.514317 1.987520
v 30.859372 -15.229112 1.987520
v 30.374152 -15.229112 1.987520
v 29.981601 -15.514317 1.987520
v 29.831659 -15.975789 1.987520
v 29.981601 -16.437261 1.987520
v 30.374152 -16.722466 1.987520
v 30.859372 -16.722466 1.987520
v 31.251924 -16.437261 1.987520
v 31.101983 -15.975789 1.550361
v 31.009314 -15.690584 1.550361
v 30.766704 -15.514317 1.550361
v 30.466821 -15.514317 1.550361
v 30.224211 -15.690584 1.550361
v 30.131542 -15.975789 1.550361
v 30.224211 -16.260994 1.550361
v 30.466821 -16.437261 1.550361
v 30.766704 -16.437261 1.550361
v 31.009314 -16.260994 1.550361
v 30.616762 -15.975789 1.383381
v 56.862271 -7.683598 0.000000
v 56.826343 -7.573023 0.000000
v 56.732282 -7.504683 0.000000
v 56.616016 -7.504683 0.000000
v 56.521955 -7.573023 0.000000
v 56.486026 -7.683598 0.000000
v 56.521955 -7.794174 0.000000
v 56.616016 -7.862513 0.000000
v 56.732282 -7.862513 0.000000
v 56.826343 -7.794174 0.000000
v 56.862271 -7.683598 3.700331
v 56.826343 -7.573023 3.700331
v 56.732282 -7.504683 3.700331
v 56.616016 -7.504683 3.700331
v 56.521955 -7.573023 3.700331
v 56.486026 -7.683598 3.700331
v 56.521955 -7.794174 3.700331
v 56.616016 -7.862513 3.700331
v 56.732282 -7.862513 3.700331
v 56.826343 -7.794174 3.700331
v 56.674149 -7.683598 3.700331
v 57.092514 -7.683598 3.578405
v 57.012613 -7.437689 3.578405
v 56.803431 -7.285709 3.578405
v 56.544867 -7.285709 3.578405
v 56.335684 -7.437689 3.578405
v 56.255784 -7.683598 3.578405
v 56.335684 -7.929507 3.578405
v 56.544867 -8.081487 3.578405
v 56.803431 -8.081487 3.578405
v 57.012613 -7.929507 3.578405
v 57.351078 -7.683598 3.259197
v 57.221796 -7.285709 3.259197
v 56.883331 -7.039801 3.259197
v 56.464966 -7.039801 3.259197
v 56.126502 -7.285709 3.259197
v 55.997220 -7.683598 3.259197
v 56.126502 -8.081487 3.259197
v 56.464966 -8.327396 3.259197
v 56.883331 -8.327396 3.259197
v 57.221796 -8.081487 3.259197
v 57.351078 -7.683598 2.864634
v 57.221796 -7.285709 2.864634
v 56.883331 -7.039801 2.864634
v 56.464966 -7.039801 2.864634
v 56.126502 -7.285709 2.864634
v 55.997220 -7.683598 2.864634
v 56.126502 -8.081487 2.864634
v 56.464966 -8.327396 2.864634
v 56.883331 -8.327396 2.864634
v 57.221796 -8.081487 2.864634
v 57.092514 -7.683598 2.545426
v 57.012613 -7.437689 2.545426
v 56.803431 -7.285709 2.545426
v 56.544867 -7.285709 2.545426
v 56.335684 -7.437689 2.545426
v 56.255784 -7.683598 2.545426
v 56.335684 -7.929507 2.545426
v 56.544867 -8.081487 2.545426
v 56.803431 -8.081487 2.545426
v 57.012613 -7.929507 2.545426
v 56.674149 -7.683598 2.423499
v 34.238069 -11.801436 0.000000
v 34.203515 -11.695088 0.000000
v 34.113050 -11.629361 0.000000
v 34.001229 -11.629361 0.000000
v 33.910764 -11.695088 0.000000
v 33.876209 -11.801436 0.000000
v 33.910764 -11.907784 0.000000
v 34.001229 -11.973511 0.000000
v 34.113050 -11.973511 0.000000
v 34.203515 -11.907784 0.000000
v 34.238069 -11.801436 3.708720
v 34.203515 -11.695088 3.708720
v 34.113050 -11.629361 3.708720
v 34.001229 -11.629361 3.708720
v 33.910764 -11.695088 3.708720
v 33.876209 -11.801436 3.708720
v 33.910764 -11.907784 3.708720
v 34.001229 -11.973511 3.708720
v 34.113050 -11.973511 3.708720
v 34.203515 -11.907784 3.708720
v 34.057139 -11.801436 3.708720
v 34.458304 -11.801436 3.575404
v 34.381688 -11.565637 3.575404
v 34.181106 -11.419906 3.575404
v 33.933172 -11.419906 3.575404
v 33.732590 -11.565637 3.575404
v 33.655974 -11.801436 3.575404
v 33.732590 -12.037235 3.575404
v 33.933172 -12.182966 3.575404
v 34.181106 -12.182966 3.575404
v 34.381688 -12.037235 3.575404
v 34.706237 -11.801436 3.226379
v 34.582271 -11.419906 3.226379
v 34.257722 -11.184107 3.226379
v 33.856557 -11.184107 3.226379
v 33.532008 -11.419906 3.226379
v 33.408041 -11.801436 3.226379
v 33.532008 -12.182966 3.226379
v 33.856557 -12.418765 3.226379
v 34.257722 -12.418765 3.226379
v 34.582271 -12.182966 3.226379
v 34.706237 -11.801436 2.794959
v 34.582271 -11.419906 2.794959
v 34.257722 -11.184107 2.794959
v 33.856557 -11.184107 2.794959
v 33.532008 -11.419906 2.794959
v 33.408041 -11.801436 2.794959
v 33.532008 -12.182966 2.794959
v 33.856557 -12.418765 2.794959
v 34.257722 -12.418765 2.794959
v 34.582271 -12.182966 2.794959
v 34.458304 -11.801436 2.445934
v 34.381688 -11.565637 2.445934
v 34.181106 -11.419906 2.445934
v 33.933172 -11.419906 2.445934
v 33.732590 -11.565637 2.445934
v 33.655974 -11.801436 2.445934
v 33.732590 -12.037235 2.445934
v 33.933172 -12.182966 2.445934
v 34.181106 -12.182966 2.445934
v 34.381688 -12.037235 2.445934
v 34.057139 -11.801436 2.312618
v 0.607668 -4.293394 0.000000
v 0.573287 -4.187580 0.000000
v 0.483275 -4.122183 0.000000
v 0.372016 -4.122183 0.000000
v 0.282005 -4.187580 0.000000
v 0.247623 -4.293394 0.000000
v 0.282005 -4.399209 0.000000
v 0.372016 -4.464606 0.000000
v 0.483275 -4.464606 0.000000
v 0.573287 -4.399209 0.000000
v 0.607668 -4.293394 3.284108
v 0.573287 -4.187580 3.284108
v 0.483275 -4.122183 3.284108
v 0.372016 -4.122183 3.284108
v 0.282005 -4.187580 3.284108
v 0.247623 -4.293394 3.284108
v 0.282005 -4.399209 3.284108
v 0.372016 -4.464606 3.284108
v 0.483275 -4.464606 3.284108
v 0.573287 -4.399209 3.284108
v 0.427646 -4.293394 3.284108
v 0.726497 -4.293394 3.183842
v 0.669422 -4.117734 3.183842
v 0.519996 -4.009170 3.183842
v 0.335295 -4.009170 3.183842
v 0.185869 -4.117734 3.183842
v 0.128794 -4.293394 3.183842
v 0.185869 -4.469055 3.183842
v 0.335295 -4.577619 3.183842
v 0.519996 -4.577619 3.183842
v 0.669422 -4.469055 3.183842
v 0.911198 -4.293394 2.921342
v 0.818847 -4.009170 2.921342
v 0.577071 -3.833509 2.921342
v 0.278220 -3.833509 2.921342
v 0.036444 -4.009170 2.921342
v -0.055907 -4.293394 2.921342
v 0.036444 -4.577619 2.921342
v 0.278220 -4.753280 2.921342
v 0.577071 -4.753280 2.921342
v 0.818847 -4.577619 2.921342
v 0.911198 -4.293394 2.596874
v 0.818847 -4.009170 2.596874
v 0.577071 -3.833509 2.596874
v 0.278220 -3.833509 2.596874
v 0.036444 -4.009170 2.596874
v -0.055907 -4.293394 2.596874
v 0.036444 -4.577619 2.596874
v 0.278220 -4.753280 2.596874
v 0.577071 -4.753280 2.596874
v 0.818847 -4.577619 2.596874
v 0.726497 -4.293394 2.334374
v 0.669422 -4.117734 2.334374
v 0.519996 -4.009170 2.334374
v 0.335295 -4.009170 2.334374
v 0.185869 -4.117734 2.334374
v 0.128794 -4.293394 2.334374
v 0.185869 -4.469055 2.334374
v 0.335295 -4.577619 2.334374
v 0.519996 -4.577619 2.334374
v 0.669422 -4.469055 2.334374
v 0.427646 -4.293394 2.234108
v 61.018451 -5.875411 0.000000
v 60.985075 -5.772690 0.000000
v 60.897696 -5.709206 0.000000
v 60.789689 -5.709206 0.000000
v 60.702310 -5.772690 0.000000
v 60.668934 -5.875411 0.000000
v 60.702310 -5.978131 0.000000
v 60.789689 -6.041616 0.000000
v 60.897696 -6.041616 0.000000
v 60.985075 -5.978131 0.000000
v 61.018451 -5.875411 3.217571
v 60.985075 -5.772690 3.217571
v 60.897696 -5.709206 3.217571
v 60.789689 -5.709206 3.217571
v 60.702310 -5.772690 3.217571
v 60.668934 -5.875411 3.217571
v 60.702310 -5.978131 3.217571
v 60.789689 -6.041616 3.217571
v 60.897696 -6.041616 3.217571
v 60.985075 -5.978131 3.217571
v 60.843692 -5.875411 3.217571
v 61.229984 -5.875411 3.077741
v 61.156209 -5.648354 3.077741
v 60.963063 -5.508026 3.077741
v 60.724322 -5.508026 3.077741
v 60.531176 -5.648354 3.077741
v 60.457401 -5.875411 3.077741
v 60.531176 -6.102467 3.077741
v 60.724322 -6.242796 3.077741
v 60.963063 -6.242796 3.077741
v 61.156209 -6.102467 3.077741
v 61.468725 -5.875411 2.711663
v 61.349354 -5.508026 2.711663
v 61.036838 -5.280970 2.711663
v 60.650547 -5.280970 2.711663
v 60.338030 -5.508026 2.711663
v 60.218660 -5.875411 2.711663
v 60.338030 -6.242796 2.711663
v 60.650547 -6.469852 2.711663
v 61.036838 -6.469852 2.711663
v 61.349354 -6.242796 2.711663
v 61.468725 -5.875411 2.259164
v 61.349354 -5.508026 2.259164
v 61.036838 -5.280970 2.259164
v 60.650547 -5.280970 2.259164
v 60.338030 -5.508026 2.259164
v 60.218660 -5.875411 2.259164
v 60.338030 -6.242796 2.259164
v 60.650547 -6.469852 2.259164
v 61.036838 -6.469852 2.259164
v 61.349354 -6.242796 2.259164
v 61.229984 -5.875411 1.893086
v 61.156209 -5.648354 1.893086
v 60.963063 -5.508026 1.893086
v 60.724322 -5.508026 1.893086
v 60.531176 -5.648354 1.893086
v 60.457401 -5.875411 1.893086
v 60.531176 -6.102467 1.893086
v 60.724322 -6.242796 1.893086
v 60.963063 -6.242796 1.893086
v 61.156209 -6.102467 1.893086
v 60.843692 -5.875411 1.753256
v 33.743110 -0.845197 0.000000
v 33.701911 -0.718400 0.000000
v 33.594051 -0.640035 0.000000
v 33.460729 -0.640035 0.000000
v 33.352868 -0.718400 0.000000
v 33.311669 -0.845197 0.000000
v 33.352868 -0.971995 0.000000
v 33.460729 -1.050359 0.000000
v 33.594051 -1.050359 0.000000
v 33.701911 -0.971995 0.000000
v 33.743110 -0.845197 3.220000
v 33.701911 -0.718400 3.220000
v 33.594051 -0.640035 3.220000
v 33.460729 -0.640035 3.220000
v 33.352868 -0.718400 3.220000
v 33.311669 -0.845197 3.220000
v 33.352868 -0.971995 3.220000
v 33.460729 -1.050359 3.220000
v 33.594051 -1.050359 3.220000
v 33.701911 -0.971995 3.220000
v 33.527390 -0.845197 3.220000
v 33.891708 -0.845197 3.078626
v 33.822130 -0.631056 3.078626
v 33.639970 -0.498710 3.078626
v 33.414809 -0.498710 3.078626
v 33.232650 -0.631056 3.078626
v 33.163071 -0.845197 3.078626
v 33.232650 -1.059338 3.078626
v 33.414809 -1.191685 3.078626
v 33.639970 -1.191685 3.078626
v 33.822130 -1.059338 3.078626
v 34.116870 -0.845197 2.708503
v 34.004289 -0.498710 2.708503
v 33.709549 -0.284569 2.708503
v 33.345230 -0.284569 2.708503
v 33.050490 -0.498710 2.708503
v 32.937910 -0.845197 2.708503
v 33.050490 -1.191685 2.708503
v 33.345230 -1.405826 2.708503
v 33.709549 -1.405826 2.708503
v 34.004289 -1.191685 2.708503
v 34.116870 -0.845197 2.251005
v 34.004289 -0.498710 2.251005
v 33.709549 -0.284569 2.251005
v 33.345230 -0.284569 2.251005
v 33.050490 -0.498710 2.251005
v 32.937910 -0.845197 2.251005
v 33.050490 -1.191685 2.251005
v 33.345230 -1.405826 2.251005
v 33.709549 -1.405826 2.251005
v 34.004289 -1.191685 2.251005
v 33.891708 -0.845197 1.880883
v 33.822130 -0.631056 1.880883
v 33.639970 -0.498710 1.880883
v 33.414809 -0.498710 1.880883
v 33.232650 -0.631056 1.880883
v 33.163071 -0.845197 1.880883
v 33.232650 -1.059338 1.880883
v 33.414809 -1.191685 1.880883
v 33.639970 -1.191685 1.880883
v 33.822130 -1.059338 1.880883
v 33.527390 -0.845197 1.739508
v 24.117260 -16.827482 0.000000
v 24.088925 -16.740277 0.000000
v 24.014744 -16.686381 0.000000
v 23.923051 -16.686381 0.000000
v 23.848870 -16.740277 0.000000
v 23.820535 -16.827482 0.000000
v 23.848870 -16.914687 0.000000
v 23.923051 -16.968583 0.000000
v 24.014744 -16.968583 0.000000
v 24.088925 -16.914687 0.000000
v 24.117260 -16.827482 3.053702
v 24.088925 -16.740277 3.053702
v 24.014744 -16.686381 3.053702
v 23.923051 -16.686381 3.053702
v 23.848870 -16.740277 3.053702
v 23.820535 -16.827482 3.053702
v 23.848870 -16.914687 3.053702
v 23.923051 -16.968583 3.053702
v 24.014744 -16.968583 3.053702
v 24.088925 -16.914687 3.053702
v 23.968897 -16.827482 3.053702
v 24.469688 -16.827482 2.905776
v 24.374045 -16.533125 2.905776
v 24.123650 -16.351202 2.905776
v 23.814145 -16.351202 2.905776
v 23.563749 -16.533125 2.905776
v 23.468107 -16.827482 2.905776
v 23.563749 -17.121840 2.905776
v 23.814145 -17.303762 2.905776
v 24.123650 -17.303762 2.905776
v 24.374045 -17.121840 2.905776
v 24.779193 -16.827482 2.518502
v 24.624441 -16.351202 2.518502
v 24.219293 -16.056845 2.518502
v 23.718502 -16.056845 2.518502
v 23.313354 -16.351202 2.518502
v 23.158601 -16.827482 2.518502
v 23.313354 -17.303762 2.518502
v 23.718502 -17.598120 2.518502
v 24.219293 -17.598120 2.518502
v 24.624441 -17.303762 2.518502
v 24.779193 -16.827482 2.039805
v 24.624441 -16.351202 2.039805
v 24.219293 -16.056845 2.039805
v 23.718502 -16.056845 2.039805
v 23.313354 -16.351202 2.039805
v 23.158601 -16.827482 2.039805
v 23.313354 -17.303762 2.039805
v 23.718502 -17.598120 2.039805
v 24.219293 -17.598120 2.039805
v 24.624441 -17.303762 2.039805
v 24.469688 -16.827482 1.652531
v 24.374045 -16.533125 1.652531
v 24.123650 -16.351202 1.652531
v 23.814145 -16.351202 1.652531
v 23.563749 -16.533125 1.652531
v 23.468107 -16.827482 1.652531
v 23.563749 -17.121840 1.652531
v 23.814145 -17.303762 1.652531
v 24.123650 -17.303762 1.652531
v 24.374045 -17.121840 1.652531
v 23.968897 -16.827482 1.504606
v 58.063601 -1.667229 0.000000
v 58.030951 -1.566742 0.000000
v 57.945472 -1.504638 0.000000
v 57.839814 -1.504638 0.000000
v 57.754335 -1.566742 0.000000
v 57.721685 -1.667229 0.000000
v 57.754335 -1.767716 0.000000
v 57.839814 -1.829820 0.000000
v 57.945472 -1.829820 0.000000
v 58.030951 -1.767716 0.000000
v 58.063601 -1.667229 3.352006
v 58.030951 -1.566742 3.352006
v 57.945472 -1.504638 3.352006
v 57.839814 -1.504638 3.352006
v 57.754335 -1.566742 3.352006
v 57.721685 -1.667229 3.352006
v 57.754335 -1.767716 3.352006
v 57.839814 -1.829820 3.352006
v 57.945472 -1.829820 3.352006
v 58.030951 -1.767716 3.352006
v 57.892643 -1.667229 3.352006
v 58.387139 -1.667229 3.206053
v 58.292698 -1.376572 3.206053
v 58.045450 -1.196936 3.206053
v 57.739835 -1.196936 3.206053
v 57.492588 -1.376572 3.206053
v 57.398147 -1.667229 3.206053
v 57.492588 -1.957886 3.206053
v 57.739835 -2.137522 3.206053
v 58.045450 -2.137522 3.206053
v 58.292698 -1.957886 3.206053
v 58.692754 -1.667229 2.823942
v 58.539946 -1.196936 2.823942
v 58.139891 -0.906278 2.823942
v 57.645395 -0.906278 2.823942
v 57.245340 -1.196936 2.823942
v 57.092532 -1.667229 2.823942
v 57.245340 -2.137522 2.823942
v 57.645395 -2.428179 2.823942
v 58.139891 -2.428179 2.823942
v 58.539946 -2.137522 2.823942
v 58.692754 -1.667229 2.351628
v 58.539946 -1.196936 2.351628
v 58.139891 -0.906278 2.351628
v 57.645395 -0.906278 2.351628
v 57.245340 -1.196936 2.351628
v 57.092532 -1.667229 2.351628
v 57.245340 -2.137522 2.351628
v 57.645395 -2.428179 2.351628
v 58.139891 -2.428179 2.351628
v 58.539946 -2.137522 2.351628
v 58.387139 -1.667229 1.969518
v 58.292698 -1.376572 1.969518
v 58.045450 -1.196936 1.969518
v 57.739835 -1.196936 1.969518
v 57.492588 -1.376572 1.969518
v 57.398147 -1.667229 1.969518
v 57.492588 -1.957886 1.969518
v 57.739835 -2.137522 1.969518
v 58.045450 -2.137522 1.969518
v 58.292698 -1.957886 1.969518
v 57.892643 -1.667229 1.823565
v 1.435316 -0.954390 0.000000
v 1.402020 -0.851914 0.000000
v 1.314848 -0.788581 0.000000
v 1.207099 -0.788581 0.000000
v 1.119927 -0.851914 0.000000
v 1.086631 -0.954390 0.000000
v 1.119927 -1.056866 0.000000
v 1.207099 -1.120200 0.000000
v 1.314848 -1.120200 0.000000
v 1.402020 -1.056866 0.000000
v 1.435316 -0.954390 3.881318
v 1.402020 -0.851914 3.881318
v 1.314848 -0.788581 3.881318
v 1.207099 -0.788581 3.881318
v 1.119927 -0.851914 3.881318
v 1.086631 -0.954390 3.881318
v 1.119927 -1.056866 3.881318
v 1.207099 -1.120200 3.881318
v 1.314848 -1.120200 3.881318
v 1.402020 -1.056866 3.881318
v 1.260974 -0.954390 3.881318
v 1.720720 -0.954390 3.739430
v 1.632916 -0.684158 3.739430
v 1.403043 -0.517145 3.739430
v 1.118904 -0.517145 3.739430
v 0.889031 -0.684158 3.739430
v 0.801227 -0.954390 3.739430
v 0.889031 -1.224623 3.739430
v 1.118904 -1.391635 3.739430
v 1.403043 -1.391635 3.739430
v 1.632916 -1.224623 3.739430
v 2.004859 -0.954390 3.367962
v 1.862790 -0.517145 3.367962
v 1.490847 -0.246913 3.367962
v 1.031100 -0.246913 3.367962
v 0.659157 -0.517145 3.367962
v 0.517088 -0.954390 3.367962
v 0.659157 -1.391635 3.367962
v 1.031100 -1.661868 3.367962
v 1.490847 -1.661868 3.367962
v 1.862790 -1.391635 3.367962
v 2.004859 -0.954390 2.908803
v 1.862790 -0.517145 2.908803
v 1.490847 -0.246913 2.908803
v 1.031100 -0.246913 2.908803
v 0.659157 -0.517145 2.908803
v 0.517088 -0.954390 2.908803
v 0.659157 -1.391635 2.908803
v 1.031100 -1.661868 2.908803
v 1.490847 -1.661868 2.908803
v 1.862790 -1.391635 2.908803
v 1.720720 -0.954390 2.537336
v 1.632916 -0.684158 2.537336
v 1.403043 -0.517145 2.537336
v 1.118904 -0.517145 2.537336
v 0.889031 -0.684158 2.537336
v 0.801227 -0.954390 2.537336
v 0.889031 -1.224623 2.537336
v 1.118904 -1.391635 2.537336
v 1.403043 -1.391635 2.537336
v 1.632916 -1.224623 2.537336
v 1.260974 -0.954390 2.395448
v 18.636192 -7.604384 0.000000
v 18.604780 -7.507709 0.000000
v 18.522543 -7.447960 0.000000
v 18.420892 -7.447960 0.000000
v 18.338655 -7.507709 0.000000
v 18.307243 -7.604384 0.000000
v 18.338655 -7.701060 0.000000
v 18.420892 -7.760809 0.000000
v 18.522543 -7.760809 0.000000
v 18.604780 -7.701060 0.000000
v 18.636192 -7.604384 3.220000
v 18.604780 -7.507709 3.220000
v 18.522543 -7.447960 3.220000
v 18.420892 -7.447960 3.220000
v 18.338655 -7.507709 3.220000
v 18.307243 -7.604384 3.220000
v 18.338655 -7.701060 3.220000
v 18.420892 -7.760809 3.220000
v 18.522543 -7.760809 3.220000
v 18.604780 -7.701060 3.220000
v 18.471717 -7.604384 3.220000
v 18.921144 -7.604384 3.083882
v 18.835311 -7.340218 3.083882
v 18.610598 -7.176954 3.083882
v 18.332837 -7.176954 3.083882
v 18.108124 -7.340218 3.083882
v 18.022291 -7.604384 3.083882
v 18.108124 -7.868551 3.083882
v 18.332837 -8.031814 3.083882
v 18.610598 -8.031814 3.083882
v 18.835311 -7.868551 3.083882
v 19.198905 -7.604384 2.727522
v 19.060024 -7.176954 2.727522
v 18.696431 -6.912788 2.727522
v 18.247004 -6.912788 2.727522
v 17.883411 -7.176954 2.727522
v 17.744530 -7.604384 2.727522
v 17.883411 -8.031814 2.727522
v 18.247004 -8.295981 2.727522
v 18.696431 -8.295981 2.727522
v 19.060024 -8.031814 2.727522
v 19.198905 -7.604384 2.287036
v 19.060024 -7.176954 2.287036
v 18.696431 -6.912788 2.287036
v 18.247004 -6.912788 2.287036
v 17.883411 -7.176954 2.287036
v 17.744530 -7.604384 2.287036
v 17.883411 -8.031814 2.287036
v 18.247004 -8.295981 2.287036
v 18.696431 -8.295981 2.287036
v 19.060024 -8.031814 2.287036
v 18.921144 -7.604384 1.930675
v 18.835311 -7.340218 1.930675
v 18.610598 -7.176954 1.930675
v 18.332837 -7.176954 1.930675
v 18.108124 -7.340218 1.930675
v 18.022291 -7.604384 1.930675
v 18.108124 -7.868551 1.930675
v 18.332837 -8.031814 1.930675
v 18.610598 -8.031814 1.930675
v 18.835311 -7.868551 1.930675
v 18.471717 -7.604384 1.794558
v 53.000756 -2.911203 0.000000
v 52.972186 -2.823275 0.000000
v 52.897391 -2.768933 0.000000
v 52.804938 -2.768933 0.000000
v 52.730143 -2.823275 0.000000
v 52.701573 -2.911203 0.000000
v 52.730143 -2.999130 0.000000
v 52.804938 -3.053472 0.000000
v 52.897391 -3.053472 0.000000
v 52.972186 -2.999130 0.000000
v 53.000756 -2.911203 3.125103
v 52.972186 -2.823275 3.125103
v 52.897391 -2.768933 3.125103
v 52.804938 -2.768933 3.125103
v 52.730143 -2.823275 3.125103
v 52.701573 -2.911203 3.125103
v 52.730143 -2.999130 3.125103
v 52.804938 -3.053472 3.125103
v 52.897391 -3.053472 3.125103
v 52.972186 -2.999130 3.125103
v 52.851165 -2.911203 3.125103
v 53.257013 -2.911203 2.966806
v 53.179503 -2.672651 2.966806
v 52.976579 -2.525218 2.966806
v 52.725750 -2.525218 2.966806
v 52.522826 -2.672651 2.966806
v 52.445316 -2.911203 2.966806
v 52.522826 -3.149754 2.966806
v 52.725750 -3.297188 2.966806
v 52.976579 -3.297188 2.966806
v 53.179503 -3.149754 2.966806
v 53.507841 -2.911203 2.552379
v 53.382427 -2.525218 2.552379
v 53.054089 -2.286666 2.552379
v 52.648240 -2.286666 2.552379
v 52.319902 -2.525218 2.552379
v 52.194488 -2.911203 2.552379
v 52.319902 -3.297188 2.552379
v 52.648240 -3.535739 2.552379
v 53.054089 -3.535739 2.552379
v 53.382427 -3.297188 2.552379
v 53.507841 -2.911203 2.040119
v 53.382427 -2.525218 2.040119
v 53.054089 -2.286666 2.040119
v 52.648240 -2.286666 2.040119
v 52.319902 -2.525218 2.040119
v 52.194488 -2.911203 2.040119
v 52.319902 -3.297188 2.040119
v 52.648240 -3.535739 2.040119
v 53.054089 -3.535739 2.040119
v 53.382427 -3.297188 2.040119
v 53.257013 -2.911203 1.625692
v 53.179503 -2.672651 1.625692
v 52.976579 -2.525218 1.625692
v 52.725750 -2.525218 1.625692
v 52.522826 -2.672651 1.625692
v 52.445316 -2.911203 1.625692
v 52.522826 -3.149754 1.625692
v 52.725750 -3.297188 1.625692
v 52.976579 -3.297188 1.625692
v 53.179503 -3.149754 1.625692
v 52.851165 -2.911203 1.467395
v 58.482007 -18.454079 0.000000
v 58.449954 -18.355430 0.000000
v 58.366038 -18.294462 0.000000
v 58.262313 -18.294462 0.000000
v 58.178397 -18.355430 0.000000
v 58.146344 -18.454079 0.000000
v 58.178397 -18.552728 0.000000
v 58.262313 -18.613696 0.000000
v 58.366038 -18.613696 0.000000
v 58.449954 -18.552728 0.000000
v 58.482007 -18.454079 3.616179
v 58.449954 -18.355430 3.616179
v 58.366038 -18.294462 3.616179
v 58.262313 -18.294462 3.616179
v 58.178397 -18.355430 3.616179
v 58.146344 -18.454079 3.616179
v 58.178397 -18.552728 3.616179
v 58.262313 -18.613696 3.616179
v 58.366038 -18.613696 3.616179
v 58.449954 -18.552728 3.616179
v 58.314176 -18.454079 3.616179
v 58.629182 -18.454079 3.504142
v 58.569021 -18.268923 3.504142
v 58.411518 -18.154490 3.504142
v 58.216833 -18.154490 3.504142
v 58.059330 -18.268923 3.504142
v 57.999169 -18.454079 3.504142
v 58.059330 -18.639235 3.504142
v 58.216833 -18.753668 3.504142
v 58.411518 -18.753668 3.504142
v 58.569021 -18.639235 3.504142
v 58.823867 -18.454079 3.210824
v 58.726524 -18.154490 3.210824
v 58.471679 -17.969334 3.210824
v 58.156672 -17.969334 3.210824
v 57.901827 -18.154490 3.210824
v 57.804484 -18.454079 3.210824
v 57.901827 -18.753668 3.210824
v 58.156672 -18.938824 3.210824
v 58.471679 -18.938824 3.210824
v 58.726524 -18.753668 3.210824
v 58.823867 -18.454079 2.848263
v 58.726524 -18.154490 2.848263
v 58.471679 -17.969334 2.848263
v 58.156672 -17.969334 2.848263
v 57.901827 -18.154490 2.848263
v 57.804484 -18.454079 2.848263
v 57.901827 -18.753668 2.848263
v 58.156672 -18.938824 2.848263
v 58.471679 -18.938824 2.848263
v 58.726524 -18.753668 2.848263
v 58.629182 -18.454079 2.554945
v 58.569021 -18.268923 2.554945
v 58.411518 -18.154490 2.554945
v 58.216833 -18.154490 2.554945
v 58.059330 -18.268923 2.554945
v 57.999169 -18.454079 2.554945
v 58.059330 -18.639235 2.554945
v 58.216833 -18.753668 2.554945
v 58.411518 -18.753668 2.554945
v 58.569021 -18.639235 2.554945
v 58.314176 -18.454079 2.442908
v 53.988324 -9.228663 0.000000
v 53.952774 -9.119251 0.000000
v 53.859703 -9.051630 0.000000
v 53.744660 -9.051630 0.000000
v 53.651589 -9.119251 0.000000
v 53.616039 -9.228663 0.000000
v 53.651589 -9.338074 0.000000
v 53.744660 -9.405695 0.000000
v 53.859703 -9.405695 0.000000
v 53.952774 -9.338074 0.000000
v 53.988324 -9.228663 3.080000
v 53.952774 -9.119251 3.080000
v 53.859703 -9.051630 3.080000
v 53.744660 -9.051630 3.080000
v 53.651589 -9.119251 3.080000
v 53.616039 -9.228663 3.080000
v 53.651589 -9.338074 3.080000
v 53.744660 -9.405695 3.080000
v 53.859703 -9.405695 3.080000
v 53.952774 -9.338074 3.080000
v 53.802182 -9.228663 3.080000
v 54.242528 -9.228663 2.908800
v 54.158429 -8.969834 2.908800
v 53.938256 -8.809868 2.908800
v 53.666107 -8.809868 2.908800
v 53.445934 -8.969834 2.908800
v 53.361835 -9.228663 2.908800
v 53.445934 -9.487492 2.908800
v 53.666107 -9.647457 2.908800
v 53.938256 -9.647457 2.908800
v 54.158429 -9.487492 2.908800
v 54.514677 -9.228663 2.460593
v 54.378602 -8.809868 2.460593
v 54.022355 -8.551039 2.460593
v 53.582008 -8.551039 2.460593
v 53.225761 -8.809868 2.460593
v 53.089686 -9.228663 2.460593
v 53.225761 -9.647457 2.460593
v 53.582008 -9.906286 2.460593
v 54.022355 -9.906286 2.460593
v 54.378602 -9.647457 2.460593
v 54.514677 -9.228663 1.906578
v 54.378602 -8.809868 1.906578
v 54.022355 -8.551039 1.906578
v 53.582008 -8.551039 1.906578
v 53.225761 -8.809868 1.906578
v 53.089686 -9.228663 1.906578
v 53.225761 -9.647457 1.906578
v 53.582008 -9.906286 1.906578
v 54.022355 -9.906286 1.906578
v 54.378602 -9.647457 1.906578
v 54.242528 -9.228663 1.458371
v 54.158429 -8.969834 1.458371
v 53.938256 -8.809868 1.458371
v 53.666107 -8.809868 1.458371
v 53.445934 -8.969834 1.458371
v 53.361835 -9.228663 1.458371
v 53.445934 -9.487492 1.458371
v 53.666107 -9.647457 1.458371
v 53.938256 -9.647457 1.458371
v 54.158429 -9.487492 1.458371
v 53.802182 -9.228663 1.287171
v 38.322369 -12.281273 0.000000
v 38.289561 -12.180299 0.000000
v 38.203667 -12.117893 0.000000
v 38.097497 -12.117893 0.000000
v 38.011603 -12.180299 0.000000
v 37.978794 -12.281273 0.000000
v 38.011603 -12.382247 0.000000
v 38.097497 -12.444653 0.000000
v 38.203667 -12.444653 0.000000
v 38.289561 -12.382247 0.000000
v 38.322369 -12.281273 3.898470
v 38.289561 -12.180299 3.898470
v 38.203667 -12.117893 3.898470
v 38.097497 -12.117893 3.898470
v 38.011603 -12.180299 3.898470
v 37.978794 -12.281273 3.898470
v 38.011603 -12.382247 3.898470
v 38.097497 -12.444653 3.898470
v 38.203667 -12.444653 3.898470
v 38.289561 -12.382247 3.898470
v 38.150582 -12.281273 3.898470
v 38.517428 -12.281273 3.767103
v 38.447366 -12.065646 3.767103
v 38.263944 -11.932382 3.767103
v 38.037220 -11.932382 3.767103
v 37.853797 -12.065646 3.767103
v 37.783736 -12.281273 3.767103
v 37.853797 -12.496900 3.767103
v 38.037220 -12.630164 3.767103
v 38.263944 -12.630164 3.767103
v 38.447366 -12.496900 3.767103
v 38.744151 -12.281273 3.423181
v 38.630789 -11.932382 3.423181
v 38.334005 -11.716755 3.423181
v 37.967159 -11.716755 3.423181
v 37.670374 -11.932382 3.423181
v 37.557013 -12.281273 3.423181
v 37.670374 -12.630164 3.423181
v 37.967159 -12.845791 3.423181
v 38.334005 -12.845791 3.423181
v 38.630789 -12.630164 3.423181
v 38.744151 -12.281273 2.998070
v 38.630789 -11.932382 2.998070
v 38.334005 -11.716755 2.998070
v 37.967159 -11.716755 2.998070
v 37.670374 -11.932382 2.998070
v 37.557013 -12.281273 2.998070
v 37.670374 -12.630164 2.998070
v 37.967159 -12.845791 2.998070
v 38.334005 -12.845791 2.998070
v 38.630789 -12.630164 2.998070
v 38.517428 -12.281273 2.654147
v 38.447366 -12.065646 2.654147
v 38.263944 -11.932382 2.654147
v 38.037220 -11.932382 2.654147
v 37.853797 -12.065646 2.654147
v 37.783736 -12.281273 2.654147
v 37.853797 -12.496900 2.654147
v 38.037220 -12.630164 2.654147
v 38.263944 -12.630164 2.654147
v 38.447366 -12.496900 2.654147
v 38.150582 -12.281273 2.522781
v 33.271649 -14.716517 0.000000
v 33.232347 -14.595558 0.000000
v 33.129454 -14.520802 0.000000
v 33.002270 -14.520802 0.000000
v 32.899376 -14.595558 0.000000
v 32.860074 -14.716517 0.000000
v 32.899376 -14.837476 0.000000
v 33.002270 -14.912233 0.000000
v 33.129454 -14.912233 0.000000
v 33.232347 -14.837476 0.000000
v 33.271649 -14.716517 3.961039
v 33.232347 -14.595558 3.961039
v 33.129454 -14.520802 3.961039
v 33.002270 -14.520802 3.961039
v 32.899376 -14.595558 3.961039
v 32.860074 -14.716517 3.961039
v 32.899376 -14.837476 3.961039
v 33.002270 -14.912233 3.961039
v 33.129454 -14.912233 3.961039
v 33.232347 -14.837476 3.961039
v 33.065862 -14.716517 3.961039
v 33.588706 -14.716517 3.803698
v 33.488852 -14.409197 3.803698
v 33.227430 -14.219263 3.803698
v 32.904294 -14.219263 3.803698
v 32.642872 -14.409197 3.803698
v 32.543017 -14.716517 3.803698
v 32.642872 -15.023837 3.803698
v 32.904294 -15.213772 3.803698
v 33.227430 -15.213772 3.803698
v 33.488852 -15.023837 3.803698
v 33.911842 -14.716517 3.391775
v 33.750274 -14.219263 3.391775
v 33.327284 -13.911942 3.391775
v 32.804439 -13.911942 3.391775
v 32.381449 -14.219263 3.391775
v 32.219882 -14.716517 3.391775
v 32.381449 -15.213772 3.391775
v 32.804439 -15.521092 3.391775
v 33.327284 -15.521092 3.391775
v 33.750274 -15.213772 3.391775
v 33.911842 -14.716517 2.882610
v 33.750274 -14.219263 2.882610
v 33.327284 -13.911942 2.882610
v 32.804439 -13.911942 2.882610
v 32.381449 -14.219263 2.882610
v 32.219882 -14.716517 2.882610
v 32.381449 -15.213772 2.882610
v 32.804439 -15.521092 2.882610
v 33.327284 -15.521092 2.882610
v 33.750274 -15.213772 2.882610
v 33.588706 -14.716517 2.470686
v 33.488852 -14.409197 2.470686
v 33.227430 -14.219263 2.470686
v 32.904294 -14.219263 2.470686
v 32.642872 -14.409197 2.470686
v 32.543017 -14.716517 2.470686
v 32.642872 -15.023837 2.470686
v 32.904294 -15.213772 2.470686
v 33.227430 -15.213772 2.470686
v 33.488852 -15.023837 2.470686
v 33.065862 -14.716517 2.313346
v 17.334056 -0.807494 0.000000
v 17.292592 -0.679881 0.000000
v 17.184038 -0.601012 0.000000
v 17.049858 -0.601012 0.000000
v 16.941304 -0.679881 0.000000
v 16.899840 -0.807494 0.000000
v 16.941304 -0.935107 0.000000
v 17.049858 -1.013976 0.000000
v 17.184038 -1.013976 0.000000
v 17.292592 -0.935107 0.000000
v 17.334056 -0.807494 3.590632
v 17.292592 -0.679881 3.590632
v 17.184038 -0.601012 3.590632
v 17.049858 -0.601012 3.590632
v 16.941304 -0.679881 3.590632
v 16.899840 -0.807494 3.590632
v 16.941304 -0.935107 3.590632
v 17.049858 -1.013976 3.590632
v 17.184038 -1.013976 3.590632
v 17.292592 -0.935107 3.590632
v 17.116948 -0.807494 3.590632
v 17.497942 -0.807494 3.441624
v 17.425179 -0.583552 3.441624
v 17.234682 -0.445148 3.441624
v 16.999215 -0.445148 3.441624
v 16.808718 -0.583552 3.441624
v 16.735955 -0.807494 3.441624
v 16.808718 -1.031436 3.441624
v 16.999215 -1.169840 3.441624
v 17.234682 -1.169840 3.441624
v 17.425179 -1.031436 3.441624
v 17.733409 -0.807494 3.051516
v 17.615675 -0.445148 3.051516
v 17.307445 -0.221205 3.051516
v 16.926452 -0.221205 3.051516
v 16.618221 -0.445148 3.051516
v 16.500488 -0.807494 3.051516
v 16.618221 -1.169840 3.051516
v 16.926452 -1.393783 3.051516
v 17.307445 -1.393783 3.051516
v 17.615675 -1.169840 3.051516
v 17.733409 -0.807494 2.569315
v 17.615675 -0.445148 2.569315
v 17.307445 -0.221205 2.569315
v 16.926452 -0.221205 2.569315
v 16.618221 -0.445148 2.569315
v 16.500488 -0.807494 2.569315
v 16.618221 -1.169840 2.569315
v 16.926452 -1.393783 2.569315
v 17.307445 -1.393783 2.569315
v 17.615675 -1.169840 2.569315
v 17.497942 -0.807494 2.179207
v 17.425179 -0.583552 2.179207
v 17.234682 -0.445148 2.179207
v 16.999215 -0.445148 2.179207
v 16.808718 -0.583552 2.179207
v 16.735955 -0.807494 2.179207
v 16.808718 -1.031436 2.179207
v 16.999215 -1.169840 2.179207
v 17.234682 -1.169840 2.179207
v 17.425179 -1.031436 2.179207
v 17.116948 -0.807494 2.030199
v 19.971293 -16.400002 0.000000
v 19.926261 -16.261409 0.000000
v 19.808367 -16.175754 0.000000
v 19.662642 -16.175754 0.000000
v 19.544747 -16.261409 0.000000
v 19.499716 -16.400002 0.000000
v 19.544747 -16.538595 0.000000
v 19.662642 -16.624251 0.000000
v 19.808367 -16.624251 0.000000
v 19.926261 -16.538595 0.000000
v 19.971293 -16.400002 3.782992
v 19.926261 -16.261409 3.782992
v 19.808367 -16.175754 3.782992
v 19.662642 -16.175754 3.782992
v 19.544747 -16.261409 3.782992
v 19.499716 -16.400002 3.782992
v 19.544747 -16.538595 3.782992
v 19.662642 -16.624251 3.782992
v 19.808367 -16.624251 3.782992
v 19.926261 -16.538595 3.782992
v 19.735504 -16.400002 3.782992
v 20.264310 -16.400002 3.609231
v 20.163317 -16.089178 3.609231
v 19.898914 -15.897078 3.609231
v 19.572094 -15.897078 3.609231
v 19.307692 -16.089178 3.609231
v 19.206699 -16.400002 3.609231
v 19.307692 -16.710826 3.609231
v 19.572094 -16.902926 3.609231
v 19.898914 -16.902926 3.609231
v 20.163317 -16.710826 3.609231
v 20.591130 -16.400002 3.154319
v 20.427720 -15.897078 3.154319
v 19.999907 -15.586254 3.154319
v 19.471101 -15.586254 3.154319
v 19.043289 -15.897078 3.154319
v 18.879879 -16.400002 3.154319
v 19.043289 -16.902926 3.154319
v 19.471101 -17.213751 3.154319
v 19.999907 -17.213751 3.154319
v 20.427720 -16.902926 3.154319
v 20.591130 -16.400002 2.592016
v 20.427720 -15.897078 2.592016
v 19.999907 -15.586254 2.592016
v 19.471101 -15.586254 2.592016
v 19.043289 -15.897078 2.592016
v 18.879879 -16.400002 2.592016
v 19.043289 -16.902926 2.592016
v 19.471101 -17.213751 2.592016
v 19.999907 -17.213751 2.592016
v 20.427720 -16.902926 2.592016
v 20.264310 -16.400002 2.137104
v 20.163317 -16.089178 2.137104
v 19.898914 -15.897078 2.137104
v 19.572094 -15.897078 2.137104
v 19.307692 -16.089178 2.137104
v 19.206699 -16.400002 2.137104
v 19.307692 -16.710826 2.137104
v 19.572094 -16.902926 2.137104
v 19.898914 -16.902926 2.137104
v 20.163317 -16.710826 2.137104
v 19.735504 -16.400002 1.963342
v 55.598081 -3.806757 0.000000
v 55.556428 -3.678565 0.000000
v 55.447381 -3.599337 0.000000
v 55.312591 -3.599337 0.000000
v 55.203544 -3.678565 0.000000
v 55.161892 -3.806757 0.000000
v 55.203544 -3.934950 0.000000
v 55.312591 -4.014177 0.000000
v 55.447381 -4.014177 0.000000
v 55.556428 -3.934950 0.000000
v 55.598081 -3.806757 3.981885
v 55.556428 -3.678565 3.981885
v 55.447381 -3.599337 3.981885
v 55.312591 -3.599337 3.981885
v 55.203544 -3.678565 3.981885
v 55.161892 -3.806757 3.981885
v 55.203544 -3.934950 3.981885
v 55.312591 -4.014177 3.981885
v 55.447381 -4.014177 3.981885
v 55.556428 -3.934950 3.981885
v 55.379986 -3.806757 3.981885
v 55.808187 -3.806757 3.803737
v 55.726408 -3.555067 3.803737
v 55.512307 -3.399515 3.803737
v 55.247665 -3.399515 3.803737
v 55.033565 -3.555067 3.803737
v 54.951786 -3.806757 3.803737
v 55.033565 -4.058447 3.803737
v 55.247665 -4.214000 3.803737
v 55.512307 -4.214000 3.803737
v 55.726408 -4.058447 3.803737
v 56.072829 -3.806757 3.337340
v 55.940508 -3.399515 3.337340
v 55.594086 -3.147825 3.337340
v 55.165886 -3.147825 3.337340
v 54.819465 -3.399515 3.337340
v 54.687144 -3.806757 3.337340
v 54.819465 -4.214000 3.337340
v 55.165886 -4.465690 3.337340
v 55.594086 -4.465690 3.337340
v 55.940508 -4.214000 3.337340
v 56.072829 -3.806757 2.760841
v 55.940508 -3.399515 2.760841
v 55.594086 -3.147825 2.760841
v 55.165886 -3.147825 2.760841
v 54.819465 -3.399515 2.760841
v 54.687144 -3.806757 2.760841
v 54.819465 -4.214000 2.760841
v 55.165886 -4.465690 2.760841
v 55.594086 -4.465690 2.760841
v 55.940508 -4.214000 2.760841
v 55.808187 -3.806757 2.294444
v 55.726408 -3.555067 2.294444
v 55.512307 -3.399515 2.294444
v 55.247665 -3.399515 2.294444
v 55.033565 -3.555067 2.294444
v 54.951786 -3.806757 2.294444
v 55.033565 -4.058447 2.294444
v 55.247665 -4.214000 2.294444
v 55.512307 -4.214000 2.294444
v 55.726408 -4.058447 2.294444
v 55.379986 -3.806757 2.116296
v 7.344085 -15.504449 0.000000
v 7.312897 -15.408464 0.000000
v 7.231247 -15.349141 0.000000
v 7.130322 -15.349141 0.000000
v 7.048672 -15.408464 0.000000
v 7.017485 -15.504449 0.000000
v 7.048672 -15.600434 0.000000
v 7.130322 -15.659756 0.000000
v 7.231247 -15.659756 0.000000
v 7.312897 -15.600434 0.000000
v 7.344085 -15.504449 2.967452
v 7.312897 -15.408464 2.967452
v 7.231247 -15.349141 2.967452
v 7.130322 -15.349141 2.967452
v 7.048672 -15.408464 2.967452
v 7.017485 -15.504449 2.967452
v 7.048672 -15.600434 2.967452
v 7.130322 -15.659756 2.967452
v 7.231247 -15.659756 2.967452
v 7.312897 -15.600434 2.967452
v 7.180785 -15.504449 2.967452
v 7.664319 -15.504449 2.805776
v 7.571972 -15.220235 2.805776
v 7.330205 -15.044580 2.805776
v 7.031364 -15.044580 2.805776
v 6.789597 -15.220235 2.805776
v 6.697250 -15.504449 2.805776
v 6.789597 -15.788663 2.805776
v 7.031364 -15.964317 2.805776
v 7.330205 -15.964317 2.805776
v 7.571972 -15.788663 2.805776
v 7.963160 -15.504449 2.382504
v 7.813739 -15.044580 2.382504
v 7.422552 -14.760366 2.382504
v 6.939018 -14.760366 2.382504
v 6.547830 -15.044580 2.382504
v 6.398410 -15.504449 2.382504
v 6.547830 -15.964317 2.382504
v 6.939018 -16.248532 2.382504
v 7.422552 -16.248532 2.382504
v 7.813739 -15.964317 2.382504
v 7.963160 -15.504449 1.859310
v 7.813739 -15.044580 1.859310
v 7.422552 -14.760366 1.859310
v 6.939018 -14.760366 1.859310
v 6.547830 -15.044580 1.859310
v 6.398410 -15.504449 1.859310
v 6.547830 -15.964317 1.859310
v 6.939018 -16.248532 1.859310
v 7.422552 -16.248532 1.859310
v 7.813739 -15.964317 1.859310
v 7.664319 -15.504449 1.436037
v 7.571972 -15.220235 1.436037
v 7.330205 -15.044580 1.436037
v 7.031364 -15.044580 1.436037
v 6.789597 -15.220235 1.436037
v 6.697250 -15.504449 1.436037
v 6.789597 -15.788663 1.436037
v 7.031364 -15.964317 1.436037
v 7.330205 -15.964317 1.436037
v 7.571972 -15.788663 1.436037
v 7.180785 -15.504449 1.274361
v 30.064806 -18.491887 0.000000
v 30.025974 -18.372376 0.000000
v 29.924313 -18.298515 0.000000
v 29.798652 -18.298515 0.000000
v 29.696991 -18.372376 0.000000
v 29.658159 -18.491887 0.000000
v 29.696991 -18.611397 0.000000
v 29.798652 -18.685259 0.000000
v 29.924313 -18.685259 0.000000
v 30.025974 -18.611397 0.000000
v 30.064806 -18.491887 3.404439
v 30.025974 -18.372376 3.404439
v 29.924313 -18.298515 3.404439
v 29.798652 -18.298515 3.404439
v 29.696991 -18.372376 3.404439
v 29.658159 -18.491887 3.404439
v 29.696991 -18.611397 3.404439
v 29.798652 -18.685259 3.404439
v 29.924313 -18.685259 3.404439
v 30.025974 -18.611397 3.404439
v 29.861482 -18.491887 3.404439
v 30.154266 -18.491887 3.296771
v 30.098349 -18.319793 3.296771
v 29.951958 -18.213433 3.296771
v 29.771007 -18.213433 3.296771
v 29.624616 -18.319793 3.296771
v 29.568699 -18.491887 3.296771
v 29.624616 -18.663981 3.296771
v 29.771007 -18.770341 3.296771
v 29.951958 -18.770341 3.296771
v 30.098349 -18.663981 3.296771
v 30.335216 -18.491887 3.014892
v 30.244741 -18.213433 3.014892
v 30.007874 -18.041339 3.014892
v 29.715091 -18.041339 3.014892
v 29.478224 -18.213433 3.014892
v 29.387749 -18.491887 3.014892
v 29.478224 -18.770341 3.014892
v 29.715091 -18.942434 3.014892
v 30.007874 -18.942434 3.014892
v 30.244741 -18.770341 3.014892
v 30.335216 -18.491887 2.666472
v 30.244741 -18.213433 2.666472
v 30.007874 -18.041339 2.666472
v 29.715091 -18.041339 2.666472
v 29.478224 -18.213433 2.666472
v 29.387749 -18.491887 2.666472
v 29.478224 -18.770341 2.666472
v 29.715091 -18.942434 2.666472
v 30.007874 -18.942434 2.666472
v 30.244741 -18.770341 2.666472
v 30.154266 -18.491887 2.384593
v 30.098349 -18.319793 2.384593
v 29.951958 -18.213433 2.384593
v 29.771007 -18.213433 2.384593
v 29.624616 -18.319793 2.384593
v 29.568699 -18.491887 2.384593
v 29.624616 -18.663981 2.384593
v 29.771007 -18.770341 2.384593
v 29.951958 -18.770341 2.384593
v 30.098349 -18.663981 2.384593
v 29.861482 -18.491887 2.276925
v 15.200965 -16.423921 0.000000
v 15.165034 -16.313340 0.000000
v 15.070968 -16.244997 0.000000
v 14.954696 -16.244997 0.000000
v 14.860630 -16.313340 0.000000
v 14.824700 -16.423921 0.000000
v 14.860630 -16.534503 0.000000
v 14.954696 -16.602846 0.000000
v 15.070968 -16.602846 0.000000
v 15.165034 -16.534503 0.000000
v 15.200965 -16.423921 3.528696
v 15.165034 -16.313340 3.528696
v 15.070968 -16.244997 3.528696
v 14.954696 -16.244997 3.528696
v 14.860630 -16.313340 3.528696
v 14.824700 -16.423921 3.528696
v 14.860630 -16.534503 3.528696
v 14.954696 -16.602846 3.528696
v 15.070968 -16.602846 3.528696
v 15.165034 -16.534503 3.528696
v 15.012832 -16.423921 3.528696
v 15.510842 -16.423921 3.331368
v 15.415731 -16.131198 3.331368
v 15.166726 -15.950285 3.331368
v 14.858939 -15.950285 3.331368
v 14.609934 -16.131198 3.331368
v 14.514822 -16.423921 3.331368
v 14.609934 -16.716644 3.331368
v 14.858939 -16.897557 3.331368
v 15.166726 -16.897557 3.331368
v 15.415731 -16.716644 3.331368
v 15.818629 -16.423921 2.814755
v 15.664736 -15.950285 2.814755
v 15.261837 -15.657563 2.814755
v 14.763827 -15.657563 2.814755
v 14.360929 -15.950285 2.814755
v 14.207035 -16.423921 2.814755
v 14.360929 -16.897557 2.814755
v 14.763827 -17.190280 2.814755
v 15.261837 -17.190280 2.814755
v 15.664736 -16.897557 2.814755
v 15.818629 -16.423921 2.176187
v 15.664736 -15.950285 2.176187
v 15.261837 -15.657563 2.176187
v 14.763827 -15.657563 2.176187
v 14.360929 -15.950285 2.176187
v 14.207035 -16.423921 2.176187
v 14.360929 -16.897557 2.176187
v 14.763827 -17.190280 2.176187
v 15.261837 -17.190280 2.176187
v 15.664736 -16.897557 2.176187
v 15.510842 -16.423921 1.659574
v 15.415731 -16.131198 1.659574
v 15.166726 -15.950285 1.659574
v 14.858939 -15.950285 1.659574
v 14.609934 -16.131198 1.659574
v 14.514822 -16.423921 1.659574
v 14.609934 -16.716644 1.659574
v 14.858939 -16.897557 1.659574
v 15.166726 -16.897557 1.659574
v 15.415731 -16.716644 1.659574
v 15.012832 -16.423921 1.462246
v 17.806251 -10.155862 0.000000
v 17.762171 -10.020198 0.000000
v 17.646769 -9.936353 0.000000
v 17.504123 -9.936353 0.000000
v 17.388721 -10.020198 0.000000
v 17.344641 -10.155862 0.000000
v 17.388721 -10.291526 0.000000
v 17.504123 -10.375371 0.000000
v 17.646769 -10.375371 0.000000
v 17.762171 -10.291526 0.000000
v 17.806251 -10.155862 3.403831
v 17.762171 -10.020198 3.403831
v 17.646769 -9.936353 3.403831
v 17.504123 -9.936353 3.403831
v 17.388721 -10.020198 3.403831
v 17.344641 -10.155862 3.403831
v 17.388721 -10.291526 3.403831
v 17.504123 -10.375371 3.403831
v 17.646769 -10.375371 3.403831
v 17.762171 -10.291526 3.403831
v 17.575446 -10.155862 3.403831
v 18.106625 -10.155862 3.205969
v 18.005179 -9.843642 3.205969
v 17.739589 -9.650680 3.205969
v 17.411302 -9.650680 3.205969
v 17.145713 -9.843642 3.205969
v 17.044266 -10.155862 3.205969
v 17.145713 -10.468081 3.205969
v 17.411302 -10.661044 3.205969
v 17.739589 -10.661044 3.205969
v 18.005179 -10.468081 3.205969
v 18.434913 -10.155862 2.687959
v 18.270769 -9.650680 2.687959
v 17.841036 -9.338461 2.687959
v 17.309856 -9.338461 2.687959
v 16.880123 -9.650680 2.687959
v 16.715979 -10.155862 2.687959
v 16.880123 -10.661044 2.687959
v 17.309856 -10.973263 2.687959
v 17.841036 -10.973263 2.687959
v 18.270769 -10.661044 2.687959
v 18.434913 -10.155862 2.047665
v 18.270769 -9.650680 2.047665
v 17.841036 -9.338461 2.047665
v 17.309856 -9.338461 2.047665
v 16.880123 -9.650680 2.047665
v 16.715979 -10.155862 2.047665
v 16.880123 -10.661044 2.047665
v 17.309856 -10.973263 2.047665
v 17.841036 -10.973263 2.047665
v 18.270769 -10.661044 2.047665
v 18.106625 -10.155862 1.529655
v 18.005179 -9.843642 1.529655
v 17.739589 -9.650680 1.529655
v 17.411302 -9.650680 1.529655
v 17.145713 -9.843642 1.529655
v 17.044266 -10.155862 1.529655
v 17.145713 -10.468081 1.529655
v 17.411302 -10.661044 1.529655
v 17.739589 -10.661044 1.529655
v 18.005179 -10.468081 1.529655
v 17.575446 -10.155862 1.331793
v 47.139449 -4.647756 0.000000
v 47.102897 -4.535260 0.000000
v 47.007202 -4.465734 0.000000
v 46.888917 -4.465734 0.000000
v 46.793223 -4.535260 0.000000
v 46.756671 -4.647756 0.000000
v 46.793223 -4.760252 0.000000
v 46.888917 -4.829778 0.000000
v 47.007202 -4.829778 0.000000
v 47.102897 -4.760252 0.000000
v 47.139449 -4.647756 3.906082
v 47.102897 -4.535260 3.906082
v 47.007202 -4.465734 3.906082
v 46.888917 -4.465734 3.906082
v 46.793223 -4.535260 3.906082
v 46.756671 -4.647756 3.906082
v 46.793223 -4.760252 3.906082
v 46.888917 -4.829778 3.906082
v 47.007202 -4.829778 3.906082
v 47.102897 -4.760252 3.906082
v 46.948060 -4.647756 3.906082
v 47.392493 -4.647756 3.758779
v 47.307613 -4.386525 3.758779
v 47.085397 -4.225075 3.758779
v 46.810722 -4.225075 3.758779
v 46.588506 -4.386525 3.758779
v 46.503626 -4.647756 3.758779
v 46.588506 -4.908987 3.758779
v 46.810722 -5.070437 3.758779
v 47.085397 -5.070437 3.758779
v 47.307613 -4.908987 3.758779
v 47.667167 -4.647756 3.373133
v 47.529830 -4.225075 3.373133
v 47.170276 -3.963844 3.373133
v 46.725843 -3.963844 3.373133
v 46.366289 -4.225075 3.373133
v 46.228952 -4.647756 3.373133
v 46.366289 -5.070437 3.373133
v 46.725843 -5.331668 3.373133
v 47.170276 -5.331668 3.373133
v 47.529830 -5.070437 3.373133
v 47.667167 -4.647756 2.896449
v 47.529830 -4.225075 2.896449
v 47.170276 -3.963844 2.896449
v 46.725843 -3.963844 2.896449
v 46.366289 -4.225075 2.896449
v 46.228952 -4.647756 2.896449
v 46.366289 -5.070437 2.896449
v 46.725843 -5.331668 2.896449
v 47.170276 -5.331668 2.896449
v 47.529830 -5.070437 2.896449
v 47.392493 -4.647756 2.510803
v 47.307613 -4.386525 2.510803
v 47.085397 -4.225075 2.510803
v 46.810722 -4.225075 2.510803
v 46.588506 -4.386525 2.510803
v 46.503626 -4.647756 2.510803
v 46.588506 -4.908987 2.510803
v 46.810722 -5.070437 2.510803
v 47.085397 -5.070437 2.510803
v 47.307613 -4.908987 2.510803
v 46.948060 -4.647756 2.363500
v 60.264423 -3.389602 0.000000
v 60.231942 -3.289636 0.000000
v 60.146906 -3.227854 0.000000
v 60.041796 -3.227854 0.000000
v 59.956760 -3.289636 0.000000
v 59.924279 -3.389602 0.000000
v 59.956760 -3.489567 0.000000
v 60.041796 -3.551350 0.000000
v 60.146906 -3.551350 0.000000
v 60.231942 -3.489567 0.000000
v 60.264423 -3.389602 3.370763
v 60.231942 -3.289636 3.370763
v 60.146906 -3.227854 3.370763
v 60.041796 -3.227854 3.370763
v 59.956760 -3.289636 3.370763
v 59.924279 -3.389602 3.370763
v 59.956760 -3.489567 3.370763
v 60.041796 -3.551350 3.370763
v 60.146906 -3.551350 3.370763
v 60.231942 -3.489567 3.370763
v 60.094351 -3.389602 3.370763
v 60.441949 -3.389602 3.228064
v 60.375564 -3.185288 3.228064
v 60.201765 -3.059016 3.228064
v 59.986937 -3.059016 3.228064
v 59.813137 -3.185288 3.228064
v 59.746752 -3.389602 3.228064
v 59.813137 -3.593915 3.228064
v 59.986937 -3.720188 3.228064
v 60.201765 -3.720188 3.228064
v 60.375564 -3.593915 3.228064
v 60.656777 -3.389602 2.854473
v 60.549363 -3.059016 2.854473
v 60.268150 -2.854702 2.854473
v 59.920551 -2.854702 2.854473
v 59.639338 -3.059016 2.854473
v 59.531924 -3.389602 2.854473
v 59.639338 -3.720188 2.854473
v 59.920551 -3.924501 2.854473
v 60.268150 -3.924501 2.854473
v 60.549363 -3.720188 2.854473
v 60.656777 -3.389602 2.392690
v 60.549363 -3.059016 2.392690
v 60.268150 -2.854702 2.392690
v 59.920551 -2.854702 2.392690
v 59.639338 -3.059016 2.392690
v 59.531924 -3.389602 2.392690
v 59.639338 -3.720188 2.392690
v 59.920551 -3.924501 2.392690
v 60.268150 -3.924501 2.392690
v 60.549363 -3.720188 2.392690
v 60.441949 -3.389602 2.019099
v 60.375564 -3.185288 2.019099
v 60.201765 -3.059016 2.019099
v 59.986937 -3.059016 2.019099
v 59.813137 -3.185288 2.019099
v 59.746752 -3.389602 2.019099
v 59.813137 -3.593915 2.019099
v 59.986937 -3.720188 2.019099
v 60.201765 -3.720188 2.019099
v 60.375564 -3.593915 2.019099
v 60.094351 -3.389602 1.876400
v 44.318740 -0.822067 0.000000
v 44.276808 -0.693013 0.000000
v 44.167028 -0.613253 0.000000
v 44.031333 -0.613253 0.000000
v 43.921553 -0.693013 0.000000
v 43.879621 -0.822067 0.000000
v 43.921553 -0.951121 0.000000
v 44.031333 -1.030881 0.000000
v 44.167028 -1.030881 0.000000
v 44.276808 -0.951121 0.000000
v 44.318740 -0.822067 3.220000
v 44.276808 -0.693013 3.220000
v 44.167028 -0.613253 3.220000
v 44.031333 -0.613253 3.220000
v 43.921553 -0.693013 3.220000
v 43.879621 -0.822067 3.220000
v 43.921553 -0.951121 3.220000
v 44.031333 -1.030881 3.220000
v 44.167028 -1.030881 3.220000
v 44.276808 -0.951121 3.220000
v 44.099180 -0.822067 3.220000
v 44.537448 -0.822067 3.044950
v 44.453746 -0.564460 3.044950
v 44.234612 -0.405250 3.044950
v 43.963748 -0.405250 3.044950
v 43.744615 -0.564460 3.044950
v 43.660913 -0.822067 3.044950
v 43.744615 -1.079674 3.044950
v 43.963748 -1.238884 3.044950
v 44.234612 -1.238884 3.044950
v 44.453746 -1.079674 3.044950
v 44.808312 -0.822067 2.586662
v 44.672880 -0.405250 2.586662
v 44.318314 -0.147643 2.586662
v 43.880047 -0.147643 2.586662
v 43.525481 -0.405250 2.586662
v 43.390049 -0.822067 2.586662
v 43.525481 -1.238884 2.586662
v 43.880047 -1.496491 2.586662
v 44.318314 -1.496491 2.586662
v 44.672880 -1.238884 2.586662
v 44.808312 -0.822067 2.020187
v 44.672880 -0.405250 2.020187
v 44.318314 -0.147643 2.020187
v 43.880047 -0.147643 2.020187
v 43.525481 -0.405250 2.020187
v 43.390049 -0.822067 2.020187
v 43.525481 -1.238884 2.020187
v 43.880047 -1.496491 2.020187
v 44.318314 -1.496491 2.020187
v 44.672880 -1.238884 2.020187
v 44.537448 -0.822067 1.561899
v 44.453746 -0.564460 1.561899
v 44.234612 -0.405250 1.561899
v 43.963748 -0.405250 1.561899
v 43.744615 -0.564460 1.561899
v 43.660913 -0.822067 1.561899
v 43.744615 -1.079674 1.561899
v 43.963748 -1.238884 1.561899
v 44.234612 -1.238884 1.561899
v 44.453746 -1.079674 1.561899
v 44.099180 -0.822067 1.386848
v 26.655901 -0.804599 0.000000
v 26.620262 -0.694915 0.000000
v 26.526960 -0.627128 0.000000
v 26.411633 -0.627128 0.000000
v 26.318331 -0.694915 0.000000
v 26.282692 -0.804599 0.000000
v 26.318331 -0.914282 0.000000
v 26.411633 -0.982070 0.000000
v 26.526960 -0.982070 0.000000
v 26.620262 -0.914282 0.000000
v 26.655901 -0.804599 3.373225
v 26.620262 -0.694915 3.373225
v 26.526960 -0.627128 3.373225
v 26.411633 -0.627128 3.373225
v 26.318331 -0.694915 3.373225
v 26.282692 -0.804599 3.373225
v 26.318331 -0.914282 3.373225
v 26.411633 -0.982070 3.373225
v 26.526960 -0.982070 3.373225
v 26.620262 -0.914282 3.373225
v 26.469296 -0.804599 3.373225
v 26.837353 -0.804599 3.239889
v 26.767060 -0.588261 3.239889
v 26.583032 -0.454556 3.239889
v 26.355561 -0.454556 3.239889
v 26.171533 -0.588261 3.239889
v 26.101240 -0.804599 3.239889
v 26.171533 -1.020937 3.239889
v 26.355561 -1.154641 3.239889
v 26.583032 -1.154641 3.239889
v 26.767060 -1.020937 3.239889
v 27.064824 -0.804599 2.890813
v 26.951088 -0.454556 2.890813
v 26.653325 -0.238218 2.890813
v 26.285268 -0.238218 2.890813
v 25.987505 -0.454556 2.890813
v 25.873769 -0.804599 2.890813
v 25.987505 -1.154641 2.890813
v 26.285268 -1.370979 2.890813
v 26.653325 -1.370979 2.890813
v 26.951088 -1.154641 2.890813
v 27.064824 -0.804599 2.459330
v 26.951088 -0.454556 2.459330
v 26.653325 -0.238218 2.459330
v 26.285268 -0.238218 2.459330
v 25.987505 -0.454556 2.459330
v 25.873769 -0.804599 2.459330
v 25.987505 -1.154641 2.459330
v 26.285268 -1.370979 2.459330
v 26.653325 -1.370979 2.459330
v 26.951088 -1.154641 2.459330
v 26.837353 -0.804599 2.110254
v 26.767060 -0.588261 2.110254
v 26.583032 -0.454556 2.110254
v 26.355561 -0.454556 2.110254
v 26.171533 -0.588261 2.110254
v 26.101240 -0.804599 2.110254
v 26.171533 -1.020937 2.110254
v 26.355561 -1.154641 2.110254
v 26.583032 -1.154641 2.110254
v 26.767060 -1.020937 2.110254
v 26.469296 -0.804599 1.976918
v 25.760721 -9.219432 0.000000
v 25.717938 -9.087759 0.000000
v 25.605930 -9.006381 0.000000
v 25.467481 -9.006381 0.000000
v 25.355474 -9.087759 0.000000
v 25.312691 -9.219432 0.000000
v 25.355474 -9.351105 0.000000
v 25.467481 -9.432483 0.000000
v 25.605930 -9.432483 0.000000
v 25.717938 -9.351105 0.000000
v 25.760721 -9.219432 3.212263
v 25.717938 -9.087759 3.212263
v 25.605930 -9.006381 3.212263
v 25.467481 -9.006381 3.212263
v 25.355474 -9.087759 3.212263
v 25.312691 -9.219432 3.212263
v 25.355474 -9.351105 3.212263
v 25.467481 -9.432483 3.212263
v 25.605930 -9.432483 3.212263
v 25.717938 -9.351105 3.212263
v 25.536706 -9.219432 3.212263
v 26.048497 -9.219432 3.024629
v 25.950753 -8.918609 3.024629
v 25.694858 -8.732690 3.024629
v 25.378554 -8.732690 3.024629
v 25.122658 -8.918609 3.024629
v 25.024915 -9.219432 3.024629
v 25.122658 -9.520255 3.024629
v 25.378554 -9.706174 3.024629
v 25.694858 -9.706174 3.024629
v 25.950753 -9.520255 3.024629
v 26.364801 -9.219432 2.533397
v 26.206649 -8.732690 2.533397
v 25.792601 -8.431866 2.533397
v 25.280810 -8.431866 2.533397
v 24.866763 -8.732690 2.533397
v 24.708610 -9.219432 2.533397
v 24.866763 -9.706174 2.533397
v 25.280810 -10.006997 2.533397
v 25.792601 -10.006997 2.533397
v 26.206649 -9.706174 2.533397
v 26.364801 -9.219432 1.926201
v 26.206649 -8.732690 1.926201
v 25.792601 -8.431866 1.926201
v 25.280810 -8.431866 1.926201
v 24.866763 -8.732690 1.926201
v 24.708610 -9.219432 1.926201
v 24.866763 -9.706174 1.926201
v 25.280810 -10.006997 1.926201
v 25.792601 -10.006997 1.926201
v 26.206649 -9.706174 1.926201
v 26.048497 -9.219432 1.434969
v 25.950753 -8.918609 1.434969
v 25.694858 -8.732690 1.434969
v 25.378554 -8.732690 1.434969
v 25.122658 -8.918609 1.434969
v 25.024915 -9.219432 1.434969
v 25.122658 -9.520255 1.434969
v 25.378554 -9.706174 1.434969
v 25.694858 -9.706174 1.434969
v 25.950753 -9.520255 1.434969
v 25.536706 -9.219432 1.247335
v 61.024566 -11.040918 0.000000
v 60.990981 -10.937555 0.000000
v 60.903055 -10.873673 0.000000
v 60.794373 -10.873673 0.000000
v 60.706447 -10.937555 0.000000
v 60.672862 -11.040918 0.000000
v 60.706447 -11.144282 0.000000
v 60.794373 -11.208164 0.000000
v 60.903055 -11.208164 0.000000
v 60.990981 -11.144282 0.000000
v 61.024566 -11.040918 3.628495
v 60.990981 -10.937555 3.628495
v 60.903055 -10.873673 3.628495
v 60.794373 -10.873673 3.628495
v 60.706447 -10.937555 3.628495
v 60.672862 -11.040918 3.628495
v 60.706447 -11.144282 3.628495
v 60.794373 -11.208164 3.628495
v 60.903055 -11.208164 3.628495
v 60.990981 -11.144282 3.628495
v 60.848714 -11.040918 3.628495
v 61.296187 -11.040918 3.487213
v 61.210727 -10.777901 3.487213
v 60.986991 -10.615347 3.487213
v 60.710437 -10.615347 3.487213
v 60.486701 -10.777901 3.487213
v 60.401241 -11.040918 3.487213
v 60.486701 -11.303936 3.487213
v 60.710437 -11.466490 3.487213
v 60.986991 -11.466490 3.487213
v 61.210727 -11.303936 3.487213
v 61.572740 -11.040918 3.117333
v 61.434463 -10.615347 3.117333
v 61.072450 -10.352329 3.117333
v 60.624978 -10.352329 3.117333
v 60.262965 -10.615347 3.117333
v 60.124688 -11.040918 3.117333
v 60.262965 -11.466490 3.117333
v 60.624978 -11.729508 3.117333
v 61.072450 -11.729508 3.117333
v 61.434463 -11.466490 3.117333
v 61.572740 -11.040918 2.660135
v 61.434463 -10.615347 2.660135
v 61.072450 -10.352329 2.660135
v 60.624978 -10.352329 2.660135
v 60.262965 -10.615347 2.660135
v 60.124688 -11.040918 2.660135
v 60.262965 -11.466490 2.660135
v 60.624978 -11.729508 2.660135
v 61.072450 -11.729508 2.660135
v 61.434463 -11.466490 2.660135
v 61.296187 -11.040918 2.290254
v 61.210727 -10.777901 2.290254
v 60.986991 -10.615347 2.290254
v 60.710437 -10.615347 2.290254
v 60.486701 -10.777901 2.290254
v 60.401241 -11.040918 2.290254
v 60.486701 -11.303936 2.290254
v 60.710437 -11.466490 2.290254
v 60.986991 -11.466490 2.290254
v 61.210727 -11.303936 2.290254
v 60.848714 -11.040918 2.148972
v 29.935054 -8.367627 0.000000
v 29.895620 -8.246263 0.000000
v 29.792382 -8.171256 0.000000
v 29.664772 -8.171256 0.000000
v 29.561534 -8.246263 0.000000
v 29.522100 -8.367627 0.000000
v 29.561534 -8.488991 0.000000
v 29.664772 -8.563999 0.000000
v 29.792382 -8.563999 0.000000
v 29.895620 -8.488991 0.000000
v 29.935054 -8.367627 3.141600
v 29.895620 -8.246263 3.141600
v 29.792382 -8.171256 3.141600
v 29.664772 -8.171256 3.141600
v 29.561534 -8.246263 3.141600
v 29.522100 -8.367627 3.141600
v 29.561534 -8.488991 3.141600
v 29.664772 -8.563999 3.141600
v 29.792382 -8.563999 3.141600
v 29.895620 -8.488991 3.141600
v 29.728577 -8.367627 3.141600
v 30.217275 -8.367627 2.949015
v 30.123942 -8.080378 2.949015
v 29.879593 -7.902849 2.949015
v 29.577561 -7.902849 2.949015
v 29.333213 -8.080378 2.949015
v 29.239880 -8.367627 2.949015
v 29.333213 -8.654877 2.949015
v 29.577561 -8.832406 2.949015
v 29.879593 -8.832406 2.949015
v 30.123942 -8.654877 2.949015
v 30.519306 -8.367627 2.444821
v 30.368290 -7.902849 2.444821
v 29.972926 -7.615599 2.444821
v 29.484228 -7.615599 2.444821
v 29.088864 -7.902849 2.444821
v 28.937848 -8.367627 2.444821
v 29.088864 -8.832406 2.444821
v 29.484228 -9.119655 2.444821
v 29.972926 -9.119655 2.444821
v 30.368290 -8.832406 2.444821
v 30.519306 -8.367627 1.821603
v 30.368290 -7.902849 1.821603
v 29.972926 -7.615599 1.821603
v 29.484228 -7.615599 1.821603
v 29.088864 -7.902849 1.821603
v 28.937848 -8.367627 1.821603
v 29.088864 -8.832406 1.821603
v 29.484228 -9.119655 1.821603
v 29.972926 -9.119655 1.821603
v 30.368290 -8.832406 1.821603
v 30.217275 -8.367627 1.317409
v 30.123942 -8.080378 1.317409
v 29.879593 -7.902849 1.317409
v 29.577561 -7.902849 1.317409
v 29.333213 -8.080378 1.317409
v 29.239880 -8.367627 1.317409
v 29.333213 -8.654877 1.317409
v 29.577561 -8.832406 1.317409
v 29.879593 -8.832406 1.317409
v 30.123942 -8.654877 1.317409
v 29.728577 -8.367627 1.124825
v 9.358983 -0.949749 0.000000
v 9.323055 -0.839174 0.000000
v 9.228993 -0.770834 0.000000
v 9.112727 -0.770834 0.000000
v 9.018665 -0.839174 0.000000
v 8.982737 -0.949749 0.000000
v 9.018665 -1.060325 0.000000
v 9.112727 -1.128665 0.000000
v 9.228993 -1.128665 0.000000
v 9.323055 -1.060325 0.000000
v 9.358983 -0.949749 3.361980
v 9.323055 -0.839174 3.361980
v 9.228993 -0.770834 3.361980
v 9.112727 -0.770834 3.361980
v 9.018665 -0.839174 3.361980
v 8.982737 -0.949749 3.361980
v 9.018665 -1.060325 3.361980
v 9.112727 -1.128665 3.361980
v 9.228993 -1.128665 3.361980
v 9.323055 -1.060325 3.361980
v 9.170860 -0.949749 3.361980
v 9.591676 -0.949749 3.193083
v 9.511307 -0.702400 3.193083
v 9.300899 -0.549530 3.193083
v 9.040821 -0.549530 3.193083
v 8.830413 -0.702400 3.193083
v 8.750044 -0.949749 3.193083
v 8.830413 -1.197099 3.193083
v 9.040821 -1.349969 3.193083
v 9.300899 -1.349969 3.193083
v 9.511307 -1.197099 3.193083
v 9.851754 -0.949749 2.750905
v 9.721715 -0.549530 2.750905
v 9.381268 -0.302181 2.750905
v 8.960452 -0.302181 2.750905
v 8.620005 -0.549530 2.750905
v 8.489966 -0.949749 2.750905
v 8.620005 -1.349969 2.750905
v 8.960452 -1.597318 2.750905
v 9.381268 -1.597318 2.750905
v 9.721715 -1.349969 2.750905
v 9.851754 -0.949749 2.204343
v 9.721715 -0.549530 2.204343
v 9.381268 -0.302181 2.204343
v 8.960452 -0.302181 2.204343
v 8.620005 -0.549530 2.204343
v 8.489966 -0.949749 2.204343
v 8.620005 -1.349969 2.204343
v 8.960452 -1.597318 2.204343
v 9.381268 -1.597318 2.204343
v 9.721715 -1.349969 2.204343
v 9.591676 -0.949749 1.762164
v 9.511307 -0.702400 1.762164
v 9.300899 -0.549530 1.762164
v 9.040821 -0.549530 1.762164
v 8.830413 -0.702400 1.762164
v 8.750044 -0.949749 1.762164
v 8.830413 -1.197099 1.762164
v 9.040821 -1.349969 1.762164
v 9.300899 -1.349969 1.762164
v 9.511307 -1.197099 1.762164
v 9.170860 -0.949749 1.593267
v 48.974952 -2.569865 0.000000
v 48.932128 -2.438064 0.000000
v 48.820011 -2.356606 0.000000
v 48.681427 -2.356606 0.000000
v 48.569310 -2.438064 0.000000
v 48.526485 -2.569865 0.000000
v 48.569310 -2.701666 0.000000
v 48.681427 -2.783124 0.000000
v 48.820011 -2.783124 0.000000
v 48.932128 -2.701666 0.000000
v 48.974952 -2.569865 3.220000
v 48.932128 -2.438064 3.220000
v 48.820011 -2.356606 3.220000
v 48.681427 -2.356606 3.220000
v 48.569310 -2.438064 3.220000
v 48.526485 -2.569865 3.220000
v 48.569310 -2.701666 3.220000
v 48.681427 -2.783124 3.220000
v 48.820011 -2.783124 3.220000
v 48.932128 -2.701666 3.220000
v 48.750719 -2.569865 3.220000
v 49.251054 -2.569865 3.067338
v 49.155499 -2.275775 3.067338
v 48.905331 -2.094018 3.067338
v 48.596107 -2.094018 3.067338
v 48.345939 -2.275775 3.067338
v 48.250383 -2.569865 3.067338
v 48.345939 -2.863955 3.067338
v 48.596107 -3.045712 3.067338
v 48.905331 -3.045712 3.067338
v 49.155499 -2.863955 3.067338
v 49.560279 -2.569865 2.667664
v 49.405667 -2.094018 2.667664
v 49.000887 -1.799928 2.667664
v 48.500551 -1.799928 2.667664
v 48.095771 -2.094018 2.667664
v 47.941159 -2.569865 2.667664
v 48.095771 -3.045712 2.667664
v 48.500551 -3.339802 2.667664
v 49.000887 -3.339802 2.667664
v 49.405667 -3.045712 2.667664
v 49.560279 -2.569865 2.173640
v 49.405667 -2.094018 2.173640
v 49.000887 -1.799928 2.173640
v 48.500551 -1.799928 2.173640
v 48.095771 -2.094018 2.173640
v 47.941159 -2.569865 2.173640
v 48.095771 -3.045712 2.173640
v 48.500551 -3.339802 2.173640
v 49.000887 -3.339802 2.173640
v 49.405667 -3.045712 2.173640
v 49.251054 -2.569865 1.773966
v 49.155499 -2.275775 1.773966
v 48.905331 -2.094018 1.773966
v 48.596107 -2.094018 1.773966
v 48.345939 -2.275775 1.773966
v 48.250383 -2.569865 1.773966
v 48.345939 -2.863955 1.773966
v 48.596107 -3.045712 1.773966
v 48.905331 -3.045712 1.773966
v 49.155499 -2.863955 1.773966
v 48.750719 -2.569865 1.621304
v 17.787465 -15.656539 0.000000
v 17.741566 -15.515276 0.000000
v 17.621400 -15.427970 0.000000
v 17.472867 -15.427970 0.000000
v 17.352701 -15.515276 0.000000
v 17.306801 -15.656539 0.000000
v 17.352701 -15.797803 0.000000
v 17.472867 -15.885109 0.000000
v 17.621400 -15.885109 0.000000
v 17.741566 -15.797803 0.000000
v 17.787465 -15.656539 3.620631
v 17.741566 -15.515276 3.620631
v 17.621400 -15.427970 3.620631
v 17.472867 -15.427970 3.620631
v 17.352701 -15.515276 3.620631
v 17.306801 -15.656539 3.620631
v 17.352701 -15.797803 3.620631
v 17.472867 -15.885109 3.620631
v 17.621400 -15.885109 3.620631
v 17.741566 -15.797803 3.620631
v 17.547133 -15.656539 3.620631
v 17.968647 -15.656539 3.480671
v 17.888145 -15.408780 3.480671
v 17.677388 -15.255656 3.480671
v 17.416878 -15.255656 3.480671
v 17.206122 -15.408780 3.480671
v 17.125620 -15.656539 3.480671
v 17.206122 -15.904299 3.480671
v 17.416878 -16.057423 3.480671
v 17.677388 -16.057423 3.480671
v 17.888145 -15.904299 3.480671
v 18.229157 -15.656539 3.114250
v 18.098902 -15.255656 3.114250
v 17.757890 -15.007897 3.114250
v 17.336377 -15.007897 3.114250
v 16.995365 -15.255656 3.114250
v 16.865110 -15.656539 3.114250
v 16.995365 -16.057423 3.114250
v 17.336377 -16.305182 3.114250
v 17.757890 -16.305182 3.114250
v 18.098902 -16.057423 3.114250
v 18.229157 -15.656539 2.661329
v 18.098902 -15.255656 2.661329
v 17.757890 -15.007897 2.661329
v 17.336377 -15.007897 2.661329
v 16.995365 -15.255656 2.661329
v 16.865110 -15.656539 2.661329
v 16.995365 -16.057423 2.661329
v 17.336377 -16.305182 2.661329
v 17.757890 -16.305182 2.661329
v 18.098902 -16.057423 2.661329
v 17.968647 -15.656539 2.294908
v 17.888145 -15.408780 2.294908
v 17.677388 -15.255656 2.294908
v 17.416878 -15.255656 2.294908
v 17.206122 -15.408780 2.294908
v 17.125620 -15.656539 2.294908
v 17.206122 -15.904299 2.294908
v 17.416878 -16.057423 2.294908
v 17.677388 -16.057423 2.294908
v 17.888145 -15.904299 2.294908
v 17.547133 -15.656539 2.154948
v 43.776533 -18.455423 0.000000
v 43.743783 -18.354627 0.000000
v 43.658040 -18.292331 0.000000
v 43.552056 -18.292331 0.000000
v 43.466313 -18.354627 0.000000
v 43.433563 -18.455423 0.000000
v 43.466313 -18.556220 0.000000
v 43.552056 -18.618516 0.000000
v 43.658040 -18.618516 0.000000
v 43.743783 -18.556220 0.000000
v 43.776533 -18.455423 3.854103
v 43.743783 -18.354627 3.854103
v 43.658040 -18.292331 3.854103
v 43.552056 -18.292331 3.854103
v 43.466313 -18.354627 3.854103
v 43.433563 -18.455423 3.854103
v 43.466313 -18.556220 3.854103
v 43.552056 -18.618516 3.854103
v 43.658040 -18.618516 3.854103
v 43.743783 -18.556220 3.854103
v 43.605048 -18.455423 3.854103
v 43.919264 -18.455423 3.753837
v 43.859254 -18.270732 3.753837
v 43.702146 -18.156586 3.753837
v 43.507950 -18.156586 3.753837
v 43.350842 -18.270732 3.753837
v 43.290832 -18.455423 3.753837
v 43.350842 -18.640115 3.753837
v 43.507950 -18.754261 3.753837
v 43.702146 -18.754261 3.753837
v 43.859254 -18.640115 3.753837
v 44.113461 -18.455423 3.491337
v 44.016362 -18.156586 3.491337
v 43.762156 -17.971894 3.491337
v 43.447940 -17.971894 3.491337
v 43.193733 -18.156586 3.491337
v 43.096635 -18.455423 3.491337
v 43.193733 -18.754261 3.491337
v 43.447940 -18.938952 3.491337
v 43.762156 -18.938952 3.491337
v 44.016362 -18.754261 3.491337
v 44.113461 -18.455423 3.166870
v 44.016362 -18.156586 3.166870
v 43.762156 -17.971894 3.166870
v 43.447940 -17.971894 3.166870
v 43.193733 -18.156586 3.166870
v 43.096635 -18.455423 3.166870
v 43.193733 -18.754261 3.166870
v 43.447940 -18.938952 3.166870
v 43.762156 -18.938952 3.166870
v 44.016362 -18.754261 3.166870
v 43.919264 -18.455423 2.904370
v 43.859254 -18.270732 2.904370
v 43.702146 -18.156586 2.904370
v 43.507950 -18.156586 2.904370
v 43.350842 -18.270732 2.904370
v 43.290832 -18.455423 2.904370
v 43.350842 -18.640115 2.904370
v 43.507950 -18.754261 2.904370
v 43.702146 -18.754261 2.904370
v 43.859254 -18.640115 2.904370
v 43.605048 -18.455423 2.804103
v 20.376663 -9.310363 0.000000
v 20.344313 -9.210800 0.000000
v 20.259620 -9.149267 0.000000
v 20.154934 -9.149267 0.000000
v 20.070241 -9.210800 0.000000
v 20.037891 -9.310363 0.000000
v 20.070241 -9.409925 0.000000
v 20.154934 -9.471458 0.000000
v 20.259620 -9.471458 0.000000
v 20.344313 -9.409925 0.000000
v 20.376663 -9.310363 3.598694
v 20.344313 -9.210800 3.598694
v 20.259620 -9.149267 3.598694
v 20.154934 -9.149267 3.598694
v 20.070241 -9.210800 3.598694
v 20.037891 -9.310363 3.598694
v 20.070241 -9.409925 3.598694
v 20.154934 -9.471458 3.598694
v 20.259620 -9.471458 3.598694
v 20.344313 -9.409925 3.598694
v 20.207277 -9.310363 3.598694
v 20.592530 -9.310363 3.458961
v 20.518953 -9.083917 3.458961
v 20.326327 -8.943966 3.458961
v 20.088228 -8.943966 3.458961
v 19.895602 -9.083917 3.458961
v 19.822025 -9.310363 3.458961
v 19.895602 -9.536808 3.458961
v 20.088228 -9.676759 3.458961
v 20.326327 -9.676759 3.458961
v 20.518953 -9.536808 3.458961
v 20.830629 -9.310363 3.093134
v 20.711579 -8.943966 3.093134
v 20.399904 -8.717520 3.093134
v 20.014651 -8.717520 3.093134
v 19.702975 -8.943966 3.093134
v 19.583926 -9.310363 3.093134
v 19.702975 -9.676759 3.093134
v 20.014651 -9.903205 3.093134
v 20.399904 -9.903205 3.093134
v 20.711579 -9.676759 3.093134
v 20.830629 -9.310363 2.640948
v 20.711579 -8.943966 2.640948
v 20.399904 -8.717520 2.640948
v 20.014651 -8.717520 2.640948
v 19.702975 -8.943966 2.640948
v 19.583926 -9.310363 2.640948
v 19.702975 -9.676759 2.640948
v 20.014651 -9.903205 2.640948
v 20.399904 -9.903205 2.640948
v 20.711579 -9.676759 2.640948
v 20.592530 -9.310363 2.275121
v 20.518953 -9.083917 2.275121
v 20.326327 -8.943966 2.275121
v 20.088228 -8.943966 2.275121
v 19.895602 -9.083917 2.275121
v 19.822025 -9.310363 2.275121
v 19.895602 -9.536808 2.275121
v 20.088228 -9.676759 2.275121
v 20.326327 -9.676759 2.275121
v 20.518953 -9.536808 2.275121
v 20.207277 -9.310363 2.135388
v 23.233819 -10.146719 0.000000
v 23.188640 -10.007671 0.000000
v 23.070358 -9.921734 0.000000
v 22.924154 -9.921734 0.000000
v 22.805872 -10.007671 0.000000
v 22.760692 -10.146719 0.000000
v 22.805872 -10.285768 0.000000
v 22.924154 -10.371704 0.000000
v 23.070358 -10.371704 0.000000
v 23.188640 -10.285768 0.000000
v 23.233819 -10.146719 3.220000
v 23.188640 -10.007671 3.220000
v 23.070358 -9.921734 3.220000
v 22.924154 -9.921734 3.220000
v 22.805872 -10.007671 3.220000
v 22.760692 -10.146719 3.220000
v 22.805872 -10.285768 3.220000
v 22.924154 -10.371704 3.220000
v 23.070358 -10.371704 3.220000
v 23.188640 -10.285768 3.220000
v 22.997256 -10.146719 3.220000
v 23.549472 -10.146719 3.056278
v 23.444008 -9.822135 3.056278
v 23.167900 -9.621530 3.056278
v 22.826612 -9.621530 3.056278
v 22.550503 -9.822135 3.056278
v 22.445039 -10.146719 3.056278
v 22.550503 -10.471304 3.056278
v 22.826612 -10.671908 3.056278
v 23.167900 -10.671908 3.056278
v 23.444008 -10.471304 3.056278
v 23.890761 -10.146719 2.627648
v 23.720116 -9.621530 2.627648
v 23.273364 -9.296946 2.627648
v 22.721148 -9.296946 2.627648
v 22.274395 -9.621530 2.627648
v 22.103751 -10.146719 2.627648
v 22.274395 -10.671908 2.627648
v 22.721148 -10.996493 2.627648
v 23.273364 -10.996493 2.627648
v 23.720116 -10.671908 2.627648
v 23.890761 -10.146719 2.097832
v 23.720116 -9.621530 2.097832
v 23.273364 -9.296946 2.097832
v 22.721148 -9.296946 2.097832
v 22.274395 -9.621530 2.097832
v 22.103751 -10.146719 2.097832
v 22.274395 -10.671908 2.097832
v 22.721148 -10.996493 2.097832
v 23.273364 -10.996493 2.097832
v 23.720116 -10.671908 2.097832
v 23.549472 -10.146719 1.669201
v 23.444008 -9.822135 1.669201
v 23.167900 -9.621530 1.669201
v 22.826612 -9.621530 1.669201
v 22.550503 -9.822135 1.669201
v 22.445039 -10.146719 1.669201
v 22.550503 -10.471304 1.669201
v 22.826612 -10.671908 1.669201
v 23.167900 -10.671908 1.669201
v 23.444008 -10.471304 1.669201
v 22.997256 -10.146719 1.505479
v 29.075998 -12.683631 0.000000
v 29.036767 -12.562888 0.000000
v 28.934057 -12.488265 0.000000
v 28.807101 -12.488265 0.000000
v 28.704391 -12.562888 0.000000
v 28.665159 -12.683631 0.000000
v 28.704391 -12.804373 0.000000
v 28.807101 -12.878996 0.000000
v 28.934057 -12.878996 0.000000
v 29.036767 -12.804373 0.000000
v 29.075998 -12.683631 3.554114
v 29.036767 -12.562888 3.554114
v 28.934057 -12.488265 3.554114
v 28.807101 -12.488265 3.554114
v 28.704391 -12.562888 3.554114
v 28.665159 -12.683631 3.554114
v 28.704391 -12.804373 3.554114
v 28.807101 -12.878996 3.554114
v 28.934057 -12.878996 3.554114
v 29.036767 -12.804373 3.554114
v 28.870579 -12.683631 3.554114
v 29.262386 -12.683631 3.417203
v 29.187557 -12.453333 3.417203
v 28.991654 -12.311001 3.417203
v 28.749504 -12.311001 3.417203
v 28.553601 -12.453333 3.417203
v 28.478772 -12.683631 3.417203
v 28.553601 -12.913929 3.417203
v 28.749504 -13.056261 3.417203
v 28.991654 -13.056261 3.417203
v 29.187557 -12.913929 3.417203
v 29.504535 -12.683631 3.058765
v 29.383461 -12.311001 3.058765
v 29.066482 -12.080702 3.058765
v 28.674676 -12.080702 3.058765
v 28.357697 -12.311001 3.058765
v 28.236622 -12.683631 3.058765
v 28.357697 -13.056261 3.058765
v 28.674676 -13.286559 3.058765
v 29.066482 -13.286559 3.058765
v 29.383461 -13.056261 3.058765
v 29.504535 -12.683631 2.615712
v 29.383461 -12.311001 2.615712
v 29.066482 -12.080702 2.615712
v 28.674676 -12.080702 2.615712
v 28.357697 -12.311001 2.615712
v 28.236622 -12.683631 2.615712
v 28.357697 -13.056261 2.615712
v 28.674676 -13.286559 2.615712
v 29.066482 -13.286559 2.615712
v 29.383461 -13.056261 2.615712
v 29.262386 -12.683631 2.257274
v 29.187557 -12.453333 2.257274
v 28.991654 -12.311001 2.257274
v 28.749504 -12.311001 2.257274
v 28.553601 -12.453333 2.257274
v 28.478772 -12.683631 2.257274
v 28.553601 -12.913929 2.257274
v 28.749504 -13.056261 2.257274
v 28.991654 -13.056261 2.257274
v 29.187557 -12.913929 2.257274
v 28.870579 -12.683631 2.120363
v 4.387145 -0.848121 0.000000
v 4.348605 -0.729506 0.000000
v 4.247704 -0.656197 0.000000
v 4.122985 -0.656197 0.000000
v 4.022084 -0.729506 0.000000
v 3.983544 -0.848121 0.000000
v 4.022084 -0.966737 0.000000
v 4.122985 -1.040045 0.000000
v 4.247704 -1.040045 0.000000
v 4.348605 -0.966737 0.000000
v 4.387145 -0.848121 3.743003
v 4.348605 -0.729506 3.743003
v 4.247704 -0.656197 3.743003
v 4.122985 -0.656197 3.743003
v 4.022084 -0.729506 3.743003
v 3.983544 -0.848121 3.743003
v 4.022084 -0.966737 3.743003
v 4.122985 -1.040045 3.743003
v 4.247704 -1.040045 3.743003
v 4.348605 -0.966737 3.743003
v 4.185345 -0.848121 3.743003
v 4.638926 -0.848121 3.568364
v 4.552300 -0.581513 3.568364
v 4.325509 -0.416740 3.568364
v 4.045180 -0.416740 3.568364
v 3.818390 -0.581513 3.568364
v 3.731763 -0.848121 3.568364
v 3.818390 -1.114730 3.568364
v 4.045180 -1.279503 3.568364
v 4.325509 -1.279503 3.568364
v 4.552300 -1.114730 3.568364
v 4.919255 -0.848121 3.111152
v 4.779090 -0.416740 3.111152
v 4.412135 -0.150131 3.111152
v 3.958554 -0.150131 3.111152
v 3.591599 -0.416740 3.111152
v 3.451434 -0.848121 3.111152
v 3.591599 -1.279503 3.111152
v 3.958554 -1.546111 3.111152
v 4.412135 -1.546111 3.111152
v 4.779090 -1.279503 3.111152
v 4.919255 -0.848121 2.546007
v 4.779090 -0.416740 2.546007
v 4.412135 -0.150131 2.546007
v 3.958554 -0.150131 2.546007
v 3.591599 -0.416740 2.546007
v 3.451434 -0.848121 2.546007
v 3.591599 -1.279503 2.546007
v 3.958554 -1.546111 2.546007
v 4.412135 -1.546111 2.546007
v 4.779090 -1.279503 2.546007
v 4.638926 -0.848121 2.088795
v 4.552300 -0.581513 2.088795
v 4.325509 -0.416740 2.088795
v 4.045180 -0.416740 2.088795
v 3.818390 -0.581513 2.088795
v 3.731763 -0.848121 2.088795
v 3.818390 -1.114730 2.088795
v 4.045180 -1.279503 2.088795
v 4.325509 -1.279503 2.088795
v 4.552300 -1.114730 2.088795
v 4.185345 -0.848121 1.914155
v 51.772185 -10.604409 0.000000
v 51.740401 -10.506588 0.000000
v 51.657189 -10.446131 0.000000
v 51.554333 -10.446131 0.000000
v 51.471121 -10.506588 0.000000
v 51.439337 -10.604409 0.000000
v 51.471121 -10.702231 0.000000
v 51.554333 -10.762688 0.000000
v 51.657189 -10.762688 0.000000
v 51.740401 -10.702231 0.000000
v 51.772185 -10.604409 3.228106
v 51.740401 -10.506588 3.228106
v 51.657189 -10.446131 3.228106
v 51.554333 -10.446131 3.228106
v 51.471121 -10.506588 3.228106
v 51.439337 -10.604409 3.228106
v 51.471121 -10.702231 3.228106
v 51.554333 -10.762688 3.228106
v 51.657189 -10.762688 3.228106
v 51.740401 -10.702231 3.228106
v 51.605761 -10.604409 3.228106
v 51.955980 -10.604409 3.126392
v 51.889094 -10.398556 3.126392
v 51.713985 -10.271332 3.126392
v 51.497538 -10.271332 3.126392
v 51.322428 -10.398556 3.126392
v 51.255543 -10.604409 3.126392
v 51.322428 -10.810263 3.126392
v 51.497538 -10.937487 3.126392
v 51.713985 -10.937487 3.126392
v 51.889094 -10.810263 3.126392
v 52.172427 -10.604409 2.860099
v 52.064203 -10.271332 2.860099
v 51.780870 -10.065478 2.860099
v 51.430652 -10.065478 2.860099
v 51.147319 -10.271332 2.860099
v 51.039096 -10.604409 2.860099
v 51.147319 -10.937487 2.860099
v 51.430652 -11.143340 2.860099
v 51.780870 -11.143340 2.860099
v 52.064203 -10.937487 2.860099
v 52.172427 -10.604409 2.530942
v 52.064203 -10.271332 2.530942
v 51.780870 -10.065478 2.530942
v 51.430652 -10.065478 2.530942
v 51.147319 -10.271332 2.530942
v 51.039096 -10.604409 2.530942
v 51.147319 -10.937487 2.530942
v 51.430652 -11.143340 2.530942
v 51.780870 -11.143340 2.530942
v 52.064203 -10.937487 2.530942
v 51.955980 -10.604409 2.264649
v 51.889094 -10.398556 2.264649
v 51.713985 -10.271332 2.264649
v 51.497538 -10.271332 2.264649
v 51.322428 -10.398556 2.264649
v 51.255543 -10.604409 2.264649
v 51.322428 -10.810263 2.264649
v 51.497538 -10.937487 2.264649
v 51.713985 -10.937487 2.264649
v 51.889094 -10.810263 2.264649
v 51.605761 -10.604409 2.162934
v 25.694033 -14.297214 0.000000
v 25.662698 -14.200775 0.000000
v 25.580662 -14.141172 0.000000
v 25.479260 -14.141172 0.000000
v 25.397224 -14.200775 0.000000
v 25.365889 -14.297214 0.000000
v 25.397224 -14.393653 0.000000
v 25.479260 -14.453255 0.000000
v 25.580662 -14.453255 0.000000
v 25.662698 -14.393653 0.000000
v 25.694033 -14.297214 3.672804
v 25.662698 -14.200775 3.672804
v 25.580662 -14.141172 3.672804
v 25.479260 -14.141172 3.672804
v 25.397224 -14.200775 3.672804
v 25.365889 -14.297214 3.672804
v 25.397224 -14.393653 3.672804
v 25.479260 -14.453255 3.672804
v 25.580662 -14.453255 3.672804
v 25.662698 -14.393653 3.672804
v 25.529961 -14.297214 3.672804
v 25.970408 -14.297214 3.520875
v 25.886290 -14.038326 3.520875
v 25.666067 -13.878324 3.520875
v 25.393856 -13.878324 3.520875
v 25.173633 -14.038326 3.520875
v 25.089515 -14.297214 3.520875
v 25.173633 -14.556102 3.520875
v 25.393856 -14.716103 3.520875
v 25.666067 -14.716103 3.520875
v 25.886290 -14.556102 3.520875
v 26.242619 -14.297214 3.123120
v 26.106513 -13.878324 3.123120
v 25.750185 -13.619436 3.123120
v 25.309738 -13.619436 3.123120
v 24.953409 -13.878324 3.123120
v 24.817304 -14.297214 3.123120
v 24.953409 -14.716103 3.123120
v 25.309738 -14.974991 3.123120
v 25.750185 -14.974991 3.123120
v 26.106513 -14.716103 3.123120
v 26.242619 -14.297214 2.631468
v 26.106513 -13.878324 2.631468
v 25.750185 -13.619436 2.631468
v 25.309738 -13.619436 2.631468
v 24.953409 -13.878324 2.631468
v 24.817304 -14.297214 2.631468
v 24.953409 -14.716103 2.631468
v 25.309738 -14.974991 2.631468
v 25.750185 -14.974991 2.631468
v 26.106513 -14.716103 2.631468
v 25.970408 -14.297214 2.233714
v 25.886290 -14.038326 2.233714
v 25.666067 -13.878324 2.233714
v 25.393856 -13.878324 2.233714
v 25.173633 -14.038326 2.233714
v 25.089515 -14.297214 2.233714
v 25.173633 -14.556102 2.233714
v 25.393856 -14.716103 2.233714
v 25.666067 -14.716103 2.233714
v 25.886290 -14.556102 2.233714
v 25.529961 -14.297214 2.081785
v 39.192527 -5.538865 0.000000
v 39.157843 -5.432118 0.000000
v 39.067039 -5.366145 0.000000
v 38.954799 -5.366145 0.000000
v 38.863995 -5.432118 0.000000
v 38.829310 -5.538865 0.000000
v 38.863995 -5.645611 0.000000
v 38.954799 -5.711584 0.000000
v 39.067039 -5.711584 0.000000
v 39.157843 -5.645611 0.000000
v 39.192527 -5.538865 3.416394
v 39.157843 -5.432118 3.416394
v 39.067039 -5.366145 3.416394
v 38.954799 -5.366145 3.416394
v 38.863995 -5.432118 3.416394
v 38.829310 -5.538865 3.416394
v 38.863995 -5.645611 3.416394
v 38.954799 -5.711584 3.416394
v 39.067039 -5.711584 3.416394
v 39.157843 -5.645611 3.416394
v 39.010919 -5.538865 3.416394
v 39.380899 -5.538865 3.303192
v 39.310239 -5.321396 3.303192
v 39.125249 -5.186993 3.303192
v 38.896589 -5.186993 3.303192
v 38.711599 -5.321396 3.303192
v 38.640939 -5.538865 3.303192
v 38.711599 -5.756334 3.303192
v 38.896589 -5.890737 3.303192
v 39.125249 -5.890737 3.303192
v 39.310239 -5.756334 3.303192
v 39.609559 -5.538865 3.006825
v 39.495229 -5.186993 3.006825
v 39.195909 -4.969524 3.006825
v 38.825929 -4.969524 3.006825
v 38.526608 -5.186993 3.006825
v 38.412278 -5.538865 3.006825
v 38.526608 -5.890737 3.006825
v 38.825929 -6.108206 3.006825
v 39.195909 -6.108206 3.006825
v 39.495229 -5.890737 3.006825
v 39.609559 -5.538865 2.640496
v 39.495229 -5.186993 2.640496
v 39.195909 -4.969524 2.640496
v 38.825929 -4.969524 2.640496
v 38.526608 -5.186993 2.640496
v 38.412278 -5.538865 2.640496
v 38.526608 -5.890737 2.640496
v 38.825929 -6.108206 2.640496
v 39.195909 -6.108206 2.640496
v 39.495229 -5.890737 2.640496
v 39.380899 -5.538865 2.344130
v 39.310239 -5.321396 2.344130
v 39.125249 -5.186993 2.344130
v 38.896589 -5.186993 2.344130
v 38.711599 -5.321396 2.344130
v 38.640939 -5.538865 2.344130
v 38.711599 -5.756334 2.344130
v 38.896589 -5.890737 2.344130
v 39.125249 -5.890737 2.344130
v 39.310239 -5.756334 2.344130
v 39.010919 -5.538865 2.230928
v 34.284349 -9.619953 0.000000
v 34.239780 -9.482784 0.000000
v 34.123096 -9.398008 0.000000
v 33.978868 -9.398008 0.000000
v 33.862185 -9.482784 0.000000
v 33.817616 -9.619953 0.000000
v 33.862185 -9.757122 0.000000
v 33.978868 -9.841898 0.000000
v 34.123096 -9.841898 0.000000
v 34.239780 -9.757122 0.000000
v 34.284349 -9.619953 3.292237
v 34.239780 -9.482784 3.292237
v 34.123096 -9.398008 3.292237
v 33.978868 -9.398008 3.292237
v 33.862185 -9.482784 3.292237
v 33.817616 -9.619953 3.292237
v 33.862185 -9.757122 3.292237
v 33.978868 -9.841898 3.292237
v 34.123096 -9.841898 3.292237
v 34.239780 -9.757122 3.292237
v 34.050982 -9.619953 3.292237
v 34.508041 -9.619953 3.150146
v 34.420750 -9.351301 3.150146
v 34.192221 -9.185264 3.150146
v 33.909743 -9.185264 3.150146
v 33.681214 -9.351301 3.150146
v 33.593924 -9.619953 3.150146
v 33.681214 -9.888605 3.150146
v 33.909743 -10.054641 3.150146
v 34.192221 -10.054641 3.150146
v 34.420750 -9.888605 3.150146
v 34.790518 -9.619953 2.778149
v 34.649280 -9.185264 2.778149
v 34.279511 -8.916612 2.778149
v 33.822453 -8.916612 2.778149
v 33.452685 -9.185264 2.778149
v 33.311446 -9.619953 2.778149
v 33.452685 -10.054641 2.778149
v 33.822453 -10.323294 2.778149
v 34.279511 -10.323294 2.778149
v 34.649280 -10.054641 2.778149
v 34.790518 -9.619953 2.318336
v 34.649280 -9.185264 2.318336
v 34.279511 -8.916612 2.318336
v 33.822453 -8.916612 2.318336
v 33.452685 -9.185264 2.318336
v 33.311446 -9.619953 2.318336
v 33.452685 -10.054641 2.318336
v 33.822453 -10.323294 2.318336
v 34.279511 -10.323294 2.318336
v 34.649280 -10.054641 2.318336
v 34.508041 -9.619953 1.946338
v 34.420750 -9.351301 1.946338
v 34.192221 -9.185264 1.946338
v 33.909743 -9.185264 1.946338
v 33.681214 -9.351301 1.946338
v 33.593924 -9.619953 1.946338
v 33.681214 -9.888605 1.946338
v 33.909743 -10.054641 1.946338
v 34.192221 -10.054641 1.946338
v 34.420750 -9.888605 1.946338
v 34.050982 -9.619953 1.804248
v 2.617617 -13.076677 0.000000
v 2.584279 -12.974076 0.000000
v 2.497002 -12.910665 0.000000
v 2.389121 -12.910665 0.000000
v 2.301843 -12.974076 0.000000
v 2.268506 -13.076677 0.000000
v 2.301843 -13.179278 0.000000
v 2.389121 -13.242689 0.000000
v 2.497002 -13.242689 0.000000
v 2.584279 -13.179278 0.000000
v 2.617617 -13.076677 3.666607
v 2.584279 -12.974076 3.666607
v 2.497002 -12.910665 3.666607
v 2.389121 -12.910665 3.666607
v 2.301843 -12.974076 3.666607
v 2.268506 -13.076677 3.666607
v 2.301843 -13.179278 3.666607
v 2.389121 -13.242689 3.666607
v 2.497002 -13.242689 3.666607
v 2.584279 -13.179278 3.666607
v 2.443061 -13.076677 3.666607
v 2.880654 -13.076677 3.491052
v 2.797081 -12.819466 3.491052
v 2.578285 -12.660501 3.491052
v 2.307837 -12.660501 3.491052
v 2.089041 -12.819466 3.491052
v 2.005468 -13.076677 3.491052
v 2.089041 -13.333888 3.491052
v 2.307837 -13.492853 3.491052
v 2.578285 -13.492853 3.491052
v 2.797081 -13.333888 3.491052
v 3.151102 -13.076677 3.031445
v 3.015878 -12.660501 3.031445
v 2.661858 -12.403290 3.031445
v 2.224265 -12.403290 3.031445
v 1.870244 -12.660501 3.031445
v 1.735020 -13.076677 3.031445
v 1.870244 -13.492853 3.031445
v 2.224265 -13.750064 3.031445
v 2.661858 -13.750064 3.031445
v 3.015878 -13.492853 3.031445
v 3.151102 -13.076677 2.463339
v 3.015878 -12.660501 2.463339
v 2.661858 -12.403290 2.463339
v 2.224265 -12.403290 2.463339
v 1.870244 -12.660501 2.463339
v 1.735020 -13.076677 2.463339
v 1.870244 -13.492853 2.463339
v 2.224265 -13.750064 2.463339
v 2.661858 -13.750064 2.463339
v 3.015878 -13.492853 2.463339
v 2.880654 -13.076677 2.003732
v 2.797081 -12.819466 2.003732
v 2.578285 -12.660501 2.003732
v 2.307837 -12.660501 2.003732
v 2.089041 -12.819466 2.003732
v 2.005468 -13.076677 2.003732
v 2.089041 -13.333888 2.003732
v 2.307837 -13.492853 2.003732
v 2.578285 -13.492853 2.003732
v 2.797081 -13.333888 2.003732
v 2.443061 -13.076677 1.828178
v 12.720936 -3.015493 0.000000
v 12.684874 -2.904506 0.000000
v 12.590463 -2.835912 0.000000
v 12.473763 -2.835912 0.000000
v 12.379352 -2.904506 0.000000
v 12.343290 -3.015493 0.000000
v 12.379352 -3.126481 0.000000
v 12.473763 -3.195075 0.000000
v 12.590463 -3.195075 0.000000
v 12.684874 -3.126481 0.000000
v 12.720936 -3.015493 3.206099
v 12.684874 -2.904506 3.206099
v 12.590463 -2.835912 3.206099
v 12.473763 -2.835912 3.206099
v 12.379352 -2.904506 3.206099
v 12.343290 -3.015493 3.206099
v 12.379352 -3.126481 3.206099
v 12.473763 -3.195075 3.206099
v 12.590463 -3.195075 3.206099
v 12.684874 -3.126481 3.206099
v 12.532113 -3.015493 3.206099
v 13.071737 -3.015493 3.000210
v 12.968678 -2.698311 3.000210
v 12.698866 -2.502281 3.000210
v 12.365360 -2.502281 3.000210
v 12.095548 -2.698311 3.000210
v 11.992489 -3.015493 3.000210
v 12.095548 -3.332676 3.000210
v 12.365360 -3.528706 3.000210
v 12.698866 -3.528706 3.000210
v 12.968678 -3.332676 3.000210
v 13.405243 -3.015493 2.461185
v 13.238490 -2.502281 2.461185
v 12.801925 -2.185098 2.461185
v 12.262301 -2.185098 2.461185
v 11.825736 -2.502281 2.461185
v 11.658983 -3.015493 2.461185
v 11.825736 -3.528706 2.461185
v 12.262301 -3.845889 2.461185
v 12.801925 -3.845889 2.461185
v 13.238490 -3.528706 2.461185
v 13.405243 -3.015493 1.794914
v 13.238490 -2.502281 1.794914
v 12.801925 -2.185098 1.794914
v 12.262301 -2.185098 1.794914
v 11.825736 -2.502281 1.794914
v 11.658983 -3.015493 1.794914
v 11.825736 -3.528706 1.794914
v 12.262301 -3.845889 1.794914
v 12.801925 -3.845889 1.794914
v 13.238490 -3.528706 1.794914
v 13.071737 -3.015493 1.255889
v 12.968678 -2.698311 1.255889
v 12.698866 -2.502281 1.255889
v 12.365360 -2.502281 1.255889
v 12.095548 -2.698311 1.255889
v 11.992489 -3.015493 1.255889
v 12.095548 -3.332676 1.255889
v 12.365360 -3.528706 1.255889
v 12.698866 -3.528706 1.255889
v 12.968678 -3.332676 1.255889
v 12.532113 -3.015493 1.050000
v 41.798778 -14.339102 0.000000
v 41.760207 -14.220391 0.000000
v 41.659226 -14.147024 0.000000
v 41.534406 -14.147024 0.000000
v 41.433425 -14.220391 0.000000
v 41.394854 -14.339102 0.000000
v 41.433425 -14.457812 0.000000
v 41.534406 -14.531179 0.000000
v 41.659226 -14.531179 0.000000
v 41.760207 -14.457812 0.000000
v 41.798778 -14.339102 3.418749
v 41.760207 -14.220391 3.418749
v 41.659226 -14.147024 3.418749
v 41.534406 -14.147024 3.418749
v 41.433425 -14.220391 3.418749
v 41.394854 -14.339102 3.418749
v 41.433425 -14.457812 3.418749
v 41.534406 -14.531179 3.418749
v 41.659226 -14.531179 3.418749
v 41.760207 -14.457812 3.418749
v 41.596816 -14.339102 3.418749
v 42.155232 -14.339102 3.240293
v 42.048584 -14.010873 3.240293
v 41.769376 -13.808017 3.240293
v 41.424256 -13.808017 3.240293
v 41.145048 -14.010873 3.240293
v 41.038400 -14.339102 3.240293
v 41.145048 -14.667330 3.240293
v 41.424256 -14.870187 3.240293
v 41.769376 -14.870187 3.240293
v 42.048584 -14.667330 3.240293
v 42.500352 -14.339102 2.773088
v 42.327792 -13.808017 2.773088
v 41.876024 -13.479788 2.773088
v 41.317608 -13.479788 2.773088
v 40.865840 -13.808017 2.773088
v 40.693280 -14.339102 2.773088
v 40.865840 -14.870187 2.773088
v 41.317608 -15.198415 2.773088
v 41.876024 -15.198415 2.773088
v 42.327792 -14.870187 2.773088
v 42.500352 -14.339102 2.195590
v 42.327792 -13.808017 2.195590
v 41.876024 -13.479788 2.195590
v 41.317608 -13.479788 2.195590
v 40.865840 -13.808017 2.195590
v 40.693280 -14.339102 2.195590
v 40.865840 -14.870187 2.195590
v 41.317608 -15.198415 2.195590
v 41.876024 -15.198415 2.195590
v 42.327792 -14.870187 2.195590
v 42.155232 -14.339102 1.728385
v 42.048584 -14.010873 1.728385
v 41.769376 -13.808017 1.728385
v 41.424256 -13.808017 1.728385
v 41.145048 -14.010873 1.728385
v 41.038400 -14.339102 1.728385
v 41.145048 -14.667330 1.728385
v 41.424256 -14.870187 1.728385
v 41.769376 -14.870187 1.728385
v 42.048584 -14.667330 1.728385
v 41.596816 -14.339102 1.549929
v 28.635160 -16.855114 0.000000
v 28.600973 -16.749899 0.000000
v 28.511472 -16.684872 0.000000
v 28.400842 -16.684872 0.000000
v 28.311340 -16.749899 0.000000
v 28.277154 -16.855114 0.000000
v 28.311340 -16.960330 0.000000
v 28.400842 -17.025356 0.000000
v 28.511472 -17.025356 0.000000
v 28.600973 -16.960330 0.000000
v 28.635160 -16.855114 3.393602
v 28.600973 -16.749899 3.393602
v 28.511472 -16.684872 3.393602
v 28.400842 -16.684872 3.393602
v 28.311340 -16.749899 3.393602
v 28.277154 -16.855114 3.393602
v 28.311340 -16.960330 3.393602
v 28.400842 -17.025356 3.393602
v 28.511472 -17.025356 3.393602
v 28.600973 -16.960330 3.393602
v 28.456157 -16.855114 3.393602
v 28.924484 -16.855114 3.248377
v 28.835041 -16.579839 3.248377
v 28.600878 -16.409709 3.248377
v 28.311436 -16.409709 3.248377
v 28.077272 -16.579839 3.248377
v 27.987830 -16.855114 3.248377
v 28.077272 -17.130390 3.248377
v 28.311436 -17.300520 3.248377
v 28.600878 -17.300520 3.248377
v 28.835041 -17.130390 3.248377
v 29.213925 -16.855114 2.868174
v 29.069204 -16.409709 2.868174
v 28.690320 -16.134433 2.868174
v 28.221993 -16.134433 2.868174
v 27.843109 -16.409709 2.868174
v 27.698388 -16.855114 2.868174
v 27.843109 -17.300520 2.868174
v 28.221993 -17.575795 2.868174
v 28.690320 -17.575795 2.868174
v 29.069204 -17.300520 2.868174
v 29.213925 -16.855114 2.398217
v 29.069204 -16.409709 2.398217
v 28.690320 -16.134433 2.398217
v 28.221993 -16.134433 2.398217
v 27.843109 -16.409709 2.398217
v 27.698388 -16.855114 2.398217
v 27.843109 -17.300520 2.398217
v 28.221993 -17.575795 2.398217
v 28.690320 -17.575795 2.398217
v 29.069204 -17.300520 2.398217
v 28.924484 -16.855114 2.018013
v 28.835041 -16.579839 2.018013
v 28.600878 -16.409709 2.018013
v 28.311436 -16.409709 2.018013
v 28.077272 -16.579839 2.018013
v 27.987830 -16.855114 2.018013
v 28.077272 -17.130390 2.018013
v 28.311436 -17.300520 2.018013
v 28.600878 -17.300520 2.018013
v 28.835041 -17.130390 2.018013
v 28.456157 -16.855114 1.872788
v 22.105080 -16.080831 0.000000
v 22.059778 -15.941404 0.000000
v 21.941175 -15.855234 0.000000
v 21.794573 -15.855234 0.000000
v 21.675970 -15.941404 0.000000
v 21.630667 -16.080831 0.000000
v 21.675970 -16.220257 0.000000
v 21.794573 -16.306428 0.000000
v 21.941175 -16.306428 0.000000
v 22.059778 -16.220257 0.000000
v 22.105080 -16.080831 3.303319
v 22.059778 -15.941404 3.303319
v 21.941175 -15.855234 3.303319
v 21.794573 -15.855234 3.303319
v 21.675970 -15.941404 3.303319
v 21.630667 -16.080831 3.303319
v 21.675970 -16.220257 3.303319
v 21.794573 -16.306428 3.303319
v 21.941175 -16.306428 3.303319
v 22.059778 -16.220257 3.303319
v 21.867874 -16.080831 3.303319
v 22.326304 -16.080831 3.160381
v 22.238751 -15.811372 3.160381
v 22.009536 -15.644838 3.160381
v 21.726211 -15.644838 3.160381
v 21.496996 -15.811372 3.160381
v 21.409444 -16.080831 3.160381
v 21.496996 -16.350289 3.160381
v 21.726211 -16.516824 3.160381
v 22.009536 -16.516824 3.160381
v 22.238751 -16.350289 3.160381
v 22.609629 -16.080831 2.786163
v 22.467966 -15.644838 2.786163
v 22.097089 -15.375379 2.786163
v 21.638659 -15.375379 2.786163
v 21.267781 -15.644838 2.786163
v 21.126118 -16.080831 2.786163
v 21.267781 -16.516824 2.786163
v 21.638659 -16.786282 2.786163
v 22.097089 -16.786282 2.786163
v 22.467966 -16.516824 2.786163
v 22.609629 -16.080831 2.323606
v 22.467966 -15.644838 2.323606
v 22.097089 -15.375379 2.323606
v 21.638659 -15.375379 2.323606
v 21.267781 -15.644838 2.323606
v 21.126118 -16.080831 2.323606
v 21.267781 -16.516824 2.323606
v 21.638659 -16.786282 2.323606
v 22.097089 -16.786282 2.323606
v 22.467966 -16.516824 2.323606
v 22.326304 -16.080831 1.949388
v 22.238751 -15.811372 1.949388
v 22.009536 -15.644838 1.949388
v 21.726211 -15.644838 1.949388
v 21.496996 -15.811372 1.949388
v 21.409444 -16.080831 1.949388
v 21.496996 -16.350289 1.949388
v 21.726211 -16.516824 1.949388
v 22.009536 -16.516824 1.949388
v 22.238751 -16.350289 1.949388
v 21.867874 -16.080831 1.806450
v 47.142830 -7.630548 0.000000
v 47.112363 -7.536781 0.000000
v 47.032601 -7.478830 0.000000
v 46.934009 -7.478830 0.000000
v 46.854246 -7.536781 0.000000
v 46.823780 -7.630548 0.000000
v 46.854246 -7.724314 0.000000
v 46.934009 -7.782265 0.000000
v 47.032601 -7.782265 0.000000
v 47.112363 -7.724314 0.000000
v 47.142830 -7.630548 3.456030
v 47.112363 -7.536781 3.456030
v 47.032601 -7.478830 3.456030
v 46.934009 -7.478830 3.456030
v 46.854246 -7.536781 3.456030
v 46.823780 -7.630548 3.456030
v 46.854246 -7.724314 3.456030
v 46.934009 -7.782265 3.456030
v 47.032601 -7.782265 3.456030
v 47.112363 -7.724314 3.456030
v 46.983305 -7.630548 3.456030
v 47.385051 -7.630548 3.322925
v 47.308324 -7.394407 3.322925
v 47.107451 -7.248464 3.322925
v 46.859158 -7.248464 3.322925
v 46.658285 -7.394407 3.322925
v 46.581559 -7.630548 3.322925
v 46.658285 -7.866688 3.322925
v 46.859158 -8.012631 3.322925
v 47.107451 -8.012631 3.322925
v 47.308324 -7.866688 3.322925
v 47.633344 -7.630548 2.974451
v 47.509197 -7.248464 2.974451
v 47.184178 -7.012324 2.974451
v 46.782432 -7.012324 2.974451
v 46.457412 -7.248464 2.974451
v 46.333266 -7.630548 2.974451
v 46.457412 -8.012631 2.974451
v 46.782432 -8.248771 2.974451
v 47.184178 -8.248771 2.974451
v 47.509197 -8.012631 2.974451
v 47.633344 -7.630548 2.543713
v 47.509197 -7.248464 2.543713
v 47.184178 -7.012324 2.543713
v 46.782432 -7.012324 2.543713
v 46.457412 -7.248464 2.543713
v 46.333266 -7.630548 2.543713
v 46.457412 -8.012631 2.543713
v 46.782432 -8.248771 2.543713
v 47.184178 -8.248771 2.543713
v 47.509197 -8.012631 2.543713
v 47.385051 -7.630548 2.195238
v 47.308324 -7.394407 2.195238
v 47.107451 -7.248464 2.195238
v 46.859158 -7.248464 2.195238
v 46.658285 -7.394407 2.195238
v 46.581559 -7.630548 2.195238
v 46.658285 -7.866688 2.195238
v 46.859158 -8.012631 2.195238
v 47.107451 -8.012631 2.195238
v 47.308324 -7.866688 2.195238
v 46.983305 -7.630548 2.062133
v 23.770192 -3.319031 0.000000
v 23.722984 -3.173737 0.000000
v 23.599389 -3.083941 0.000000
v 23.446619 -3.083941 0.000000
v 23.323024 -3.173737 0.000000
v 23.275816 -3.319031 0.000000
v 23.323024 -3.464325 0.000000
v 23.446619 -3.554121 0.000000
v 23.599389 -3.554121 0.000000
v 23.722984 -3.464325 0.000000
v 23.770192 -3.319031 3.220000
v 23.722984 -3.173737 3.220000
v 23.599389 -3.083941 3.220000
v 23.446619 -3.083941 3.220000
v 23.323024 -3.173737 3.220000
v 23.275816 -3.319031 3.220000
v 23.323024 -3.464325 3.220000
v 23.446619 -3.554121 3.220000
v 23.599389 -3.554121 3.220000
v 23.722984 -3.464325 3.220000
v 23.523004 -3.319031 3.220000
v 24.014392 -3.319031 3.066767
v 23.920545 -3.030201 3.066767
v 23.674851 -2.851694 3.066767
v 23.371157 -2.851694 3.066767
v 23.125463 -3.030201 3.066767
v 23.031617 -3.319031 3.066767
v 23.125463 -3.607861 3.066767
v 23.371157 -3.786368 3.066767
v 23.674851 -3.786368 3.066767
v 23.920545 -3.607861 3.066767
v 24.318086 -3.319031 2.665599
v 24.166239 -2.851694 2.665599
v 23.768698 -2.562863 2.665599
v 23.277310 -2.562863 2.665599
v 22.879769 -2.851694 2.665599
v 22.727922 -3.319031 2.665599
v 22.879769 -3.786368 2.665599
v 23.277310 -4.075199 2.665599
v 23.768698 -4.075199 2.665599
v 24.166239 -3.786368 2.665599
v 24.318086 -3.319031 2.169729
v 24.166239 -2.851694 2.169729
v 23.768698 -2.562863 2.169729
v 23.277310 -2.562863 2.169729
v 22.879769 -2.851694 2.169729
v 22.727922 -3.319031 2.169729
v 22.879769 -3.786368 2.169729
v 23.277310 -4.075199 2.169729
v 23.768698 -4.075199 2.169729
v 24.166239 -3.786368 2.169729
v 24.014392 -3.319031 1.768561
v 23.920545 -3.030201 1.768561
v 23.674851 -2.851694 1.768561
v 23.371157 -2.851694 1.768561
v 23.125463 -3.030201 1.768561
v 23.031617 -3.319031 1.768561
v 23.125463 -3.607861 1.768561
v 23.371157 -3.786368 1.768561
v 23.674851 -3.786368 1.768561
v 23.920545 -3.607861 1.768561
v 23.523004 -3.319031 1.615328
v 13.130575 -12.225777 0.000000
v 13.091518 -12.105571 0.000000
v 12.989265 -12.031280 0.000000
v 12.862874 -12.031280 0.000000
v 12.760621 -12.105571 0.000000
v 12.721564 -12.225777 0.000000
v 12.760621 -12.345982 0.000000
v 12.862874 -12.420273 0.000000
v 12.989265 -12.420273 0.000000
v 13.091518 -12.345982 0.000000
v 13.130575 -12.225777 3.592368
v 13.091518 -12.105571 3.592368
v 12.989265 -12.031280 3.592368
v 12.862874 -12.031280 3.592368
v 12.760621 -12.105571 3.592368
v 12.721564 -12.225777 3.592368
v 12.760621 -12.345982 3.592368
v 12.862874 -12.420273 3.592368
v 12.989265 -12.420273 3.592368
v 13.091518 -12.345982 3.592368
v 12.926069 -12.225777 3.592368
v 13.325929 -12.225777 3.453225
v 13.249562 -11.990745 3.453225
v 13.049633 -11.845488 3.453225
v 12.802506 -11.845488 3.453225
v 12.602576 -11.990745 3.453225
v 12.526210 -12.225777 3.453225
v 12.602576 -12.460808 3.453225
v 12.802506 -12.606065 3.453225
v 13.049633 -12.606065 3.453225
v 13.249562 -12.460808 3.453225
v 13.573055 -12.225777 3.088944
v 13.449492 -11.845488 3.088944
v 13.125999 -11.610456 3.088944
v 12.726140 -11.610456 3.088944
v 12.402647 -11.845488 3.088944
v 12.279083 -12.225777 3.088944
v 12.402647 -12.606065 3.088944
v 12.726140 -12.841097 3.088944
v 13.125999 -12.841097 3.088944
v 13.449492 -12.606065 3.088944
v 13.573055 -12.225777 2.638669
v 13.449492 -11.845488 2.638669
v 13.125999 -11.610456 2.638669
v 12.726140 -11.610456 2.638669
v 12.402647 -11.845488 2.638669
v 12.279083 -12.225777 2.638669
v 12.402647 -12.606065 2.638669
v 12.726140 -12.841097 2.638669
v 13.125999 -12.841097 2.638669
v 13.449492 -12.606065 2.638669
v 13.325929 -12.225777 2.274388
v 13.249562 -11.990745 2.274388
v 13.049633 -11.845488 2.274388
v 12.802506 -11.845488 2.274388
v 12.602576 -11.990745 2.274388
v 12.526210 -12.225777 2.274388
v 12.602576 -12.460808 2.274388
v 12.802506 -12.606065 2.274388
v 13.049633 -12.606065 2.274388
v 13.249562 -12.460808 2.274388
v 12.926069 -12.225777 2.135245
v 58.884242 -6.705515 0.000000
v 58.850411 -6.601394 0.000000
v 58.761841 -6.537043 0.000000
v 58.652361 -6.537043 0.000000
v 58.563790 -6.601394 0.000000
v 58.529959 -6.705515 0.000000
v 58.563790 -6.809636 0.000000
v 58.652361 -6.873987 0.000000
v 58.761841 -6.873987 0.000000
v 58.850411 -6.809636 0.000000
v 58.884242 -6.705515 3.720185
v 58.850411 -6.601394 3.720185
v 58.761841 -6.537043 3.720185
v 58.652361 -6.537043 3.720185
v 58.563790 -6.601394 3.720185
v 58.529959 -6.705515 3.720185
v 58.563790 -6.809636 3.720185
v 58.652361 -6.873987 3.720185
v 58.761841 -6.873987 3.720185
v 58.850411 -6.809636 3.720185
v 58.707101 -6.705515 3.720185
v 59.113675 -6.705515 3.588241
v 59.036026 -6.466537 3.588241
v 58.832739 -6.318840 3.588241
v 58.581462 -6.318840 3.588241
v 58.378175 -6.466537 3.588241
v 58.300526 -6.705515 3.588241
v 58.378175 -6.944493 3.588241
v 58.581462 -7.092190 3.588241
v 58.832739 -7.092190 3.588241
v 59.036026 -6.944493 3.588241
v 59.364952 -6.705515 3.242807
v 59.239314 -6.318840 3.242807
v 58.910388 -6.079861 3.242807
v 58.503814 -6.079861 3.242807
v 58.174888 -6.318840 3.242807
v 58.049250 -6.705515 3.242807
v 58.174888 -7.092190 3.242807
v 58.503814 -7.331169 3.242807
v 58.910388 -7.331169 3.242807
v 59.239314 -7.092190 3.242807
v 59.364952 -6.705515 2.815827
v 59.239314 -6.318840 2.815827
v 58.910388 -6.079861 2.815827
v 58.503814 -6.079861 2.815827
v 58.174888 -6.318840 2.815827
v 58.049250 -6.705515 2.815827
v 58.174888 -7.092190 2.815827
v 58.503814 -7.331169 2.815827
v 58.910388 -7.331169 2.815827
v 59.239314 -7.092190 2.815827
v 59.113675 -6.705515 2.470393
v 59.036026 -6.466537 2.470393
v 58.832739 -6.318840 2.470393
v 58.581462 -6.318840 2.470393
v 58.378175 -6.466537 2.470393
v 58.300526 -6.705515 2.470393
v 58.378175 -6.944493 2.470393
v 58.581462 -7.092190 2.470393
v 58.832739 -7.092190 2.470393
v 59.036026 -6.944493 2.470393
v 58.707101 -6.705515 2.338449
v 61.091067 -14.685362 0.000000
v 61.061180 -14.593380 0.000000
v 60.982936 -14.536532 0.000000
v 60.886221 -14.536532 0.000000
v 60.807976 -14.593380 0.000000
v 60.778090 -14.685362 0.000000
v 60.807976 -14.777343 0.000000
v 60.886221 -14.834191 0.000000
v 60.982936 -14.834191 0.000000
v 61.061180 -14.777343 0.000000
v 61.091067 -14.685362 3.618129
v 61.061180 -14.593380 3.618129
v 60.982936 -14.536532 3.618129
v 60.886221 -14.536532 3.618129
v 60.807976 -14.593380 3.618129
v 60.778090 -14.685362 3.618129
v 60.807976 -14.777343 3.618129
v 60.886221 -14.834191 3.618129
v 60.982936 -14.834191 3.618129
v 61.061180 -14.777343 3.618129
v 60.934578 -14.685362 3.618129
v 61.286427 -14.685362 3.490863
v 61.219230 -14.478550 3.490863
v 61.043306 -14.350734 3.490863
v 60.825851 -14.350734 3.490863
v 60.649927 -14.478550 3.490863
v 60.582729 -14.685362 3.490863
v 60.649927 -14.892173 3.490863
v 60.825851 -15.019990 3.490863
v 61.043306 -15.019990 3.490863
v 61.219230 -14.892173 3.490863
v 61.503882 -14.685362 3.157675
v 61.395154 -14.350734 3.157675
v 61.110503 -14.143922 3.157675
v 60.758654 -14.143922 3.157675
v 60.474002 -14.350734 3.157675
v 60.365275 -14.685362 3.157675
v 60.474002 -15.019990 3.157675
v 60.758654 -15.226802 3.157675
v 61.110503 -15.226802 3.157675
v 61.395154 -15.019990 3.157675
v 61.503882 -14.685362 2.745832
v 61.395154 -14.350734 2.745832
v 61.110503 -14.143922 2.745832
v 60.758654 -14.143922 2.745832
v 60.474002 -14.350734 2.745832
v 60.365275 -14.685362 2.745832
v 60.474002 -15.019990 2.745832
v 60.758654 -15.226802 2.745832
v 61.110503 -15.226802 2.745832
v 61.395154 -15.019990 2.745832
v 61.286427 -14.685362 2.412644
v 61.219230 -14.478550 2.412644
v 61.043306 -14.350734 2.412644
v 60.825851 -14.350734 2.412644
v 60.649927 -14.478550 2.412644
v 60.582729 -14.685362 2.412644
v 60.649927 -14.892173 2.412644
v 60.825851 -15.019990 2.412644
v 61.043306 -15.019990 2.412644
v 61.219230 -14.892173 2.412644
v 60.934578 -14.685362 2.285377
v 40.398012 -0.851676 0.000000
v 40.366391 -0.754357 0.000000
v 40.283606 -0.694210 0.000000
v 40.181279 -0.694210 0.000000
v 40.098494 -0.754357 0.000000
v 40.066873 -0.851676 0.000000
v 40.098494 -0.948996 0.000000
v 40.181279 -1.009143 0.000000
v 40.283606 -1.009143 0.000000
v 40.366391 -0.948996 0.000000
v 40.398012 -0.851676 3.816423
v 40.366391 -0.754357 3.816423
v 40.283606 -0.694210 3.816423
v 40.181279 -0.694210 3.816423
v 40.098494 -0.754357 3.816423
v 40.066873 -0.851676 3.816423
v 40.098494 -0.948996 3.816423
v 40.181279 -1.009143 3.816423
v 40.283606 -1.009143 3.816423
v 40.366391 -0.948996 3.816423
v 40.232443 -0.851676 3.816423
v 40.659211 -0.851676 3.690804
v 40.577706 -0.600828 3.690804
v 40.364321 -0.445795 3.690804
v 40.100564 -0.445795 3.690804
v 39.887180 -0.600828 3.690804
v 39.805674 -0.851676 3.690804
v 39.887180 -1.102525 3.690804
v 40.100564 -1.257557 3.690804
v 40.364321 -1.257557 3.690804
v 40.577706 -1.102525 3.690804
v 40.922969 -0.851676 3.361929
v 40.791090 -0.445795 3.361929
v 40.445827 -0.194947 3.361929
v 40.019058 -0.194947 3.361929
v 39.673795 -0.445795 3.361929
v 39.541917 -0.851676 3.361929
v 39.673795 -1.257557 3.361929
v 40.019058 -1.508406 3.361929
v 40.445827 -1.508406 3.361929
v 40.791090 -1.257557 3.361929
v 40.922969 -0.851676 2.955416
v 40.791090 -0.445795 2.955416
v 40.445827 -0.194947 2.955416
v 40.019058 -0.194947 2.955416
v 39.673795 -0.445795 2.955416
v 39.541917 -0.851676 2.955416
v 39.673795 -1.257557 2.955416
v 40.019058 -1.508406 2.955416
v 40.445827 -1.508406 2.955416
v 40.791090 -1.257557 2.955416
v 40.659211 -0.851676 2.626540
v 40.577706 -0.600828 2.626540
v 40.364321 -0.445795 2.626540
v 40.100564 -0.445795 2.626540
v 39.887180 -0.600828 2.626540
v 39.805674 -0.851676 2.626540
v 39.887180 -1.102525 2.626540
v 40.100564 -1.257557 2.626540
v 40.364321 -1.257557 2.626540
v 40.577706 -1.102525 2.626540
v 40.232443 -0.851676 2.500921
v 20.286415 -5.533333 0.000000
v 20.251214 -5.424996 0.000000
v 20.159057 -5.358040 0.000000
v 20.045144 -5.358040 0.000000
v 19.952987 -5.424996 0.000000
v 19.917786 -5.533333 0.000000
v 19.952987 -5.641670 0.000000
v 20.045144 -5.708626 0.000000
v 20.159057 -5.708626 0.000000
v 20.251214 -5.641670 0.000000
v 20.286415 -5.533333 3.644850
v 20.251214 -5.424996 3.644850
v 20.159057 -5.358040 3.644850
v 20.045144 -5.358040 3.644850
v 19.952987 -5.424996 3.644850
v 19.917786 -5.533333 3.644850
v 19.952987 -5.641670 3.644850
v 20.045144 -5.708626 3.644850
v 20.159057 -5.708626 3.644850
v 20.251214 -5.641670 3.644850
v 20.102101 -5.533333 3.644850
v 20.602181 -5.533333 3.450783
v 20.506674 -5.239393 3.450783
v 20.256634 -5.057728 3.450783
v 19.947567 -5.057728 3.450783
v 19.697527 -5.239393 3.450783
v 19.602020 -5.533333 3.450783
v 19.697527 -5.827273 3.450783
v 19.947567 -6.008938 3.450783
v 20.256634 -6.008938 3.450783
v 20.506674 -5.827273 3.450783
v 20.911248 -5.533333 2.942708
v 20.756715 -5.057728 2.942708
v 20.352141 -4.763788 2.942708
v 19.852060 -4.763788 2.942708
v 19.447486 -5.057728 2.942708
v 19.292953 -5.533333 2.942708
v 19.447486 -6.008938 2.942708
v 19.852060 -6.302878 2.942708
v 20.352141 -6.302878 2.942708
v 20.756715 -6.008938 2.942708
v 20.911248 -5.533333 2.314693
v 20.756715 -5.057728 2.314693
v 20.352141 -4.763788 2.314693
v 19.852060 -4.763788 2.314693
v 19.447486 -5.057728 2.314693
v 19.292953 -5.533333 2.314693
v 19.447486 -6.008938 2.314693
v 19.852060 -6.302878 2.314693
v 20.352141 -6.302878 2.314693
v 20.756715 -6.008938 2.314693
v 20.602181 -5.533333 1.806618
v 20.506674 -5.239393 1.806618
v 20.256634 -5.057728 1.806618
v 19.947567 -5.057728 1.806618
v 19.697527 -5.239393 1.806618
v 19.602020 -5.533333 1.806618
v 19.697527 -5.827273 1.806618
v 19.947567 -6.008938 1.806618
v 20.256634 -6.008938 1.806618
v 20.506674 -5.827273 1.806618
v 20.102101 -5.533333 1.612551
v 37.892572 -16.868516 0.000000
v 37.859870 -16.767869 0.000000
v 37.774254 -16.705666 0.000000
v 37.668427 -16.705666 0.000000
v 37.582812 -16.767869 0.000000
v 37.550110 -16.868516 0.000000
v 37.582812 -16.969164 0.000000
v 37.668427 -17.031367 0.000000
v 37.774254 -17.031367 0.000000
v 37.859870 -16.969164 0.000000
v 37.892572 -16.868516 3.189387
v 37.859870 -16.767869 3.189387
v 37.774254 -16.705666 3.189387
v 37.668427 -16.705666 3.189387
v 37.582812 -16.767869 3.189387
v 37.550110 -16.868516 3.189387
v 37.582812 -16.969164 3.189387
v 37.668427 -17.031367 3.189387
v 37.774254 -17.031367 3.189387
v 37.859870 -16.969164 3.189387
v 37.721341 -16.868516 3.189387
v 38.133689 -16.868516 3.033354
v 38.054937 -16.626144 3.033354
v 37.848763 -16.476350 3.033354
v 37.593918 -16.476350 3.033354
v 37.387744 -16.626144 3.033354
v 37.308993 -16.868516 3.033354
v 37.387744 -17.110888 3.033354
v 37.593918 -17.260683 3.033354
v 37.848763 -17.260683 3.033354
v 38.054937 -17.110888 3.033354
v 38.388534 -16.868516 2.624854
v 38.261111 -16.476350 2.624854
v 37.927515 -16.233978 2.624854
v 37.515167 -16.233978 2.624854
v 37.181570 -16.476350 2.624854
v 37.054148 -16.868516 2.624854
v 37.181570 -17.260683 2.624854
v 37.515167 -17.503055 2.624854
v 37.927515 -17.503055 2.624854
v 38.261111 -17.260683 2.624854
v 38.388534 -16.868516 2.119921
v 38.261111 -16.476350 2.119921
v 37.927515 -16.233978 2.119921
v 37.515167 -16.233978 2.119921
v 37.181570 -16.476350 2.119921
v 37.054148 -16.868516 2.119921
v 37.181570 -17.260683 2.119921
v 37.515167 -17.503055 2.119921
v 37.927515 -17.503055 2.119921
v 38.261111 -17.260683 2.119921
v 38.133689 -16.868516 1.711421
v 38.054937 -16.626144 1.711421
v 37.848763 -16.476350 1.711421
v 37.593918 -16.476350 1.711421
v 37.387744 -16.626144 1.711421
v 37.308993 -16.868516 1.711421
v 37.387744 -17.110888 1.711421
v 37.593918 -17.260683 1.711421
v 37.848763 -17.260683 1.711421
v 38.054937 -17.110888 1.711421
v 37.721341 -16.868516 1.555388
v 48.072863 -15.191359 0.000000
v 48.038987 -15.087098 0.000000
v 47.950297 -15.022661 0.000000
v 47.840670 -15.022661 0.000000
v 47.751981 -15.087098 0.000000
v 47.718104 -15.191359 0.000000
v 47.751981 -15.295620 0.000000
v 47.840670 -15.360057 0.000000
v 47.950297 -15.360057 0.000000
v 48.038987 -15.295620 0.000000
v 48.072863 -15.191359 3.591683
v 48.038987 -15.087098 3.591683
v 47.950297 -15.022661 3.591683
v 47.840670 -15.022661 3.591683
v 47.751981 -15.087098 3.591683
v 47.718104 -15.191359 3.591683
v 47.751981 -15.295620 3.591683
v 47.840670 -15.360057 3.591683
v 47.950297 -15.360057 3.591683
v 48.038987 -15.295620 3.591683
v 47.895484 -15.191359 3.591683
v 48.261871 -15.191359 3.467576
v 48.191897 -14.976001 3.467576
v 48.008704 -14.842903 3.467576
v 47.782264 -14.842903 3.467576
v 47.599070 -14.976001 3.467576
v 47.529096 -15.191359 3.467576
v 47.599070 -15.406716 3.467576
v 47.782264 -15.539814 3.467576
v 48.008704 -15.539814 3.467576
v 48.191897 -15.406716 3.467576
v 48.488311 -15.191359 3.142659
v 48.375091 -14.842903 3.142659
v 48.078677 -14.627546 3.142659
v 47.712290 -14.627546 3.142659
v 47.415876 -14.842903 3.142659
v 47.302656 -15.191359 3.142659
v 47.415876 -15.539814 3.142659
v 47.712290 -15.755171 3.142659
v 48.078677 -15.755171 3.142659
v 48.375091 -15.539814 3.142659
v 48.488311 -15.191359 2.741040
v 48.375091 -14.842903 2.741040
v 48.078677 -14.627546 2.741040
v 47.712290 -14.627546 2.741040
v 47.415876 -14.842903 2.741040
v 47.302656 -15.191359 2.741040
v 47.415876 -15.539814 2.741040
v 47.712290 -15.755171 2.741040
v 48.078677 -15.755171 2.741040
v 48.375091 -15.539814 2.741040
v 48.261871 -15.191359 2.416124
v 48.191897 -14.976001 2.416124
v 48.008704 -14.842903 2.416124
v 47.782264 -14.842903 2.416124
v 47.599070 -14.976001 2.416124
v 47.529096 -15.191359 2.416124
v 47.599070 -15.406716 2.416124
v 47.782264 -15.539814 2.416124
v 48.008704 -15.539814 2.416124
v 48.191897 -15.406716 2.416124
v 47.895484 -15.191359 2.292017
v 41.706983 -18.077453 0.000000
v 41.672697 -17.971933 0.000000
v 41.582937 -17.906718 0.000000
v 41.471987 -17.906718 0.000000
v 41.382226 -17.971933 0.000000
v 41.347941 -18.077453 0.000000
v 41.382226 -18.182973 0.000000
v 41.471987 -18.248188 0.000000
v 41.582937 -18.248188 0.000000
v 41.672697 -18.182973 0.000000
v 41.706983 -18.077453 3.515137
v 41.672697 -17.971933 3.515137
v 41.582937 -17.906718 3.515137
v 41.471987 -17.906718 3.515137
v 41.382226 -17.971933 3.515137
v 41.347941 -18.077453 3.515137
v 41.382226 -18.182973 3.515137
v 41.471987 -18.248188 3.515137
v 41.582937 -18.248188 3.515137
v 41.672697 -18.182973 3.515137
v 41.527462 -18.077453 3.515137
v 41.931325 -18.077453 3.361817
v 41.854194 -17.840068 3.361817
v 41.652262 -17.693356 3.361817
v 41.402661 -17.693356 3.361817
v 41.200730 -17.840068 3.361817
v 41.123599 -18.077453 3.361817
v 41.200730 -18.314838 3.361817
v 41.402661 -18.461550 3.361817
v 41.652262 -18.461550 3.361817
v 41.854194 -18.314838 3.361817
v 42.180926 -18.077453 2.960421
v 42.056125 -17.693356 2.960421
v 41.729393 -17.455972 2.960421
v 41.325530 -17.455972 2.960421
v 40.998798 -17.693356 2.960421
v 40.873998 -18.077453 2.960421
v 40.998798 -18.461550 2.960421
v 41.325530 -18.698934 2.960421
v 41.729393 -18.698934 2.960421
v 42.056125 -18.461550 2.960421
v 42.180926 -18.077453 2.464267
v 42.056125 -17.693356 2.464267
v 41.729393 -17.455972 2.464267
v 41.325530 -17.455972 2.464267
v 40.998798 -17.693356 2.464267
v 40.873998 -18.077453 2.464267
v 40.998798 -18.461550 2.464267
v 41.325530 -18.698934 2.464267
v 41.729393 -18.698934 2.464267
v 42.056125 -18.461550 2.464267
v 41.931325 -18.077453 2.062871
v 41.854194 -17.840068 2.062871
v 41.652262 -17.693356 2.062871
v 41.402661 -17.693356 2.062871
v 41.200730 -17.840068 2.062871
v 41.123599 -18.077453 2.062871
v 41.200730 -18.314838 2.062871
v 41.402661 -18.461550 2.062871
v 41.652262 -18.461550 2.062871
v 41.854194 -18.314838 2.062871
v 41.527462 -18.077453 1.909551
v 55.646833 -12.658468 0.000000
v 55.613252 -12.555117 0.000000
v 55.525336 -12.491242 0.000000
v 55.416666 -12.491242 0.000000
v 55.328750 -12.555117 0.000000
v 55.295169 -12.658468 0.000000
v 55.328750 -12.761819 0.000000
v 55.416666 -12.825694 0.000000
v 55.525336 -12.825694 0.000000
v 55.613252 -12.761819 0.000000
v 55.646833 -12.658468 3.220000
v 55.613252 -12.555117 3.220000
v 55.525336 -12.491242 3.220000
v 55.416666 -12.491242 3.220000
v 55.328750 -12.555117 3.220000
v 55.295169 -12.658468 3.220000
v 55.328750 -12.761819 3.220000
v 55.416666 -12.825694 3.220000
v 55.525336 -12.825694 3.220000
v 55.613252 -12.761819 3.220000
v 55.471001 -12.658468 3.220000
v 56.015298 -12.658468 3.012783
v 55.911346 -12.338538 3.012783
v 55.639198 -12.140811 3.012783
v 55.302804 -12.140811 3.012783
v 55.030655 -12.338538 3.012783
v 54.926704 -12.658468 3.012783
v 55.030655 -12.978398 3.012783
v 55.302804 -13.176125 3.012783
v 55.639198 -13.176125 3.012783
v 55.911346 -12.978398 3.012783
v 56.351692 -12.658468 2.470283
v 56.183495 -12.140811 2.470283
v 55.743149 -11.820881 2.470283
v 55.198852 -11.820881 2.470283
v 54.758507 -12.140811 2.470283
v 54.590309 -12.658468 2.470283
v 54.758507 -13.176125 2.470283
v 55.198852 -13.496055 2.470283
v 55.743149 -13.496055 2.470283
v 56.183495 -13.176125 2.470283
v 56.351692 -12.658468 1.799717
v 56.183495 -12.140811 1.799717
v 55.743149 -11.820881 1.799717
v 55.198852 -11.820881 1.799717
v 54.758507 -12.140811 1.799717
v 54.590309 -12.658468 1.799717
v 54.758507 -13.176125 1.799717
v 55.198852 -13.496055 1.799717
v 55.743149 -13.496055 1.799717
v 56.183495 -13.176125 1.799717
v 56.015298 -12.658468 1.257217
v 55.911346 -12.338538 1.257217
v 55.639198 -12.140811 1.257217
v 55.302804 -12.140811 1.257217
v 55.030655 -12.338538 1.257217
v 54.926704 -12.658468 1.257217
v 55.030655 -12.978398 1.257217
v 55.302804 -13.176125 1.257217
v 55.639198 -13.176125 1.257217
v 55.911346 -12.978398 1.257217
v 55.471001 -12.658468 1.050000
v 53.014208 -0.812884 0.000000
v 52.975411 -0.693477 0.000000
v 52.873837 -0.619679 0.000000
v 52.748285 -0.619679 0.000000
v 52.646711 -0.693477 0.000000
v 52.607914 -0.812884 0.000000
v 52.646711 -0.932291 0.000000
v 52.748285 -1.006089 0.000000
v 52.873837 -1.006089 0.000000
v 52.975411 -0.932291 0.000000
v 53.014208 -0.812884 2.951521
v 52.975411 -0.693477 2.951521
v 52.873837 -0.619679 2.951521
v 52.748285 -0.619679 2.951521
v 52.646711 -0.693477 2.951521
v 52.607914 -0.812884 2.951521
v 52.646711 -0.932291 2.951521
v 52.748285 -1.006089 2.951521
v 52.873837 -1.006089 2.951521
v 52.975411 -0.932291 2.951521
v 52.811061 -0.812884 2.951521
v 53.243930 -0.812884 2.819395
v 53.161260 -0.558450 2.819395
v 52.944825 -0.401201 2.819395
v 52.677297 -0.401201 2.819395
v 52.460862 -0.558450 2.819395
v 52.378192 -0.812884 2.819395
v 52.460862 -1.067318 2.819395
v 52.677297 -1.224567 2.819395
v 52.944825 -1.224567 2.819395
v 53.161260 -1.067318 2.819395
v 53.511458 -0.812884 2.473484
v 53.377694 -0.401201 2.473484
v 53.027496 -0.146767 2.473484
v 52.594626 -0.146767 2.473484
v 52.244428 -0.401201 2.473484
v 52.110664 -0.812884 2.473484
v 52.244428 -1.224567 2.473484
v 52.594626 -1.479001 2.473484
v 53.027496 -1.479001 2.473484
v 53.377694 -1.224567 2.473484
v 53.511458 -0.812884 2.045915
v 53.377694 -0.401201 2.045915
v 53.027496 -0.146767 2.045915
v 52.594626 -0.146767 2.045915
v 52.244428 -0.401201 2.045915
v 52.110664 -0.812884 2.045915
v 52.244428 -1.224567 2.045915
v 52.594626 -1.479001 2.045915
v 53.027496 -1.479001 2.045915
v 53.377694 -1.224567 2.045915
v 53.243930 -0.812884 1.700004
v 53.161260 -0.558450 1.700004
v 52.944825 -0.401201 1.700004
v 52.677297 -0.401201 1.700004
v 52.460862 -0.558450 1.700004
v 52.378192 -0.812884 1.700004
v 52.460862 -1.067318 1.700004
v 52.677297 -1.224567 1.700004
v 52.944825 -1.224567 1.700004
v 53.161260 -1.067318 1.700004
v 52.811061 -0.812884 1.567878
v 1.761917 -16.791666 0.000000
v 1.730832 -16.695995 0.000000
v 1.649449 -16.636867 0.000000
v 1.548854 -16.636867 0.000000
v 1.467471 -16.695995 0.000000
v 1.436386 -16.791666 0.000000
v 1.467471 -16.887338 0.000000
v 1.548854 -16.946466 0.000000
v 1.649449 -16.946466 0.000000
v 1.730832 -16.887338 0.000000
v 1.761917 -16.791666 3.205536
v 1.730832 -16.695995 3.205536
v 1.649449 -16.636867 3.205536
v 1.548854 -16.636867 3.205536
v 1.467471 -16.695995 3.205536
v 1.436386 -16.791666 3.205536
v 1.467471 -16.887338 3.205536
v 1.548854 -16.946466 3.205536
v 1.649449 -16.946466 3.205536
v 1.730832 -16.887338 3.205536
v 1.599152 -16.791666 3.205536
v 1.939793 -16.791666 3.105140
v 1.874736 -16.591442 3.105140
v 1.704415 -16.467697 3.105140
v 1.493888 -16.467697 3.105140
v 1.323567 -16.591442 3.105140
v 1.258510 -16.791666 3.105140
v 1.323567 -16.991890 3.105140
v 1.493888 -17.115636 3.105140
v 1.704415 -17.115636 3.105140
v 1.874736 -16.991890 3.105140
v 2.150321 -16.791666 2.842299
v 2.045057 -16.467697 2.842299
v 1.769472 -16.267473 2.842299
v 1.428831 -16.267473 2.842299
v 1.153246 -16.467697 2.842299
v 1.047982 -16.791666 2.842299
v 1.153246 -17.115636 2.842299
v 1.428831 -17.315859 2.842299
v 1.769472 -17.315859 2.842299
v 2.045057 -17.115636 2.842299
v 2.150321 -16.791666 2.517409
v 2.045057 -16.467697 2.517409
v 1.769472 -16.267473 2.517409
v 1.428831 -16.267473 2.517409
v 1.153246 -16.467697 2.517409
v 1.047982 -16.791666 2.517409
v 1.153246 -17.115636 2.517409
v 1.428831 -17.315859 2.517409
v 1.769472 -17.315859 2.517409
v 2.045057 -17.115636 2.517409
v 1.939793 -16.791666 2.254567
v 1.874736 -16.591442 2.254567
v 1.704415 -16.467697 2.254567
v 1.493888 -16.467697 2.254567
v 1.323567 -16.591442 2.254567
v 1.258510 -16.791666 2.254567
v 1.323567 -16.991890 2.254567
v 1.493888 -17.115636 2.254567
v 1.704415 -17.115636 2.254567
v 1.874736 -16.991890 2.254567
v 1.599152 -16.791666 2.154171
v 19.414624 -0.543544 0.000000
v 19.374234 -0.419237 0.000000
v 19.268493 -0.342411 0.000000
v 19.137789 -0.342411 0.000000
v 19.032047 -0.419237 0.000000
v 18.991657 -0.543544 0.000000
v 19.032047 -0.667851 0.000000
v 19.137789 -0.744676 0.000000
v 19.268493 -0.744676 0.000000
v 19.374234 -0.667851 0.000000
v 19.414624 -0.543544 3.473450
v 19.374234 -0.419237 3.473450
v 19.268493 -0.342411 3.473450
v 19.137789 -0.342411 3.473450
v 19.032047 -0.419237 3.473450
v 18.991657 -0.543544 3.473450
v 19.032047 -0.667851 3.473450
v 19.137789 -0.744676 3.473450
v 19.268493 -0.744676 3.473450
v 19.374234 -0.667851 3.473450
v 19.203141 -0.543544 3.473450
v 19.477696 -0.543544 3.373184
v 19.425260 -0.382164 3.373184
v 19.287983 -0.282426 3.373184
v 19.118298 -0.282426 3.373184
v 18.981021 -0.382164 3.373184
v 18.928585 -0.543544 3.373184
v 18.981021 -0.704923 3.373184
v 19.118298 -0.804661 3.373184
v 19.287983 -0.804661 3.373184
v 19.425260 -0.704923 3.373184
v 19.647380 -0.543544 3.110684
v 19.562538 -0.282426 3.110684
v 19.340418 -0.121047 3.110684
v 19.065863 -0.121047 3.110684
v 18.843743 -0.282426 3.110684
v 18.758901 -0.543544 3.110684
v 18.843743 -0.804661 3.110684
v 19.065863 -0.966041 3.110684
v 19.340418 -0.966041 3.110684
v 19.562538 -0.804661 3.110684
v 19.647380 -0.543544 2.786216
v 19.562538 -0.282426 2.786216
v 19.340418 -0.121047 2.786216
v 19.065863 -0.121047 2.786216
v 18.843743 -0.282426 2.786216
v 18.758901 -0.543544 2.786216
v 18.843743 -0.804661 2.786216
v 19.065863 -0.966041 2.786216
v 19.340418 -0.966041 2.786216
v 19.562538 -0.804661 2.786216
v 19.477696 -0.543544 2.523716
v 19.425260 -0.382164 2.523716
v 19.287983 -0.282426 2.523716
v 19.118298 -0.282426 2.523716
v 18.981021 -0.382164 2.523716
v 18.928585 -0.543544 2.523716
v 18.981021 -0.704923 2.523716
v 19.118298 -0.804661 2.523716
v 19.287983 -0.804661 2.523716
v 19.425260 -0.704923 2.523716
v 19.203141 -0.543544 2.423450
v 6.949400 -8.914377 0.000000
v 6.913665 -8.804397 0.000000
v 6.820111 -8.736426 0.000000
v 6.704471 -8.736426 0.000000
v 6.610916 -8.804397 0.000000
v 6.575182 -8.914377 0.000000
v 6.610916 -9.024357 0.000000
v 6.704471 -9.092329 0.000000
v 6.820111 -9.092329 0.000000
v 6.913665 -9.024357 0.000000
v 6.949400 -8.914377 3.060478
v 6.913665 -8.804397 3.060478
v 6.820111 -8.736426 3.060478
v 6.704471 -8.736426 3.060478
v 6.610916 -8.804397 3.060478
v 6.575182 -8.914377 3.060478
v 6.610916 -9.024357 3.060478
v 6.704471 -9.092329 3.060478
v 6.820111 -9.092329 3.060478
v 6.913665 -9.024357 3.060478
v 6.762291 -8.914377 3.060478
v 7.157256 -8.914377 2.903718
v 7.081824 -8.682223 2.903718
v 6.884342 -8.538743 2.903718
v 6.640240 -8.538743 2.903718
v 6.442757 -8.682223 2.903718
v 6.367326 -8.914377 2.903718
v 6.442757 -9.146532 2.903718
v 6.640240 -9.290011 2.903718
v 6.884342 -9.290011 2.903718
v 7.081824 -9.146532 2.903718
v 7.401358 -8.914377 2.493316
v 7.279307 -8.538743 2.493316
v 6.959773 -8.306589 2.493316
v 6.564808 -8.306589 2.493316
v 6.245275 -8.538743 2.493316
v 6.123224 -8.914377 2.493316
v 6.245275 -9.290011 2.493316
v 6.564808 -9.522166 2.493316
v 6.959773 -9.522166 2.493316
v 7.279307 -9.290011 2.493316
v 7.401358 -8.914377 1.986031
v 7.279307 -8.538743 1.986031
v 6.959773 -8.306589 1.986031
v 6.564808 -8.306589 1.986031
v 6.245275 -8.538743 1.986031
v 6.123224 -8.914377 1.986031
v 6.245275 -9.290011 1.986031
v 6.564808 -9.522166 1.986031
v 6.959773 -9.522166 1.986031
v 7.279307 -9.290011 1.986031
v 7.157256 -8.914377 1.575629
v 7.081824 -8.682223 1.575629
v 6.884342 -8.538743 1.575629
v 6.640240 -8.538743 1.575629
v 6.442757 -8.682223 1.575629
v 6.367326 -8.914377 1.575629
v 6.442757 -9.146532 1.575629
v 6.640240 -9.290011 1.575629
v 6.884342 -9.290011 1.575629
v 7.081824 -9.146532 1.575629
v 6.762291 -8.914377 1.418869
v 14.386914 -9.305040 0.000000
v 14.348213 -9.185932 0.000000
v 14.246894 -9.112320 0.000000
v 14.121657 -9.112320 0.000000
v 14.020338 -9.185932 0.000000
v 13.981637 -9.305040 0.000000
v 14.020338 -9.424148 0.000000
v 14.121657 -9.497760 0.000000
v 14.246894 -9.497760 0.000000
v 14.348213 -9.424148 0.000000
v 14.386914 -9.305040 3.476305
v 14.348213 -9.185932 3.476305
v 14.246894 -9.112320 3.476305
v 14.121657 -9.112320 3.476305
v 14.020338 -9.185932 3.476305
v 13.981637 -9.305040 3.476305
v 14.020338 -9.424148 3.476305
v 14.121657 -9.497760 3.476305
v 14.246894 -9.497760 3.476305
v 14.348213 -9.424148 3.476305
v 14.184275 -9.305040 3.476305
v 14.668058 -9.305040 3.300609
v 14.575664 -9.020680 3.300609
v 14.333772 -8.844936 3.300609
v 14.034779 -8.844936 3.300609
v 13.792887 -9.020680 3.300609
v 13.700493 -9.305040 3.300609
v 13.792887 -9.589400 3.300609
v 14.034779 -9.765144 3.300609
v 14.333772 -9.765144 3.300609
v 14.575664 -9.589400 3.300609
v 14.967052 -9.305040 2.840629
v 14.817555 -8.844936 2.840629
v 14.426167 -8.560575 2.840629
v 13.942384 -8.560575 2.840629
v 13.550996 -8.844936 2.840629
v 13.401499 -9.305040 2.840629
v 13.550996 -9.765144 2.840629
v 13.942384 -10.049505 2.840629
v 14.426167 -10.049505 2.840629
v 14.817555 -9.765144 2.840629
v 14.967052 -9.305040 2.272064
v 14.817555 -8.844936 2.272064
v 14.426167 -8.560575 2.272064
v 13.942384 -8.560575 2.272064
v 13.550996 -8.844936 2.272064
v 13.401499 -9.305040 2.272064
v 13.550996 -9.765144 2.272064
v 13.942384 -10.049505 2.272064
v 14.426167 -10.049505 2.272064
v 14.817555 -9.765144 2.272064
v 14.668058 -9.305040 1.812084
v 14.575664 -9.020680 1.812084
v 14.333772 -8.844936 1.812084
v 14.034779 -8.844936 1.812084
v 13.792887 -9.020680 1.812084
v 13.700493 -9.305040 1.812084
v 13.792887 -9.589400 1.812084
v 14.034779 -9.765144 1.812084
v 14.333772 -9.765144 1.812084
v 14.575664 -9.589400 1.812084
v 14.184275 -9.305040 1.636388
v 34.229067 -16.891924 0.000000
v 34.187341 -16.763504 0.000000
v 34.078100 -16.684136 0.000000
v 33.943072 -16.684136 0.000000
v 33.833831 -16.763504 0.000000
v 33.792105 -16.891924 0.000000
v 33.833831 -17.020345 0.000000
v 33.943072 -17.099713 0.000000
v 34.078100 -17.099713 0.000000
v 34.187341 -17.020345 0.000000
v 34.229067 -16.891924 3.090083
v 34.187341 -16.763504 3.090083
v 34.078100 -16.684136 3.090083
v 33.943072 -16.684136 3.090083
v 33.833831 -16.763504 3.090083
v 33.792105 -16.891924 3.090083
v 33.833831 -17.020345 3.090083
v 33.943072 -17.099713 3.090083
v 34.078100 -17.099713 3.090083
v 34.187341 -17.020345 3.090083
v 34.010586 -16.891924 3.090083
v 34.417928 -16.891924 2.969615
v 34.340133 -16.652495 2.969615
v 34.136462 -16.504519 2.969615
v 33.884710 -16.504519 2.969615
v 33.681039 -16.652495 2.969615
v 33.603244 -16.891924 2.969615
v 33.681039 -17.131354 2.969615
v 33.884710 -17.279330 2.969615
v 34.136462 -17.279330 2.969615
v 34.340133 -17.131354 2.969615
v 34.669679 -16.891924 2.654224
v 34.543804 -16.504519 2.654224
v 34.214257 -16.265089 2.654224
v 33.806915 -16.265089 2.654224
v 33.477368 -16.504519 2.654224
v 33.351493 -16.891924 2.654224
v 33.477368 -17.279330 2.654224
v 33.806915 -17.518760 2.654224
v 34.214257 -17.518760 2.654224
v 34.543804 -17.279330 2.654224
v 34.669679 -16.891924 2.264379
v 34.543804 -16.504519 2.264379
v 34.214257 -16.265089 2.264379
v 33.806915 -16.265089 2.264379
v 33.477368 -16.504519 2.264379
v 33.351493 -16.891924 2.264379
v 33.477368 -17.279330 2.264379
v 33.806915 -17.518760 2.264379
v 34.214257 -17.518760 2.264379
v 34.543804 -17.279330 2.264379
v 34.417928 -16.891924 1.948988
v 34.340133 -16.652495 1.948988
v 34.136462 -16.504519 1.948988
v 33.884710 -16.504519 1.948988
v 33.681039 -16.652495 1.948988
v 33.603244 -16.891924 1.948988
v 33.681039 -17.131354 1.948988
v 33.884710 -17.279330 1.948988
v 34.136462 -17.279330 1.948988
v 34.340133 -17.131354 1.948988
v 34.010586 -16.891924 1.828519
v 58.969945 -16.450194 0.000000
v 58.933210 -16.337137 0.000000
v 58.837038 -16.267264 0.000000
v 58.718163 -16.267264 0.000000
v 58.621991 -16.337137 0.000000
v 58.585257 -16.450194 0.000000
v 58.621991 -16.563251 0.000000
v 58.718163 -16.633124 0.000000
v 58.837038 -16.633124 0.000000
v 58.933210 -16.563251 0.000000
v 58.969945 -16.450194 3.304657
v 58.933210 -16.337137 3.304657
v 58.837038 -16.267264 3.304657
v 58.718163 -16.267264 3.304657
v 58.621991 -16.337137 3.304657
v 58.585257 -16.450194 3.304657
v 58.621991 -16.563251 3.304657
v 58.718163 -16.633124 3.304657
v 58.837038 -16.633124 3.304657
v 58.933210 -16.563251 3.304657
v 58.777601 -16.450194 3.304657
v 59.268061 -16.450194 3.160563
v 59.174391 -16.161909 3.160563
v 58.929161 -15.983739 3.160563
v 58.626040 -15.983739 3.160563
v 58.380810 -16.161909 3.160563
v 58.287141 -16.450194 3.160563
v 58.380810 -16.738479 3.160563
v 58.626040 -16.916649 3.160563
v 58.929161 -16.916649 3.160563
v 59.174391 -16.738479 3.160563
v 59.571181 -16.450194 2.783322
v 59.419621 -15.983739 2.783322
v 59.022831 -15.695454 2.783322
v 58.532371 -15.695454 2.783322
v 58.135581 -15.983739 2.783322
v 57.984020 -16.450194 2.783322
v 58.135581 -16.916649 2.783322
v 58.532371 -17.204934 2.783322
v 59.022831 -17.204934 2.783322
v 59.419621 -16.916649 2.783322
v 59.571181 -16.450194 2.317025
v 59.419621 -15.983739 2.317025
v 59.022831 -15.695454 2.317025
v 58.532371 -15.695454 2.317025
v 58.135581 -15.983739 2.317025
v 57.984020 -16.450194 2.317025
v 58.135581 -16.916649 2.317025
v 58.532371 -17.204934 2.317025
v 59.022831 -17.204934 2.317025
v 59.419621 -16.916649 2.317025
v 59.268061 -16.450194 1.939783
v 59.174391 -16.161909 1.939783
v 58.929161 -15.983739 1.939783
v 58.626040 -15.983739 1.939783
v 58.380810 -16.161909 1.939783
v 58.287141 -16.450194 1.939783
v 58.380810 -16.738479 1.939783
v 58.626040 -16.916649 1.939783
v 58.929161 -16.916649 1.939783
v 59.174391 -16.738479 1.939783
v 58.777601 -16.450194 1.795690
v 14.910260 -0.804518 0.000000
v 14.868767 -0.676816 0.000000
v 14.760138 -0.597892 0.000000
v 14.625864 -0.597892 0.000000
v 14.517234 -0.676816 0.000000
v 14.475741 -0.804518 0.000000
v 14.517234 -0.932220 0.000000
v 14.625864 -1.011144 0.000000
v 14.760138 -1.011144 0.000000
v 14.868767 -0.932220 0.000000
v 14.910260 -0.804518 3.372945
v 14.868767 -0.676816 3.372945
v 14.760138 -0.597892 3.372945
v 14.625864 -0.597892 3.372945
v 14.517234 -0.676816 3.372945
v 14.475741 -0.804518 3.372945
v 14.517234 -0.932220 3.372945
v 14.625864 -1.011144 3.372945
v 14.760138 -1.011144 3.372945
v 14.868767 -0.932220 3.372945
v 14.693001 -0.804518 3.372945
v 15.119704 -0.804518 3.208705
v 15.038211 -0.553708 3.208705
v 14.824859 -0.398700 3.208705
v 14.561142 -0.398700 3.208705
v 14.347791 -0.553708 3.208705
v 14.266298 -0.804518 3.208705
v 14.347791 -1.055328 3.208705
v 14.561142 -1.210337 3.208705
v 14.824859 -1.210337 3.208705
v 15.038211 -1.055328 3.208705
v 15.383420 -0.804518 2.778719
v 15.251562 -0.398700 2.778719
v 14.906352 -0.147890 2.778719
v 14.479649 -0.147890 2.778719
v 14.134440 -0.398700 2.778719
v 14.002581 -0.804518 2.778719
v 14.134440 -1.210337 2.778719
v 14.479649 -1.461146 2.778719
v 14.906352 -1.461146 2.778719
v 15.251562 -1.210337 2.778719
v 15.383420 -0.804518 2.247227
v 15.251562 -0.398700 2.247227
v 14.906352 -0.147890 2.247227
v 14.479649 -0.147890 2.247227
v 14.134440 -0.398700 2.247227
v 14.002581 -0.804518 2.247227
v 14.134440 -1.210337 2.247227
v 14.479649 -1.461146 2.247227
v 14.906352 -1.461146 2.247227
v 15.251562 -1.210337 2.247227
v 15.119704 -0.804518 1.817241
v 15.038211 -0.553708 1.817241
v 14.824859 -0.398700 1.817241
v 14.561142 -0.398700 1.817241
v 14.347791 -0.553708 1.817241
v 14.266298 -0.804518 1.817241
v 14.347791 -1.055328 1.817241
v 14.561142 -1.210337 1.817241
v 14.824859 -1.210337 1.817241
v 15.038211 -1.055328 1.817241
v 14.693001 -0.804518 1.653001
v 36.280343 -12.597730 0.000000
v 36.252329 -12.511512 0.000000
v 36.178987 -12.458226 0.000000
v 36.088332 -12.458226 0.000000
v 36.014990 -12.511512 0.000000
v 35.986976 -12.597730 0.000000
v 36.014990 -12.683948 0.000000
v 36.088332 -12.737234 0.000000
v 36.178987 -12.737234 0.000000
v 36.252329 -12.683948 0.000000
v 36.280343 -12.597730 3.839661
v 36.252329 -12.511512 3.839661
v 36.178987 -12.458226 3.839661
v 36.088332 -12.458226 3.839661
v 36.014990 -12.511512 3.839661
v 35.986976 -12.597730 3.839661
v 36.014990 -12.683948 3.839661
v 36.088332 -12.737234 3.839661
v 36.178987 -12.737234 3.839661
v 36.252329 -12.683948 3.839661
v 36.133660 -12.597730 3.839661
v 36.558860 -12.597730 3.703835
v 36.477654 -12.347804 3.703835
v 36.265054 -12.193340 3.703835
v 36.002265 -12.193340 3.703835
v 35.789665 -12.347804 3.703835
v 35.708459 -12.597730 3.703835
v 35.789665 -12.847657 3.703835
v 36.002265 -13.002120 3.703835
v 36.265054 -13.002120 3.703835
v 36.477654 -12.847657 3.703835
v 36.821649 -12.597730 3.348239
v 36.690255 -12.193340 3.348239
v 36.346260 -11.943414 3.348239
v 35.921059 -11.943414 3.348239
v 35.577065 -12.193340 3.348239
v 35.445670 -12.597730 3.348239
v 35.577065 -13.002120 3.348239
v 35.921059 -13.252047 3.348239
v 36.346260 -13.252047 3.348239
v 36.690255 -13.002120 3.348239
v 36.821649 -12.597730 2.908697
v 36.690255 -12.193340 2.908697
v 36.346260 -11.943414 2.908697
v 35.921059 -11.943414 2.908697
v 35.577065 -12.193340 2.908697
v 35.445670 -12.597730 2.908697
v 35.577065 -13.002120 2.908697
v 35.921059 -13.252047 2.908697
v 36.346260 -13.252047 2.908697
v 36.690255 -13.002120 2.908697
v 36.558860 -12.597730 2.553101
v 36.477654 -12.347804 2.553101
v 36.265054 -12.193340 2.553101
v 36.002265 -12.193340 2.553101
v 35.789665 -12.347804 2.553101
v 35.708459 -12.597730 2.553101
v 35.789665 -12.847657 2.553101
v 36.002265 -13.002120 2.553101
v 36.265054 -13.002120 2.553101
v 36.477654 -12.847657 2.553101
v 36.133660 -12.597730 2.417275
v 26.629267 -16.386193 0.000000
v 26.599975 -16.296041 0.000000
v 26.523287 -16.240324 0.000000
v 26.428495 -16.240324 0.000000
v 26.351807 -16.296041 0.000000
v 26.322515 -16.386193 0.000000
v 26.351807 -16.476345 0.000000
v 26.428495 -16.532063 0.000000
v 26.523287 -16.532063 0.000000
v 26.599975 -16.476345 0.000000
v 26.629267 -16.386193 3.454759
v 26.599975 -16.296041 3.454759
v 26.523287 -16.240324 3.454759
v 26.428495 -16.240324 3.454759
v 26.351807 -16.296041 3.454759
v 26.322515 -16.386193 3.454759
v 26.351807 -16.476345 3.454759
v 26.428495 -16.532063 3.454759
v 26.523287 -16.532063 3.454759
v 26.599975 -16.476345 3.454759
v 26.475891 -16.386193 3.454759
v 26.824582 -16.386193 3.319053
v 26.757988 -16.181238 3.319053
v 26.583643 -16.054568 3.319053
v 26.368140 -16.054568 3.319053
v 26.193794 -16.181238 3.319053
v 26.127200 -16.386193 3.319053
v 26.193794 -16.591149 3.319053
v 26.368140 -16.717818 3.319053
v 26.583643 -16.717818 3.319053
v 26.757988 -16.591149 3.319053
v 27.040085 -16.386193 2.963769
v 26.932334 -16.054568 2.963769
v 26.650237 -15.849613 2.963769
v 26.301546 -15.849613 2.963769
v 26.019449 -16.054568 2.963769
v 25.911697 -16.386193 2.963769
v 26.019449 -16.717818 2.963769
v 26.301546 -16.922774 2.963769
v 26.650237 -16.922774 2.963769
v 26.932334 -16.717818 2.963769
v 27.040085 -16.386193 2.524615
v 26.932334 -16.054568 2.524615
v 26.650237 -15.849613 2.524615
v 26.301546 -15.849613 2.524615
v 26.019449 -16.054568 2.524615
v 25.911697 -16.386193 2.524615
v 26.019449 -16.717818 2.524615
v 26.301546 -16.922774 2.524615
v 26.650237 -16.922774 2.524615
v 26.932334 -16.717818 2.524615
v 26.824582 -16.386193 2.169331
v 26.757988 -16.181238 2.169331
v 26.583643 -16.054568 2.169331
v 26.368140 -16.054568 2.169331
v 26.193794 -16.181238 2.169331
v 26.127200 -16.386193 2.169331
v 26.193794 -16.591149 2.169331
v 26.368140 -16.717818 2.169331
v 26.583643 -16.717818 2.169331
v 26.757988 -16.591149 2.169331
v 26.475891 -16.386193 2.033625
v 5.198347 -15.145088 0.000000
v 5.156017 -15.014811 0.000000
v 5.045197 -14.934296 0.000000
v 4.908216 -14.934296 0.000000
v 4.797396 -15.014811 0.000000
v 4.755067 -15.145088 0.000000
v 4.797396 -15.275365 0.000000
v 4.908216 -15.355880 0.000000
v 5.045197 -15.355880 0.000000
v 5.156017 -15.275365 0.000000
v 5.198347 -15.145088 3.384317
v 5.156017 -15.014811 3.384317
v 5.045197 -14.934296 3.384317
v 4.908216 -14.934296 3.384317
v 4.797396 -15.014811 3.384317
v 4.755067 -15.145088 3.384317
v 4.797396 -15.275365 3.384317
v 4.908216 -15.355880 3.384317
v 5.045197 -15.355880 3.384317
v 5.156017 -15.275365 3.384317
v 4.976707 -15.145088 3.384317
v 5.416305 -15.145088 3.229235
v 5.332349 -14.886699 3.229235
v 5.112550 -14.727005 3.229235
v 4.840863 -14.727005 3.229235
v 4.621064 -14.886699 3.229235
v 4.537109 -15.145088 3.229235
v 4.621064 -15.403477 3.229235
v 4.840863 -15.563171 3.229235
v 5.112550 -15.563171 3.229235
v 5.332349 -15.403477 3.229235
v 5.687991 -15.145088 2.823222
v 5.552148 -14.727005 2.823222
v 5.196506 -14.468616 2.823222
v 4.756908 -14.468616 2.823222
v 4.401265 -14.727005 2.823222
v 4.265422 -15.145088 2.823222
v 4.401265 -15.563171 2.823222
v 4.756908 -15.821560 2.823222
v 5.196506 -15.821560 2.823222
v 5.552148 -15.563171 2.823222
v 5.687991 -15.145088 2.321364
v 5.552148 -14.727005 2.321364
v 5.196506 -14.468616 2.321364
v 4.756908 -14.468616 2.321364
v 4.401265 -14.727005 2.321364
v 4.265422 -15.145088 2.321364
v 4.401265 -15.563171 2.321364
v 4.756908 -15.821560 2.321364
v 5.196506 -15.821560 2.321364
v 5.552148 -15.563171 2.321364
v 5.416305 -15.145088 1.915351
v 5.332349 -14.886699 1.915351
v 5.112550 -14.727005 1.915351
v 4.840863 -14.727005 1.915351
v 4.621064 -14.886699 1.915351
v 4.537109 -15.145088 1.915351
v 4.621064 -15.403477 1.915351
v 4.840863 -15.563171 1.915351
v 5.112550 -15.563171 1.915351
v 5.332349 -15.403477 1.915351
v 4.976707 -15.145088 1.760269
v 49.424931 -8.867857 0.000000
v 49.379701 -8.728653 0.000000
v 49.261286 -8.642620 0.000000
v 49.114918 -8.642620 0.000000
v 48.996504 -8.728653 0.000000
v 48.951274 -8.867857 0.000000
v 48.996504 -9.007061 0.000000
v 49.114918 -9.093094 0.000000
v 49.261286 -9.093094 0.000000
v 49.379701 -9.007061 0.000000
v 49.424931 -8.867857 3.597889
v 49.379701 -8.728653 3.597889
v 49.261286 -8.642620 3.597889
v 49.114918 -8.642620 3.597889
v 48.996504 -8.728653 3.597889
v 48.951274 -8.867857 3.597889
v 48.996504 -9.007061 3.597889
v 49.114918 -9.093094 3.597889
v 49.261286 -9.093094 3.597889
v 49.379701 -9.007061 3.597889
v 49.188102 -8.867857 3.597889
v 49.706957 -8.867857 3.390425
v 49.607865 -8.562882 3.390425
v 49.348437 -8.374397 3.390425
v 49.027768 -8.374397 3.390425
v 48.768340 -8.562882 3.390425
v 48.669248 -8.867857 3.390425
v 48.768340 -9.172832 3.390425
v 49.027768 -9.361317 3.390425
v 49.348437 -9.361317 3.390425
v 49.607865 -9.172832 3.390425
v 50.027627 -8.867857 2.847278
v 49.867292 -8.374397 2.847278
v 49.447530 -8.069422 2.847278
v 48.928675 -8.069422 2.847278
v 48.508913 -8.374397 2.847278
v 48.348578 -8.867857 2.847278
v 48.508913 -9.361317 2.847278
v 48.928675 -9.666292 2.847278
v 49.447530 -9.666292 2.847278
v 49.867292 -9.361317 2.847278
v 50.027627 -8.867857 2.175911
v 49.867292 -8.374397 2.175911
v 49.447530 -8.069422 2.175911
v 48.928675 -8.069422 2.175911
v 48.508913 -8.374397 2.175911
v 48.348578 -8.867857 2.175911
v 48.508913 -9.361317 2.175911
v 48.928675 -9.666292 2.175911
v 49.447530 -9.666292 2.175911
v 49.867292 -9.361317 2.175911
v 49.706957 -8.867857 1.632764
v 49.607865 -8.562882 1.632764
v 49.348437 -8.374397 1.632764
v 49.027768 -8.374397 1.632764
v 48.768340 -8.562882 1.632764
v 48.669248 -8.867857 1.632764
v 48.768340 -9.172832 1.632764
v 49.027768 -9.361317 1.632764
v 49.348437 -9.361317 1.632764
v 49.607865 -9.172832 1.632764
v 49.188102 -8.867857 1.425300
usemtl tree_trunk
f 1 2 12 11
f 2 3 13 12
f 3 4 14 13
f 4 5 15 14
f 5 6 16 15
f 6 7 17 16
f 7 8 18 17
f 8 9 19 18
f 9 10 20 19
f 10 1 11 20
f 10 9 8 7 6 5 4 3 2 1
f 11 12 13 14 15 16 17 18 19 20
f 63 64 74 73
f 64 65 75 74
f 65 66 76 75
f 66 67 77 76
f 67 68 78 77
f 68 69 79 78
f 69 70 80 79
f 70 71 81 80
f 71 72 82 81
f 72 63 73 82
f 72 71 70 69 68 67 66 65 64 63
f 73 74 75 76 77 78 79 80 81 82
f 125 126 136 135
f 126 127 137 136
f 127 128 138 137
f 128 129 139 138
f 129 130 140 139
f 130 131 141 140
f 131 132 142 141
f 132 133 143 142
f 133 134 144 143
f 134 125 135 144
f 134 133 132 131 130 129 128 127 126 125
f 135 136 137 138 139 140 141 142 143 144
f 187 188 198 197
f 188 189 199 198
f 189 190 200 199
f 190 191 201 200
f 191 192 202 201
f 192 193 203 202
f 193 194 204 203
f 194 195 205 204
f 195 196 206 205
f 196 187 197 206
f 196 195 194 193 192 191 190 189 188 187
f 197 198 199 200 201 202 203 204 205 206
f 249 250 260 259
f 250 251 261 260
f 251 252 262 261
f 252 253 263 262
f 253 254 264 263
f 254 255 265 264
f 255 256 266 265
f 256 257 267 266
f 257 258 268 267
f 258 249 259 268
f 258 257 256 255 254 253 252 251 250 249
f 259 260 261 262 263 264 265 266 267 268
f 311 312 322 321
f 312 313 323 322
f 313 314 324 323
f 314 315 325 324
f 315 316 326 325
f 316 317 327 326
f 317 318 328 327
f 318 319 329 328
f 319 320 330 329
f 320 311 321 330
f 320 319 318 317 316 315 314 313 312 311
f 321 322 323 324 325 326 327 328 329 330
f 373 374 384 383
f 374 375 385 384
f 375 376 386 385
f 376 377 387 386
f 377 378 388 387
f 378 379 389 388
f 379 380 390 389
f 380 381 391 390
f 381 382 392 391
f 382 373 383 392
f 382 381 380 379 378 377 376 375 374 373
f 383 384 385 386 387 388 389 390 391 392
f 435 436 446 445
f 436 437 447 446
f 437 438 448 447
f 438 439 449 448
f 439 440 450 449
f 440 441 451 450
f 441 442 452 451
f 442 443 453 452
f 443 444 454 453
f 444 435 445 454
f 444 443 442 441 440 439 438 437 436 435
f 445 446 447 448 449 450 451 452 453 454
f 497 498 508 507
f 498 499 509 508
f 499 500 510 509
f 500 501 511 510
f 501 502 512 511
f 502 503 513 512
f 503 504 514 513
f 504 505 515 514
f 505 506 516 515
f 506 497 507 516
f 506 505 504 503 502 501 500 499 498 497
f 507 508 509 510 511 512 513 514 515 516
f 559 560 570 569
f 560 561 571 570
f 561 562 572 571
f 562 563 573 572
f 563 564 574 573
f 564 565 575 574
f 565 566 576 575
f 566 567 577 576
f 567 568 578 577
f 568 559 569 578
f 568 567 566 565 564 563 562 561 560 559
f 569 570 571 572 573 574 575 576 577 578
f 621 622 632 631
f 622 623 633 632
f 623 624 634 633
f 624 625 635 634
f 625 626 636 635
f 626 627 637 636
f 627 628 638 637
f 628 629 639 638
f 629 630 640 639
f 630 621 631 640
f 630 629 628 627 626 625 624 623 622 621
f 631 632 633 634 635 636 637 638 639 640
f 683 684 694 693
f 684 685 695 694
f 685 686 696 695
f 686 687 697 696
f 687 688 698 697
f 688 689 699 698
f 689 690 700 699
f 690 691 701 700
f 691 692 702 701
f 692 683 693 702
f 692 691 690 689 688 687 686 685 684 683
f 693 694 695 696 697 698 699 700 701 702
f 745 746 756 755
f 746 747 757 756
f 747 748 758 757
f 748 749 759 758
f 749 750 760 759
f 750 751 761 760
f 751 752 762 761
f 752 753 763 762
f 753 754 764 763
f 754 745 755 764
f 754 753 752 751 750 749 748 747 746 745
f 755 756 757 758 759 760 761 762 763 764
f 807 808 818 817
f 808 809 819 818
f 809 810 820 819
f 810 811 821 820
f 811 812 822 821
f 812 813 823 822
f 813 814 824 823
f 814 815 825 824
f 815 816 826 825
f 816 807 817 826
f 816 815 814 813 812 811 810 809 808 807
f 817 818 819 820 821 822 823 824 825 826
f 869 870 880 879
f 870 871 881 880
f 871 872 882 881
f 872 873 883 882
f 873 874 884 883
f 874 875 885 884
f 875 876 886 885
f 876 877 887 886
f 877 878 888 887
f 878 869 879 888
f 878 877 876 875 874 873 872 871 870 869
f 879 880 881 882 883 884 885 886 887 888
f 931 932 942 941
f 932 933 943 942
f 933 934 944 943
f 934 935 945 944
f 935 936 946 945
f 936 937 947 946
f 937 938 948 947
f 938 939 949 948
f 939 940 950 949
f 940 931 941 950
f 940 939 938 937 936 935 934 933 932 931
f 941 942 943 944 945 946 947 948 949 950
f 993 994 1004 1003
f 994 995 1005 1004
f 995 996 1006 1005
f 996 997 1007 1006
f 997 998 1008 1007
f 998 999 1009 1008
f 999 1000 1010 1009
f 1000 1001 1011 1010
f 1001 1002 1012 1011
f 1002 993 1003 1012
f 1002 1001 1000 999 998 997 996 995 994 993
f 1003 1004 1005 1006 1007 1008 1009 1010 1011 1012
f 1055 1056 1066 1065
f 1056 1057 1067 1066
f 1057 1058 1068 1067
f 1058 1059 1069 1068
f 1059 1060 1070 1069
f 1060 1061 1071 1070
f 1061 1062 1072 1071
f 1062 1063 1073 1072
f 1063 1064 1074 1073
f 1064 1055 1065 1074
f 1064 1063 1062 1061 1060 1059 1058 1057 1056 1055
f 1065 1066 1067 1068 1069 1070 1071 1072 1073 1074
f 1117 1118 1128 1127
f 1118 1119 1129 1128
f 1119 1120 1130 1129
f 1120 1121 1131 1130
f 1121 1122 1132 1131
f 1122 1123 1133 1132
f 1123 1124 1134 1133
f 1124 1125 1135 1134
f 1125 1126 1136 1135
f 1126 1117 1127 1136
f 1126 1125 1124 1123 1122 1121 1120 1119 1118 1117
f 1127 1128 1129 1130 1131 1132 1133 1134 1135 1136
f 1179 1180 1190 1189
f 1180 1181 1191 1190
f 1181 1182 1192 1191
f 1182 1183 1193 1192
f 1183 1184 1194 1193
f 1184 1185 1195 1194
f 1185 1186 1196 1195
f 1186 1187 1197 1196
f 1187 1188 1198 1197
f 1188 1179 1189 1198
f 1188 1187 1186 1185 1184 1183 1182 1181 1180 1179
f 1189 1190 1191 1192 1193 1194 1195 1196 1197 1198
f 1241 1242 1252 1251
f 1242 1243 1253 1252
f 1243 1244 1254 1253
f 1244 1245 1255 1254
f 1245 1246 1256 1255
f 1246 1247 1257 1256
f 1247 1248 1258 1257
f 1248 1249 1259 1258
f 1249 1250 1260 1259
f 1250 1241 1251 1260
f 1250 1249 1248 1247 1246 1245 1244 1243 1242 1241
f 1251 1252 1253 1254 1255 1256 1257 1258 1259 1260
f 1303 1304 1314 1313
f 1304 1305 1315 1314
f 1305 1306 1316 1315
f 1306 1307 1317 1316
f 1307 1308 1318 1317
f 1308 1309 1319 1318
f 1309 1310 1320 1319
f 1310 1311 1321 1320
f 1311 1312 1322 1321
f 1312 1303 1313 1322
f 1312 1311 1310 1309 1308 1307 1306 1305 1304 1303
f 1313 1314 1315 1316 1317 1318 1319 1320 1321 1322
f 1365 1366 1376 1375
f 1366 1367 1377 1376
f 1367 1368 1378 1377
f 1368 1369 1379 1378
f 1369 1370 1380 1379
f 1370 1371 1381 1380
f 1371 1372 1382 1381
f 1372 1373 1383 1382
f 1373 1374 1384 1383
f 1374 1365 1375 1384
f 1374 1373 1372 1371 1370 1369 1368 1367 1366 1365
f 1375 1376 1377 1378 1379 1380 1381 1382 1383 1384
f 1427 1428 1438 1437
f 1428 1429 1439 1438
f 1429 1430 1440 1439
f 1430 1431 1441 1440
f 1431 1432 1442 1441
f 1432 1433 1443 1442
f 1433 1434 1444 1443
f 1434 1435 1445 1444
f 1435 1436 1446 1445
f 1436 1427 1437 1446
f 1436 1435 1434 1433 1432 1431 1430 1429 1428 1427
f 1437 1438 1439 1440 1441 1442 1443 1444 1445 1446
f 1489 1490 1500 1499
f 1490 1491 1501 1500
f 1491 1492 1502 1501
f 1492 1493 1503 1502
f 1493 1494 1504 1503
f 1494 1495 1505 1504
f 1495 1496 1506 1505
f 1496 1497 1507 1506
f 1497 1498 1508 1507
f 1498 1489 1499 1508
f 1498 1497 1496 1495 1494 1493 1492 1491 1490 1489
f 1499 1500 1501 1502 1503 1504 1505 1506 1507 1508
f 1551 1552 1562 1561
f 1552 1553 1563 1562
f 1553 1554 1564 1563
f 1554 1555 1565 1564
f 1555 1556 1566 1565
f 1556 1557 1567 1566
f 1557 1558 1568 1567
f 1558 1559 1569 1568
f 1559 1560 1570 1569
f 1560 1551 1561 1570
f 1560 1559 1558 1557 1556 1555 1554 1553 1552 1551
f 1561 1562 1563 1564 1565 1566 1567 1568 1569 1570
f 1613 1614 1624 1623
f 1614 1615 1625 1624
f 1615 1616 1626 1625
f 1616 1617 1627 1626
f 1617 1618 1628 1627
f 1618 1619 1629 1628
f 1619 1620 1630 1629
f 1620 1621 1631 1630
f 1621 1622 1632 1631
f 1622 1613 1623 1632
f 1622 1621 1620 1619 1618 1617 1616 1615 1614 1613
f 1623 1624 1625 1626 1627 1628 1629 1630 1631 1632
f 1675 1676 1686 1685
f 1676 1677 1687 1686
f 1677 1678 1688 1687
f 1678 1679 1689 1688
f 1679 1680 1690 1689
f 1680 1681 1691 1690
f 1681 1682 1692 1691
f 1682 1683 1693 1692
f 1683 1684 1694 1693
f 1684 1675 1685 1694
f 1684 1683 1682 1681 1680 1679 1678 1677 1676 1675
f 1685 1686 1687 1688 1689 1690 1691 1692 1693 1694
f 1737 1738 1748 1747
f 1738 1739 1749 1748
f 1739 1740 1750 1749
f 1740 1741 1751 1750
f 1741 1742 1752 1751
f 1742 1743 1753 1752
f 1743 1744 1754 1753
f 1744 1745 1755 1754
f 1745 1746 1756 1755
f 1746 1737 1747 1756
f 1746 1745 1744 1743 1742 1741 1740 1739 1738 1737
f 1747 1748 1749 1750 1751 1752 1753 1754 1755 1756
f 1799 1800 1810 1809
f 1800 1801 1811 1810
f 1801 1802 1812 1811
f 1802 1803 1813 1812
f 1803 1804 1814 1813
f 1804 1805 1815 1814
f 1805 1806 1816 1815
f 1806 1807 1817 1816
f 1807 1808 1818 1817
f 1808 1799 1809 1818
f 1808 1807 1806 1805 1804 1803 1802 1801 1800 1799
f 1809 1810 1811 1812 1813 1814 1815 1816 1817 1818
f 1861 1862 1872 1871
f 1862 1863 1873 1872
f 1863 1864 1874 1873
f 1864 1865 1875 1874
f 1865 1866 1876 1875
f 1866 1867 1877 1876
f 1867 1868 1878 1877
f 1868 1869 1879 1878
f 1869 1870 1880 1879
f 1870 1861 1871 1880
f 1870 1869 1868 1867 1866 1865 1864 1863 1862 1861
f 1871 1872 1873 1874 1875 1876 1877 1878 1879 1880
f 1923 1924 1934 1933
f 1924 1925 1935 1934
f 1925 1926 1936 1935
f 1926 1927 1937 1936
f 1927 1928 1938 1937
f 1928 1929 1939 1938
f 1929 1930 1940 1939
f 1930 1931 1941 1940
f 1931 1932 1942 1941
f 1932 1923 1933 1942
f 1932 1931 1930 1929 1928 1927 1926 1925 1924 1923
f 1933 1934 1935 1936 1937 1938 1939 1940 1941 1942
f 1985 1986 1996 1995
f 1986 1987 1997 1996
f 1987 1988 1998 1997
f 1988 1989 1999 1998
f 1989 1990 2000 1999
f 1990 1991 2001 2000
f 1991 1992 2002 2001
f 1992 1993 2003 2002
f 1993 1994 2004 2003
f 1994 1985 1995 2004
f 1994 1993 1992 1991 1990 1989 1988 1987 1986 1985
f 1995 1996 1997 1998 1999 2000 2001 2002 2003 2004
f 2047 2048 2058 2057
f 2048 2049 2059 2058
f 2049 2050 2060 2059
f 2050 2051 2061 2060
f 2051 2052 2062 2061
f 2052 2053 2063 2062
f 2053 2054 2064 2063
f 2054 2055 2065 2064
f 2055 2056 2066 2065
f 2056 2047 2057 2066
f 2056 2055 2054 2053 2052 2051 2050 2049 2048 2047
f 2057 2058 2059 2060 2061 2062 2063 2064 2065 2066
f 2109 2110 2120 2119
f 2110 2111 2121 2120
f 2111 2112 2122 2121
f 2112 2113 2123 2122
f 2113 2114 2124 2123
f 2114 2115 2125 2124
f 2115 2116 2126 2125
f 2116 2117 2127 2126
f 2117 2118 2128 2127
f 2118 2109 2119 2128
f 2118 2117 2116 2115 2114 2113 2112 2111 2110 2109
f 2119 2120 2121 2122 2123 2124 2125 2126 2127 2128
f 2171 2172 2182 2181
f 2172 2173 2183 2182
f 2173 2174 2184 2183
f 2174 2175 2185 2184
f 2175 2176 2186 2185
f 2176 2177 2187 2186
f 2177 2178 2188 2187
f 2178 2179 2189 2188
f 2179 2180 2190 2189
f 2180 2171 2181 2190
f 2180 2179 2178 2177 2176 2175 2174 2173 2172 2171
f 2181 2182 2183 2184 2185 2186 2187 2188 2189 2190
f 2233 2234 2244 2243
f 2234 2235 2245 2244
f 2235 2236 2246 2245
f 2236 2237 2247 2246
f 2237 2238 2248 2247
f 2238 2239 2249 2248
f 2239 2240 2250 2249
f 2240 2241 2251 2250
f 2241 2242 2252 2251
f 2242 2233 2243 2252
f 2242 2241 2240 2239 2238 2237 2236 2235 2234 2233
f 2243 2244 2245 2246 2247 2248 2249 2250 2251 2252
f 2295 2296 2306 2305
f 2296 2297 2307 2306
f 2297 2298 2308 2307
f 2298 2299 2309 2308
f 2299 2300 2310 2309
f 2300 2301 2311 2310
f 2301 2302 2312 2311
f 2302 2303 2313 2312
f 2303 2304 2314 2313
f 2304 2295 2305 2314
f 2304 2303 2302 2301 2300 2299 2298 2297 2296 2295
f 2305 2306 2307 2308 2309 2310 2311 2312 2313 2314
f 2357 2358 2368 2367
f 2358 2359 2369 2368
f 2359 2360 2370 2369
f 2360 2361 2371 2370
f 2361 2362 2372 2371
f 2362 2363 2373 2372
f 2363 2364 2374 2373
f 2364 2365 2375 2374
f 2365 2366 2376 2375
f 2366 2357 2367 2376
f 2366 2365 2364 2363 2362 2361 2360 2359 2358 2357
f 2367 2368 2369 2370 2371 2372 2373 2374 2375 2376
f 2419 2420 2430 2429
f 2420 2421 2431 2430
f 2421 2422 2432 2431
f 2422 2423 2433 2432
f 2423 2424 2434 2433
f 2424 2425 2435 2434
f 2425 2426 2436 2435
f 2426 2427 2437 2436
f 2427 2428 2438 2437
f 2428 2419 2429 2438
f 2428 2427 2426 2425 2424 2423 2422 2421 2420 2419
f 2429 2430 2431 2432 2433 2434 2435 2436 2437 2438
f 2481 2482 2492 2491
f 2482 2483 2493 2492
f 2483 2484 2494 2493
f 2484 2485 2495 2494
f 2485 2486 2496 2495
f 2486 2487 2497 2496
f 2487 2488 2498 2497
f 2488 2489 2499 2498
f 2489 2490 2500 2499
f 2490 2481 2491 2500
f 2490 2489 2488 2487 2486 2485 2484 2483 2482 2481
f 2491 2492 2493 2494 2495 2496 2497 2498 2499 2500
f 2543 2544 2554 2553
f 2544 2545 2555 2554
f 2545 2546 2556 2555
f 2546 2547 2557 2556
f 2547 2548 2558 2557
f 2548 2549 2559 2558
f 2549 2550 2560 2559
f 2550 2551 2561 2560
f 2551 2552 2562 2561
f 2552 2543 2553 2562
f 2552 2551 2550 2549 2548 2547 2546 2545 2544 2543
f 2553 2554 2555 2556 2557 2558 2559 2560 2561 2562
f 2605 2606 2616 2615
f 2606 2607 2617 2616
f 2607 2608 2618 2617
f 2608 2609 2619 2618
f 2609 2610 2620 2619
f 2610 2611 2621 2620
f 2611 2612 2622 2621
f 2612 2613 2623 2622
f 2613 2614 2624 2623
f 2614 2605 2615 2624
f 2614 2613 2612 2611 2610 2609 2608 2607 2606 2605
f 2615 2616 2617 2618 2619 2620 2621 2622 2623 2624
f 2667 2668 2678 2677
f 2668 2669 2679 2678
f 2669 2670 2680 2679
f 2670 2671 2681 2680
f 2671 2672 2682 2681
f 2672 2673 2683 2682
f 2673 2674 2684 2683
f 2674 2675 2685 2684
f 2675 2676 2686 2685
f 2676 2667 2677 2686
f 2676 2675 2674 2673 2672 2671 2670 2669 2668 2667
f 2677 2678 2679 2680 2681 2682 2683 2684 2685 2686
f 2729 2730 2740 2739
f 2730 2731 2741 2740
f 2731 2732 2742 2741
f 2732 2733 2743 2742
f 2733 2734 2744 2743
f 2734 2735 2745 2744
f 2735 2736 2746 2745
f 2736 2737 2747 2746
f 2737 2738 2748 2747
f 2738 2729 2739 2748
f 2738 2737 2736 2735 2734 2733 2732 2731 2730 2729
f 2739 2740 2741 2742 2743 2744 2745 2746 2747 2748
f 2791 2792 2802 2801
f 2792 2793 2803 2802
f 2793 2794 2804 2803
f 2794 2795 2805 2804
f 2795 2796 2806 2805
f 2796 2797 2807 2806
f 2797 2798 2808 2807
f 2798 2799 2809 2808
f 2799 2800 2810 2809
f 2800 2791 2801 2810
f 2800 2799 2798 2797 2796 2795 2794 2793 2792 2791
f 2801 2802 2803 2804 2805 2806 2807 2808 2809 2810
f 2853 2854 2864 2863
f 2854 2855 2865 2864
f 2855 2856 2866 2865
f 2856 2857 2867 2866
f 2857 2858 2868 2867
f 2858 2859 2869 2868
f 2859 2860 2870 2869
f 2860 2861 2871 2870
f 2861 2862 2872 2871
f 2862 2853 2863 2872
f 2862 2861 2860 2859 2858 2857 2856 2855 2854 2853
f 2863 2864 2865 2866 2867 2868 2869 2870 2871 2872
f 2915 2916 2926 2925
f 2916 2917 2927 2926
f 2917 2918 2928 2927
f 2918 2919 2929 2928
f 2919 2920 2930 2929
f 2920 2921 2931 2930
f 2921 2922 2932 2931
f 2922 2923 2933 2932
f 2923 2924 2934 2933
f 2924 2915 2925 2934
f 2924 2923 2922 2921 2920 2919 2918 2917 2916 2915
f 2925 2926 2927 2928 2929 2930 2931 2932 2933 2934
f 2977 2978 2988 2987
f 2978 2979 2989 2988
f 2979 2980 2990 2989
f 2980 2981 2991 2990
f 2981 2982 2992 2991
f 2982 2983 2993 2992
f 2983 2984 2994 2993
f 2984 2985 2995 2994
f 2985 2986 2996 2995
f 2986 2977 2987 2996
f 2986 2985 2984 2983 2982 2981 2980 2979 2978 2977
f 2987 2988 2989 2990 2991 2992 2993 2994 2995 2996
f 3039 3040 3050 3049
f 3040 3041 3051 3050
f 3041 3042 3052 3051
f 3042 3043 3053 3052
f 3043 3044 3054 3053
f 3044 3045 3055 3054
f 3045 3046 3056 3055
f 3046 3047 3057 3056
f 3047 3048 3058 3057
f 3048 3039 3049 3058
f 3048 3047 3046 3045 3044 3043 3042 3041 3040 3039
f 3049 3050 3051 3052 3053 3054 3055 3056 3057 3058
f 3101 3102 3112 3111
f 3102 3103 3113 3112
f 3103 3104 3114 3113
f 3104 3105 3115 3114
f 3105 3106 3116 3115
f 3106 3107 3117 3116
f 3107 3108 3118 3117
f 3108 3109 3119 3118
f 3109 3110 3120 3119
f 3110 3101 3111 3120
f 3110 3109 3108 3107 3106 3105 3104 3103 3102 3101
f 3111 3112 3113 3114 3115 3116 3117 3118 3119 3120
f 3163 3164 3174 3173
f 3164 3165 3175 3174
f 3165 3166 3176 3175
f 3166 3167 3177 3176
f 3167 3168 3178 3177
f 3168 3169 3179 3178
f 3169 3170 3180 3179
f 3170 3171 3181 3180
f 3171 3172 3182 3181
f 3172 3163 3173 3182
f 3172 3171 3170 3169 3168 3167 3166 3165 3164 3163
f 3173 3174 3175 3176 3177 3178 3179 3180 3181 3182
f 3225 3226 3236 3235
f 3226 3227 3237 3236
f 3227 3228 3238 3237
f 3228 3229 3239 3238
f 3229 3230 3240 3239
f 3230 3231 3241 3240
f 3231 3232 3242 3241
f 3232 3233 3243 3242
f 3233 3234 3244 3243
f 3234 3225 3235 3244
f 3234 3233 3232 3231 3230 3229 3228 3227 3226 3225
f 3235 3236 3237 3238 3239 3240 3241 3242 3243 3244
f 3287 3288 3298 3297
f 3288 3289 3299 3298
f 3289 3290 3300 3299
f 3290 3291 3301 3300
f 3291 3292 3302 3301
f 3292 3293 3303 3302
f 3293 3294 3304 3303
f 3294 3295 3305 3304
f 3295 3296 3306 3305
f 3296 3287 3297 3306
f 3296 3295 3294 3293 3292 3291 3290 3289 3288 3287
f 3297 3298 3299 3300 3301 3302 3303 3304 3305 3306
f 3349 3350 3360 3359
f 3350 3351 3361 3360
f 3351 3352 3362 3361
f 3352 3353 3363 3362
f 3353 3354 3364 3363
f 3354 3355 3365 3364
f 3355 3356 3366 3365
f 3356 3357 3367 3366
f 3357 3358 3368 3367
f 3358 3349 3359 3368
f 3358 3357 3356 3355 3354 3353 3352 3351 3350 3349
f 3359 3360 3361 3362 3363 3364 3365 3366 3367 3368
f 3411 3412 3422 3421
f 3412 3413 3423 3422
f 3413 3414 3424 3423
f 3414 3415 3425 3424
f 3415 3416 3426 3425
f 3416 3417 3427 3426
f 3417 3418 3428 3427
f 3418 3419 3429 3428
f 3419 3420 3430 3429
f 3420 3411 3421 3430
f 3420 3419 3418 3417 3416 3415 3414 3413 3412 3411
f 3421 3422 3423 3424 3425 3426 3427 3428 3429 3430
f 3473 3474 3484 3483
f 3474 3475 3485 3484
f 3475 3476 3486 3485
f 3476 3477 3487 3486
f 3477 3478 3488 3487
f 3478 3479 3489 3488
f 3479 3480 3490 3489
f 3480 3481 3491 3490
f 3481 3482 3492 3491
f 3482 3473 3483 3492
f 3482 3481 3480 3479 3478 3477 3476 3475 3474 3473
f 3483 3484 3485 3486 3487 3488 3489 3490 3491 3492
f 3535 3536 3546 3545
f 3536 3537 3547 3546
f 3537 3538 3548 3547
f 3538 3539 3549 3548
f 3539 3540 3550 3549
f 3540 3541 3551 3550
f 3541 3542 3552 3551
f 3542 3543 3553 3552
f 3543 3544 3554 3553
f 3544 3535 3545 3554
f 3544 3543 3542 3541 3540 3539 3538 3537 3536 3535
f 3545 3546 3547 3548 3549 3550 3551 3552 3553 3554
f 3597 3598 3608 3607
f 3598 3599 3609 3608
f 3599 3600 3610 3609
f 3600 3601 3611 3610
f 3601 3602 3612 3611
f 3602 3603 3613 3612
f 3603 3604 3614 3613
f 3604 3605 3615 3614
f 3605 3606 3616 3615
f 3606 3597 3607 3616
f 3606 3605 3604 3603 3602 3601 3600 3599 3598 3597
f 3607 3608 3609 3610 3611 3612 3613 3614 3615 3616
f 3659 3660 3670 3669
f 3660 3661 3671 3670
f 3661 3662 3672 3671
f 3662 3663 3673 3672
f 3663 3664 3674 3673
f 3664 3665 3675 3674
f 3665 3666 3676 3675
f 3666 3667 3677 3676
f 3667 3668 3678 3677
f 3668 3659 3669 3678
f 3668 3667 3666 3665 3664 3663 3662 3661 3660 3659
f 3669 3670 3671 3672 3673 3674 3675 3676 3677 3678
f 3721 3722 3732 3731
f 3722 3723 3733 3732
f 3723 3724 3734 3733
f 3724 3725 3735 3734
f 3725 3726 3736 3735
f 3726 3727 3737 3736
f 3727 3728 3738 3737
f 3728 3729 3739 3738
f 3729 3730 3740 3739
f 3730 3721 3731 3740
f 3730 3729 3728 3727 3726 3725 3724 3723 3722 3721
f 3731 3732 3733 3734 3735 3736 3737 3738 3739 3740
f 3783 3784 3794 3793
f 3784 3785 3795 3794
f 3785 3786 3796 3795
f 3786 3787 3797 3796
f 3787 3788 3798 3797
f 3788 3789 3799 3798
f 3789 3790 3800 3799
f 3790 3791 3801 3800
f 3791 3792 3802 3801
f 3792 3783 3793 3802
f 3792 3791 3790 3789 3788 3787 3786 3785 3784 3783
f 3793 3794 3795 3796 3797 3798 3799 3800 3801 3802
f 3845 3846 3856 3855
f 3846 3847 3857 3856
f 3847 3848 3858 3857
f 3848 3849 3859 3858
f 3849 3850 3860 3859
f 3850 3851 3861 3860
f 3851 3852 3862 3861
f 3852 3853 3863 3862
f 3853 3854 3864 3863
f 3854 3845 3855 3864
f 3854 3853 3852 3851 3850 3849 3848 3847 3846 3845
f 3855 3856 3857 3858 3859 3860 3861 3862 3863 3864
f 3907 3908 3918 3917
f 3908 3909 3919 3918
f 3909 3910 3920 3919
f 3910 3911 3921 3920
f 3911 3912 3922 3921
f 3912 3913 3923 3922
f 3913 3914 3924 3923
f 3914 3915 3925 3924
f 3915 3916 3926 3925
f 3916 3907 3917 3926
f 3916 3915 3914 3913 3912 3911 3910 3909 3908 3907
f 3917 3918 3919 3920 3921 3922 3923 3924 3925 3926
f 3969 3970 3980 3979
f 3970 3971 3981 3980
f 3971 3972 3982 3981
f 3972 3973 3983 3982
f 3973 3974 3984 3983
f 3974 3975 3985 3984
f 3975 3976 3986 3985
f 3976 3977 3987 3986
f 3977 3978 3988 3987
f 3978 3969 3979 3988
f 3978 3977 3976 3975 3974 3973 3972 3971 3970 3969
f 3979 3980 3981 3982 3983 3984 3985 3986 3987 3988
f 4031 4032 4042 4041
f 4032 4033 4043 4042
f 4033 4034 4044 4043
f 4034 4035 4045 4044
f 4035 4036 4046 4045
f 4036 4037 4047 4046
f 4037 4038 4048 4047
f 4038 4039 4049 4048
f 4039 4040 4050 4049
f 4040 4031 4041 4050
f 4040 4039 4038 4037 4036 4035 4034 4033 4032 4031
f 4041 4042 4043 4044 4045 4046 4047 4048 4049 4050
f 4093 4094 4104 4103
f 4094 4095 4105 4104
f 4095 4096 4106 4105
f 4096 4097 4107 4106
f 4097 4098 4108 4107
f 4098 4099 4109 4108
f 4099 4100 4110 4109
f 4100 4101 4111 4110
f 4101 4102 4112 4111
f 4102 4093 4103 4112
f 4102 4101 4100 4099 4098 4097 4096 4095 4094 4093
f 4103 4104 4105 4106 4107 4108 4109 4110 4111 4112
f 4155 4156 4166 4165
f 4156 4157 4167 4166
f 4157 4158 4168 4167
f 4158 4159 4169 4168
f 4159 4160 4170 4169
f 4160 4161 4171 4170
f 4161 4162 4172 4171
f 4162 4163 4173 4172
f 4163 4164 4174 4173
f 4164 4155 4165 4174
f 4164 4163 4162 4161 4160 4159 4158 4157 4156 4155
f 4165 4166 4167 4168 4169 4170 4171 4172 4173 4174
f 4217 4218 4228 4227
f 4218 4219 4229 4228
f 4219 4220 4230 4229
f 4220 4221 4231 4230
f 4221 4222 4232 4231
f 4222 4223 4233 4232
f 4223 4224 4234 4233
f 4224 4225 4235 4234
f 4225 4226 4236 4235
f 4226 4217 4227 4236
f 4226 4225 4224 4223 4222 4221 4220 4219 4218 4217
f 4227 4228 4229 4230 4231 4232 4233 4234 4235 4236
f 4279 4280 4290 4289
f 4280 4281 4291 4290
f 4281 4282 4292 4291
f 4282 4283 4293 4292
f 4283 4284 4294 4293
f 4284 4285 4295 4294
f 4285 4286 4296 4295
f 4286 4287 4297 4296
f 4287 4288 4298 4297
f 4288 4279 4289 4298
f 4288 4287 4286 4285 4284 4283 4282 4281 4280 4279
f 4289 4290 4291 4292 4293 4294 4295 4296 4297 4298
f 4341 4342 4352 4351
f 4342 4343 4353 4352
f 4343 4344 4354 4353
f 4344 4345 4355 4354
f 4345 4346 4356 4355
f 4346 4347 4357 4356
f 4347 4348 4358 4357
f 4348 4349 4359 4358
f 4349 4350 4360 4359
f 4350 4341 4351 4360
f 4350 4349 4348 4347 4346 4345 4344 4343 4342 4341
f 4351 4352 4353 4354 4355 4356 4357 4358 4359 4360
f 4403 4404 4414 4413
f 4404 4405 4415 4414
f 4405 4406 4416 4415
f 4406 4407 4417 4416
f 4407 4408 4418 4417
f 4408 4409 4419 4418
f 4409 4410 4420 4419
f 4410 4411 4421 4420
f 4411 4412 4422 4421
f 4412 4403 4413 4422
f 4412 4411 4410 4409 4408 4407 4406 4405 4404 4403
f 4413 4414 4415 4416 4417 4418 4419 4420 4421 4422
f 4465 4466 4476 4475
f 4466 4467 4477 4476
f 4467 4468 4478 4477
f 4468 4469 4479 4478
f 4469 4470 4480 4479
f 4470 4471 4481 4480
f 4471 4472 4482 4481
f 4472 4473 4483 4482
f 4473 4474 4484 4483
f 4474 4465 4475 4484
f 4474 4473 4472 4471 4470 4469 4468 4467 4466 4465
f 4475 4476 4477 4478 4479 4480 4481 4482 4483 4484
f 4527 4528 4538 4537
f 4528 4529 4539 4538
f 4529 4530 4540 4539
f 4530 4531 4541 4540
f 4531 4532 4542 4541
f 4532 4533 4543 4542
f 4533 4534 4544 4543
f 4534 4535 4545 4544
f 4535 4536 4546 4545
f 4536 4527 4537 4546
f 4536 4535 4534 4533 4532 4531 4530 4529 4528 4527
f 4537 4538 4539 4540 4541 4542 4543 4544 4545 4546
f 4589 4590 4600 4599
f 4590 4591 4601 4600
f 4591 4592 4602 4601
f 4592 4593 4603 4602
f 4593 4594 4604 4603
f 4594 4595 4605 4604
f 4595 4596 4606 4605
f 4596 4597 4607 4606
f 4597 4598 4608 4607
f 4598 4589 4599 4608
f 4598 4597 4596 4595 4594 4593 4592 4591 4590 4589
f 4599 4600 4601 4602 4603 4604 4605 4606 4607 4608
f 4651 4652 4662 4661
f 4652 4653 4663 4662
f 4653 4654 4664 4663
f 4654 4655 4665 4664
f 4655 4656 4666 4665
f 4656 4657 4667 4666
f 4657 4658 4668 4667
f 4658 4659 4669 4668
f 4659 4660 4670 4669
f 4660 4651 4661 4670
f 4660 4659 4658 4657 4656 4655 4654 4653 4652 4651
f 4661 4662 4663 4664 4665 4666 4667 4668 4669 4670
f 4713 4714 4724 4723
f 4714 4715 4725 4724
f 4715 4716 4726 4725
f 4716 4717 4727 4726
f 4717 4718 4728 4727
f 4718 4719 4729 4728
f 4719 4720 4730 4729
f 4720 4721 4731 4730
f 4721 4722 4732 4731
f 4722 4713 4723 4732
f 4722 4721 4720 4719 4718 4717 4716 4715 4714 4713
f 4723 4724 4725 4726 4727 4728 4729 4730 4731 4732
f 4775 4776 4786 4785
f 4776 4777 4787 4786
f 4777 4778 4788 4787
f 4778 4779 4789 4788
f 4779 4780 4790 4789
f 4780 4781 4791 4790
f 4781 4782 4792 4791
f 4782 4783 4793 4792
f 4783 4784 4794 4793
f 4784 4775 4785 4794
f 4784 4783 4782 4781 4780 4779 4778 4777 4776 4775
f 4785 4786 4787 4788 4789 4790 4791 4792 4793 4794
f 4837 4838 4848 4847
f 4838 4839 4849 4848
f 4839 4840 4850 4849
f 4840 4841 4851 4850
f 4841 4842 4852 4851
f 4842 4843 4853 4852
f 4843 4844 4854 4853
f 4844 4845 4855 4854
f 4845 4846 4856 4855
f 4846 4837 4847 4856
f 4846 4845 4844 4843 4842 4841 4840 4839 4838 4837
f 4847 4848 4849 4850 4851 4852 4853 4854 4855 4856
f 4899 4900 4910 4909
f 4900 4901 4911 4910
f 4901 4902 4912 4911
f 4902 4903 4913 4912
f 4903 4904 4914 4913
f 4904 4905 4915 4914
f 4905 4906 4916 4915
f 4906 4907 4917 4916
f 4907 4908 4918 4917
f 4908 4899 4909 4918
f 4908 4907 4906 4905 4904 4903 4902 4901 4900 4899
f 4909 4910 4911 4912 4913 4914 4915 4916 4917 4918
f 4961 4962 4972 4971
f 4962 4963 4973 4972
f 4963 4964 4974 4973
f 4964 4965 4975 4974
f 4965 4966 4976 4975
f 4966 4967 4977 4976
f 4967 4968 4978 4977
f 4968 4969 4979 4978
f 4969 4970 4980 4979
f 4970 4961 4971 4980
f 4970 4969 4968 4967 4966 4965 4964 4963 4962 4961
f 4971 4972 4973 4974 4975 4976 4977 4978 4979 4980
f 5023 5024 5034 5033
f 5024 5025 5035 5034
f 5025 5026 5036 5035
f 5026 5027 5037 5036
f 5027 5028 5038 5037
f 5028 5029 5039 5038
f 5029 5030 5040 5039
f 5030 5031 5041 5040
f 5031 5032 5042 5041
f 5032 5023 5033 5042
f 5032 5031 5030 5029 5028 5027 5026 5025 5024 5023
f 5033 5034 5035 5036 5037 5038 5039 5040 5041 5042
f 5085 5086 5096 5095
f 5086 5087 5097 5096
f 5087 5088 5098 5097
f 5088 5089 5099 5098
f 5089 5090 5100 5099
f 5090 5091 5101 5100
f 5091 5092 5102 5101
f 5092 5093 5103 5102
f 5093 5094 5104 5103
f 5094 5085 5095 5104
f 5094 5093 5092 5091 5090 5089 5088 5087 5086 5085
f 5095 5096 5097 5098 5099 5100 5101 5102 5103 5104
f 5147 5148 5158 5157
f 5148 5149 5159 5158
f 5149 5150 5160 5159
f 5150 5151 5161 5160
f 5151 5152 5162 5161
f 5152 5153 5163 5162
f 5153 5154 5164 5163
f 5154 5155 5165 5164
f 5155 5156 5166 5165
f 5156 5147 5157 5166
f 5156 5155 5154 5153 5152 5151 5150 5149 5148 5147
f 5157 5158 5159 5160 5161 5162 5163 5164 5165 5166
f 5209 5210 5220 5219
f 5210 5211 5221 5220
f 5211 5212 5222 5221
f 5212 5213 5223 5222
f 5213 5214 5224 5223
f 5214 5215 5225 5224
f 5215 5216 5226 5225
f 5216 5217 5227 5226
f 5217 5218 5228 5227
f 5218 5209 5219 5228
f 5218 5217 5216 5215 5214 5213 5212 5211 5210 5209
f 5219 5220 5221 5222 5223 5224 5225 5226 5227 5228
f 5271 5272 5282 5281
f 5272 5273 5283 5282
f 5273 5274 5284 5283
f 5274 5275 5285 5284
f 5275 5276 5286 5285
f 5276 5277 5287 5286
f 5277 5278 5288 5287
f 5278 5279 5289 5288
f 5279 5280 5290 5289
f 5280 5271 5281 5290
f 5280 5279 5278 5277 5276 5275 5274 5273 5272 5271
f 5281 5282 5283 5284 5285 5286 5287 5288 5289 5290
f 5333 5334 5344 5343
f 5334 5335 5345 5344
f 5335 5336 5346 5345
f 5336 5337 5347 5346
f 5337 5338 5348 5347
f 5338 5339 5349 5348
f 5339 5340 5350 5349
f 5340 5341 5351 5350
f 5341 5342 5352 5351
f 5342 5333 5343 5352
f 5342 5341 5340 5339 5338 5337 5336 5335 5334 5333
f 5343 5344 5345 5346 5347 5348 5349 5350 5351 5352
f 5395 5396 5406 5405
f 5396 5397 5407 5406
f 5397 5398 5408 5407
f 5398 5399 5409 5408
f 5399 5400 5410 5409
f 5400 5401 5411 5410
f 5401 5402 5412 5411
f 5402 5403 5413 5412
f 5403 5404 5414 5413
f 5404 5395 5405 5414
f 5404 5403 5402 5401 5400 5399 5398 5397 5396 5395
f 5405 5406 5407 5408 5409 5410 5411 5412 5413 5414
f 5457 5458 5468 5467
f 5458 5459 5469 5468
f 5459 5460 5470 5469
f 5460 5461 5471 5470
f 5461 5462 5472 5471
f 5462 5463 5473 5472
f 5463 5464 5474 5473
f 5464 5465 5475 5474
f 5465 5466 5476 5475
f 5466 5457 5467 5476
f 5466 5465 5464 5463 5462 5461 5460 5459 5458 5457
f 5467 5468 5469 5470 5471 5472 5473 5474 5475 5476
f 5519 5520 5530 5529
f 5520 5521 5531 5530
f 5521 5522 5532 5531
f 5522 5523 5533 5532
f 5523 5524 5534 5533
f 5524 5525 5535 5534
f 5525 5526 5536 5535
f 5526 5527 5537 5536
f 5527 5528 5538 5537
f 5528 5519 5529 5538
f 5528 5527 5526 5525 5524 5523 5522 5521 5520 5519
f 5529 5530 5531 5532 5533 5534 5535 5536 5537 5538
f 5581 5582 5592 5591
f 5582 5583 5593 5592
f 5583 5584 5594 5593
f 5584 5585 5595 5594
f 5585 5586 5596 5595
f 5586 5587 5597 5596
f 5587 5588 5598 5597
f 5588 5589 5599 5598
f 5589 5590 5600 5599
f 5590 5581 5591 5600
f 5590 5589 5588 5587 5586 5585 5584 5583 5582 5581
f 5591 5592 5593 5594 5595 5596 5597 5598 5599 5600
f 5643 5644 5654 5653
f 5644 5645 5655 5654
f 5645 5646 5656 5655
f 5646 5647 5657 5656
f 5647 5648 5658 5657
f 5648 5649 5659 5658
f 5649 5650 5660 5659
f 5650 5651 5661 5660
f 5651 5652 5662 5661
f 5652 5643 5653 5662
f 5652 5651 5650 5649 5648 5647 5646 5645 5644 5643
f 5653 5654 5655 5656 5657 5658 5659 5660 5661 5662
f 5705 5706 5716 5715
f 5706 5707 5717 5716
f 5707 5708 5718 5717
f 5708 5709 5719 5718
f 5709 5710 5720 5719
f 5710 5711 5721 5720
f 5711 5712 5722 5721
f 5712 5713 5723 5722
f 5713 5714 5724 5723
f 5714 5705 5715 5724
f 5714 5713 5712 5711 5710 5709 5708 5707 5706 5705
f 5715 5716 5717 5718 5719 5720 5721 5722 5723 5724
f 5767 5768 5778 5777
f 5768 5769 5779 5778
f 5769 5770 5780 5779
f 5770 5771 5781 5780
f 5771 5772 5782 5781
f 5772 5773 5783 5782
f 5773 5774 5784 5783
f 5774 5775 5785 5784
f 5775 5776 5786 5785
f 5776 5767 5777 5786
f 5776 5775 5774 5773 5772 5771 5770 5769 5768 5767
f 5777 5778 5779 5780 5781 5782 5783 5784 5785 5786
f 5829 5830 5840 5839
f 5830 5831 5841 5840
f 5831 5832 5842 5841
f 5832 5833 5843 5842
f 5833 5834 5844 5843
f 5834 5835 5845 5844
f 5835 5836 5846 5845
f 5836 5837 5847 5846
f 5837 5838 5848 5847
f 5838 5829 5839 5848
f 5838 5837 5836 5835 5834 5833 5832 5831 5830 5829
f 5839 5840 5841 5842 5843 5844 5845 5846 5847 5848
f 5891 5892 5902 5901
f 5892 5893 5903 5902
f 5893 5894 5904 5903
f 5894 5895 5905 5904
f 5895 5896 5906 5905
f 5896 5897 5907 5906
f 5897 5898 5908 5907
f 5898 5899 5909 5908
f 5899 5900 5910 5909
f 5900 5891 5901 5910
f 5900 5899 5898 5897 5896 5895 5894 5893 5892 5891
f 5901 5902 5903 5904 5905 5906 5907 5908 5909 5910
f 5953 5954 5964 5963
f 5954 5955 5965 5964
f 5955 5956 5966 5965
f 5956 5957 5967 5966
f 5957 5958 5968 5967
f 5958 5959 5969 5968
f 5959 5960 5970 5969
f 5960 5961 5971 5970
f 5961 5962 5972 5971
f 5962 5953 5963 5972
f 5962 5961 5960 5959 5958 5957 5956 5955 5954 5953
f 5963 5964 5965 5966 5967 5968 5969 5970 5971 5972
f 6015 6016 6026 6025
f 6016 6017 6027 6026
f 6017 6018 6028 6027
f 6018 6019 6029 6028
f 6019 6020 6030 6029
f 6020 6021 6031 6030
f 6021 6022 6032 6031
f 6022 6023 6033 6032
f 6023 6024 6034 6033
f 6024 6015 6025 6034
f 6024 6023 6022 6021 6020 6019 6018 6017 6016 6015
f 6025 6026 6027 6028 6029 6030 6031 6032 6033 6034
f 6077 6078 6088 6087
f 6078 6079 6089 6088
f 6079 6080 6090 6089
f 6080 6081 6091 6090
f 6081 6082 6092 6091
f 6082 6083 6093 6092
f 6083 6084 6094 6093
f 6084 6085 6095 6094
f 6085 6086 6096 6095
f 6086 6077 6087 6096
f 6086 6085 6084 6083 6082 6081 6080 6079 6078 6077
f 6087 6088 6089 6090 6091 6092 6093 6094 6095 6096
f 6139 6140 6150 6149
f 6140 6141 6151 6150
f 6141 6142 6152 6151
f 6142 6143 6153 6152
f 6143 6144 6154 6153
f 6144 6145 6155 6154
f 6145 6146 6156 6155
f 6146 6147 6157 6156
f 6147 6148 6158 6157
f 6148 6139 6149 6158
f 6148 6147 6146 6145 6144 6143 6142 6141 6140 6139
f 6149 6150 6151 6152 6153 6154 6155 6156 6157 6158
f 6201 6202 6212 6211
f 6202 6203 6213 6212
f 6203 6204 6214 6213
f 6204 6205 6215 6214
f 6205 6206 6216 6215
f 6206 6207 6217 6216
f 6207 6208 6218 6217
f 6208 6209 6219 6218
f 6209 6210 6220 6219
f 6210 6201 6211 6220
f 6210 6209 6208 6207 6206 6205 6204 6203 6202 6201
f 6211 6212 6213 6214 6215 6216 6217 6218 6219 6220
f 6263 6264 6274 6273
f 6264 6265 6275 6274
f 6265 6266 6276 6275
f 6266 6267 6277 6276
f 6267 6268 6278 6277
f 6268 6269 6279 6278
f 6269 6270 6280 6279
f 6270 6271 6281 6280
f 6271 6272 6282 6281
f 6272 6263 6273 6282
f 6272 6271 6270 6269 6268 6267 6266 6265 6264 6263
f 6273 6274 6275 6276 6277 6278 6279 6280 6281 6282
f 6325 6326 6336 6335
f 6326 6327 6337 6336
f 6327 6328 6338 6337
f 6328 6329 6339 6338
f 6329 6330 6340 6339
f 6330 6331 6341 6340
f 6331 6332 6342 6341
f 6332 6333 6343 6342
f 6333 6334 6344 6343
f 6334 6325 6335 6344
f 6334 6333 6332 6331 6330 6329 6328 6327 6326 6325
f 6335 6336 6337 6338 6339 6340 6341 6342 6343 6344
f 6387 6388 6398 6397
f 6388 6389 6399 6398
f 6389 6390 6400 6399
f 6390 6391 6401 6400
f 6391 6392 6402 6401
f 6392 6393 6403 6402
f 6393 6394 6404 6403
f 6394 6395 6405 6404
f 6395 6396 6406 6405
f 6396 6387 6397 6406
f 6396 6395 6394 6393 6392 6391 6390 6389 6388 6387
f 6397 6398 6399 6400 6401 6402 6403 6404 6405 6406
f 6449 6450 6460 6459
f 6450 6451 6461 6460
f 6451 6452 6462 6461
f 6452 6453 6463 6462
f 6453 6454 6464 6463
f 6454 6455 6465 6464
f 6455 6456 6466 6465
f 6456 6457 6467 6466
f 6457 6458 6468 6467
f 6458 6449 6459 6468
f 6458 6457 6456 6455 6454 6453 6452 6451 6450 6449
f 6459 6460 6461 6462 6463 6464 6465 6466 6467 6468
f 6511 6512 6522 6521
f 6512 6513 6523 6522
f 6513 6514 6524 6523
f 6514 6515 6525 6524
f 6515 6516 6526 6525
f 6516 6517 6527 6526
f 6517 6518 6528 6527
f 6518 6519 6529 6528
f 6519 6520 6530 6529
f 6520 6511 6521 6530
f 6520 6519 6518 6517 6516 6515 6514 6513 6512 6511
f 6521 6522 6523 6524 6525 6526 6527 6528 6529 6530
f 6573 6574 6584 6583
f 6574 6575 6585 6584
f 6575 6576 6586 6585
f 6576 6577 6587 6586
f 6577 6578 6588 6587
f 6578 6579 6589 6588
f 6579 6580 6590 6589
f 6580 6581 6591 6590
f 6581 6582 6592 6591
f 6582 6573 6583 6592
f 6582 6581 6580 6579 6578 6577 6576 6575 6574 6573
f 6583 6584 6585 6586 6587 6588 6589 6590 6591 6592
f 6635 6636 6646 6645
f 6636 6637 6647 6646
f 6637 6638 6648 6647
f 6638 6639 6649 6648
f 6639 6640 6650 6649
f 6640 6641 6651 6650
f 6641 6642 6652 6651
f 6642 6643 6653 6652
f 6643 6644 6654 6653
f 6644 6635 6645 6654
f 6644 6643 6642 6641 6640 6639 6638 6637 6636 6635
f 6645 6646 6647 6648 6649 6650 6651 6652 6653 6654
f 6697 6698 6708 6707
f 6698 6699 6709 6708
f 6699 6700 6710 6709
f 6700 6701 6711 6710
f 6701 6702 6712 6711
f 6702 6703 6713 6712
f 6703 6704 6714 6713
f 6704 6705 6715 6714
f 6705 6706 6716 6715
f 6706 6697 6707 6716
f 6706 6705 6704 6703 6702 6701 6700 6699 6698 6697
f 6707 6708 6709 6710 6711 6712 6713 6714 6715 6716
f 6759 6760 6770 6769
f 6760 6761 6771 6770
f 6761 6762 6772 6771
f 6762 6763 6773 6772
f 6763 6764 6774 6773
f 6764 6765 6775 6774
f 6765 6766 6776 6775
f 6766 6767 6777 6776
f 6767 6768 6778 6777
f 6768 6759 6769 6778
f 6768 6767 6766 6765 6764 6763 6762 6761 6760 6759
f 6769 6770 6771 6772 6773 6774 6775 6776 6777 6778
f 6821 6822 6832 6831
f 6822 6823 6833 6832
f 6823 6824 6834 6833
f 6824 6825 6835 6834
f 6825 6826 6836 6835
f 6826 6827 6837 6836
f 6827 6828 6838 6837
f 6828 6829 6839 6838
f 6829 6830 6840 6839
f 6830 6821 6831 6840
f 6830 6829 6828 6827 6826 6825 6824 6823 6822 6821
f 6831 6832 6833 6834 6835 6836 6837 6838 6839 6840
f 6883 6884 6894 6893
f 6884 6885 6895 6894
f 6885 6886 6896 6895
f 6886 6887 6897 6896
f 6887 6888 6898 6897
f 6888 6889 6899 6898
f 6889 6890 6900 6899
f 6890 6891 6901 6900
f 6891 6892 6902 6901
f 6892 6883 6893 6902
f 6892 6891 6890 6889 6888 6887 6886 6885 6884 6883
f 6893 6894 6895 6896 6897 6898 6899 6900 6901 6902
f 6945 6946 6956 6955
f 6946 6947 6957 6956
f 6947 6948 6958 6957
f 6948 6949 6959 6958
f 6949 6950 6960 6959
f 6950 6951 6961 6960
f 6951 6952 6962 6961
f 6952 6953 6963 6962
f 6953 6954 6964 6963
f 6954 6945 6955 6964
f 6954 6953 6952 6951 6950 6949 6948 6947 6946 6945
f 6955 6956 6957 6958 6959 6960 6961 6962 6963 6964
f 7007 7008 7018 7017
f 7008 7009 7019 7018
f 7009 7010 7020 7019
f 7010 7011 7021 7020
f 7011 7012 7022 7021
f 7012 7013 7023 7022
f 7013 7014 7024 7023
f 7014 7015 7025 7024
f 7015 7016 7026 7025
f 7016 7007 7017 7026
f 7016 7015 7014 7013 7012 7011 7010 7009 7008 7007
f 7017 7018 7019 7020 7021 7022 7023 7024 7025 7026
f 7069 7070 7080 7079
f 7070 7071 7081 7080
f 7071 7072 7082 7081
f 7072 7073 7083 7082
f 7073 7074 7084 7083
f 7074 7075 7085 7084
f 7075 7076 7086 7085
f 7076 7077 7087 7086
f 7077 7078 7088 7087
f 7078 7069 7079 7088
f 7078 7077 7076 7075 7074 7073 7072 7071 7070 7069
f 7079 7080 7081 7082 7083 7084 7085 7086 7087 7088
f 7131 7132 7142 7141
f 7132 7133 7143 7142
f 7133 7134 7144 7143
f 7134 7135 7145 7144
f 7135 7136 7146 7145
f 7136 7137 7147 7146
f 7137 7138 7148 7147
f 7138 7139 7149 7148
f 7139 7140 7150 7149
f 7140 7131 7141 7150
f 7140 7139 7138 7137 7136 7135 7134 7133 7132 7131
f 7141 7142 7143 7144 7145 7146 7147 7148 7149 7150
f 7193 7194 7204 7203
f 7194 7195 7205 7204
f 7195 7196 7206 7205
f 7196 7197 7207 7206
f 7197 7198 7208 7207
f 7198 7199 7209 7208
f 7199 7200 7210 7209
f 7200 7201 7211 7210
f 7201 7202 7212 7211
f 7202 7193 7203 7212
f 7202 7201 7200 7199 7198 7197 7196 7195 7194 7193
f 7203 7204 7205 7206 7207 7208 7209 7210 7211 7212
f 7255 7256 7266 7265
f 7256 7257 7267 7266
f 7257 7258 7268 7267
f 7258 7259 7269 7268
f 7259 7260 7270 7269
f 7260 7261 7271 7270
f 7261 7262 7272 7271
f 7262 7263 7273 7272
f 7263 7264 7274 7273
f 7264 7255 7265 7274
f 7264 7263 7262 7261 7260 7259 7258 7257 7256 7255
f 7265 7266 7267 7268 7269 7270 7271 7272 7273 7274
f 7317 7318 7328 7327
f 7318 7319 7329 7328
f 7319 7320 7330 7329
f 7320 7321 7331 7330
f 7321 7322 7332 7331
f 7322 7323 7333 7332
f 7323 7324 7334 7333
f 7324 7325 7335 7334
f 7325 7326 7336 7335
f 7326 7317 7327 7336
f 7326 7325 7324 7323 7322 7321 7320 7319 7318 7317
f 7327 7328 7329 7330 7331 7332 7333 7334 7335 7336
f 7379 7380 7390 7389
f 7380 7381 7391 7390
f 7381 7382 7392 7391
f 7382 7383 7393 7392
f 7383 7384 7394 7393
f 7384 7385 7395 7394
f 7385 7386 7396 7395
f 7386 7387 7397 7396
f 7387 7388 7398 7397
f 7388 7379 7389 7398
f 7388 7387 7386 7385 7384 7383 7382 7381 7380 7379
f 7389 7390 7391 7392 7393 7394 7395 7396 7397 7398
f 7441 7442 7452 7451
f 7442 7443 7453 7452
f 7443 7444 7454 7453
f 7444 7445 7455 7454
f 7445 7446 7456 7455
f 7446 7447 7457 7456
f 7447 7448 7458 7457
f 7448 7449 7459 7458
f 7449 7450 7460 7459
f 7450 7441 7451 7460
f 7450 7449 7448 7447 7446 7445 7444 7443 7442 7441
f 7451 7452 7453 7454 7455 7456 7457 7458 7459 7460
f 7503 7504 7514 7513
f 7504 7505 7515 7514
f 7505 7506 7516 7515
f 7506 7507 7517 7516
f 7507 7508 7518 7517
f 7508 7509 7519 7518
f 7509 7510 7520 7519
f 7510 7511 7521 7520
f 7511 7512 7522 7521
f 7512 7503 7513 7522
f 7512 7511 7510 7509 7508 7507 7506 7505 7504 7503
f 7513 7514 7515 7516 7517 7518 7519 7520 7521 7522
f 7565 7566 7576 7575
f 7566 7567 7577 7576
f 7567 7568 7578 7577
f 7568 7569 7579 7578
f 7569 7570 7580 7579
f 7570 7571 7581 7580
f 7571 7572 7582 7581
f 7572 7573 7583 7582
f 7573 7574 7584 7583
f 7574 7565 7575 7584
f 7574 7573 7572 7571 7570 7569 7568 7567 7566 7565
f 7575 7576 7577 7578 7579 7580 7581 7582 7583 7584
f 7627 7628 7638 7637
f 7628 7629 7639 7638
f 7629 7630 7640 7639
f 7630 7631 7641 7640
f 7631 7632 7642 7641
f 7632 7633 7643 7642
f 7633 7634 7644 7643
f 7634 7635 7645 7644
f 7635 7636 7646 7645
f 7636 7627 7637 7646
f 7636 7635 7634 7633 7632 7631 7630 7629 7628 7627
f 7637 7638 7639 7640 7641 7642 7643 7644 7645 7646
f 7689 7690 7700 7699
f 7690 7691 7701 7700
f 7691 7692 7702 7701
f 7692 7693 7703 7702
f 7693 7694 7704 7703
f 7694 7695 7705 7704
f 7695 7696 7706 7705
f 7696 7697 7707 7706
f 7697 7698 7708 7707
f 7698 7689 7699 7708
f 7698 7697 7696 7695 7694 7693 7692 7691 7690 7689
f 7699 7700 7701 7702 7703 7704 7705 7706 7707 7708
f 7751 7752 7762 7761
f 7752 7753 7763 7762
f 7753 7754 7764 7763
f 7754 7755 7765 7764
f 7755 7756 7766 7765
f 7756 7757 7767 7766
f 7757 7758 7768 7767
f 7758 7759 7769 7768
f 7759 7760 7770 7769
f 7760 7751 7761 7770
f 7760 7759 7758 7757 7756 7755 7754 7753 7752 7751
f 7761 7762 7763 7764 7765 7766 7767 7768 7769 7770
f 7813 7814 7824 7823
f 7814 7815 7825 7824
f 7815 7816 7826 7825
f 7816 7817 7827 7826
f 7817 7818 7828 7827
f 7818 7819 7829 7828
f 7819 7820 7830 7829
f 7820 7821 7831 7830
f 7821 7822 7832 7831
f 7822 7813 7823 7832
f 7822 7821 7820 7819 7818 7817 7816 7815 7814 7813
f 7823 7824 7825 7826 7827 7828 7829 7830 7831 7832
f 7875 7876 7886 7885
f 7876 7877 7887 7886
f 7877 7878 7888 7887
f 7878 7879 7889 7888
f 7879 7880 7890 7889
f 7880 7881 7891 7890
f 7881 7882 7892 7891
f 7882 7883 7893 7892
f 7883 7884 7894 7893
f 7884 7875 7885 7894
f 7884 7883 7882 7881 7880 7879 7878 7877 7876 7875
f 7885 7886 7887 7888 7889 7890 7891 7892 7893 7894
f 7937 7938 7948 7947
f 7938 7939 7949 7948
f 7939 7940 7950 7949
f 7940 7941 7951 7950
f 7941 7942 7952 7951
f 7942 7943 7953 7952
f 7943 7944 7954 7953
f 7944 7945 7955 7954
f 7945 7946 7956 7955
f 7946 7937 7947 7956
f 7946 7945 7944 7943 7942 7941 7940 7939 7938 7937
f 7947 7948 7949 7950 7951 7952 7953 7954 7955 7956
f 7999 8000 8010 8009
f 8000 8001 8011 8010
f 8001 8002 8012 8011
f 8002 8003 8013 8012
f 8003 8004 8014 8013
f 8004 8005 8015 8014
f 8005 8006 8016 8015
f 8006 8007 8017 8016
f 8007 8008 8018 8017
f 8008 7999 8009 8018
f 8008 8007 8006 8005 8004 8003 8002 8001 8000 7999
f 8009 8010 8011 8012 8013 8014 8015 8016 8017 8018
f 8061 8062 8072 8071
f 8062 8063 8073 8072
f 8063 8064 8074 8073
f 8064 8065 8075 8074
f 8065 8066 8076 8075
f 8066 8067 8077 8076
f 8067 8068 8078 8077
f 8068 8069 8079 8078
f 8069 8070 8080 8079
f 8070 8061 8071 8080
f 8070 8069 8068 8067 8066 8065 8064 8063 8062 8061
f 8071 8072 8073 8074 8075 8076 8077 8078 8079 8080
f 8123 8124 8134 8133
f 8124 8125 8135 8134
f 8125 8126 8136 8135
f 8126 8127 8137 8136
f 8127 8128 8138 8137
f 8128 8129 8139 8138
f 8129 8130 8140 8139
f 8130 8131 8141 8140
f 8131 8132 8142 8141
f 8132 8123 8133 8142
f 8132 8131 8130 8129 8128 8127 8126 8125 8124 8123
f 8133 8134 8135 8136 8137 8138 8139 8140 8141 8142
f 8185 8186 8196 8195
f 8186 8187 8197 8196
f 8187 8188 8198 8197
f 8188 8189 8199 8198
f 8189 8190 8200 8199
f 8190 8191 8201 8200
f 8191 8192 8202 8201
f 8192 8193 8203 8202
f 8193 8194 8204 8203
f 8194 8185 8195 8204
f 8194 8193 8192 8191 8190 8189 8188 8187 8186 8185
f 8195 8196 8197 8198 8199 8200 8201 8202 8203 8204
f 8247 8248 8258 8257
f 8248 8249 8259 8258
f 8249 8250 8260 8259
f 8250 8251 8261 8260
f 8251 8252 8262 8261
f 8252 8253 8263 8262
f 8253 8254 8264 8263
f 8254 8255 8265 8264
f 8255 8256 8266 8265
f 8256 8247 8257 8266
f 8256 8255 8254 8253 8252 8251 8250 8249 8248 8247
f 8257 8258 8259 8260 8261 8262 8263 8264 8265 8266
f 8309 8310 8320 8319
f 8310 8311 8321 8320
f 8311 8312 8322 8321
f 8312 8313 8323 8322
f 8313 8314 8324 8323
f 8314 8315 8325 8324
f 8315 8316 8326 8325
f 8316 8317 8327 8326
f 8317 8318 8328 8327
f 8318 8309 8319 8328
f 8318 8317 8316 8315 8314 8313 8312 8311 8310 8309
f 8319 8320 8321 8322 8323 8324 8325 8326 8327 8328
f 8371 8372 8382 8381
f 8372 8373 8383 8382
f 8373 8374 8384 8383
f 8374 8375 8385 8384
f 8375 8376 8386 8385
f 8376 8377 8387 8386
f 8377 8378 8388 8387
f 8378 8379 8389 8388
f 8379 8380 8390 8389
f 8380 8371 8381 8390
f 8380 8379 8378 8377 8376 8375 8374 8373 8372 8371
f 8381 8382 8383 8384 8385 8386 8387 8388 8389 8390
f 8433 8434 8444 8443
f 8434 8435 8445 8444
f 8435 8436 8446 8445
f 8436 8437 8447 8446
f 8437 8438 8448 8447
f 8438 8439 8449 8448
f 8439 8440 8450 8449
f 8440 8441 8451 8450
f 8441 8442 8452 8451
f 8442 8433 8443 8452
f 8442 8441 8440 8439 8438 8437 8436 8435 8434 8433
f 8443 8444 8445 8446 8447 8448 8449 8450 8451 8452
f 8495 8496 8506 8505
f 8496 8497 8507 8506
f 8497 8498 8508 8507
f 8498 8499 8509 8508
f 8499 8500 8510 8509
f 8500 8501 8511 8510
f 8501 8502 8512 8511
f 8502 8503 8513 8512
f 8503 8504 8514 8513
f 8504 8495 8505 8514
f 8504 8503 8502 8501 8500 8499 8498 8497 8496 8495
f 8505 8506 8507 8508 8509 8510 8511 8512 8513 8514
f 8557 8558 8568 8567
f 8558 8559 8569 8568
f 8559 8560 8570 8569
f 8560 8561 8571 8570
f 8561 8562 8572 8571
f 8562 8563 8573 8572
f 8563 8564 8574 8573
f 8564 8565 8575 8574
f 8565 8566 8576 8575
f 8566 8557 8567 8576
f 8566 8565 8564 8563 8562 8561 8560 8559 8558 8557
f 8567 8568 8569 8570 8571 8572 8573 8574 8575 8576
f 8619 8620 8630 8629
f 8620 8621 8631 8630
f 8621 8622 8632 8631
f 8622 8623 8633 8632
f 8623 8624 8634 8633
f 8624 8625 8635 8634
f 8625 8626 8636 8635
f 8626 8627 8637 8636
f 8627 8628 8638 8637
f 8628 8619 8629 8638
f 8628 8627 8626 8625 8624 8623 8622 8621 8620 8619
f 8629 8630 8631 8632 8633 8634 8635 8636 8637 8638
f 8681 8682 8692 8691
f 8682 8683 8693 8692
f 8683 8684 8694 8693
f 8684 8685 8695 8694
f 8685 8686 8696 8695
f 8686 8687 8697 8696
f 8687 8688 8698 8697
f 8688 8689 8699 8698
f 8689 8690 8700 8699
f 8690 8681 8691 8700
f 8690 8689 8688 8687 8686 8685 8684 8683 8682 8681
f 8691 8692 8693 8694 8695 8696 8697 8698 8699 8700
f 8743 8744 8754 8753
f 8744 8745 8755 8754
f 8745 8746 8756 8755
f 8746 8747 8757 8756
f 8747 8748 8758 8757
f 8748 8749 8759 8758
f 8749 8750 8760 8759
f 8750 8751 8761 8760
f 8751 8752 8762 8761
f 8752 8743 8753 8762
f 8752 8751 8750 8749 8748 8747 8746 8745 8744 8743
f 8753 8754 8755 8756 8757 8758 8759 8760 8761 8762
f 8805 8806 8816 8815
f 8806 8807 8817 8816
f 8807 8808 8818 8817
f 8808 8809 8819 8818
f 8809 8810 8820 8819
f 8810 8811 8821 8820
f 8811 8812 8822 8821
f 8812 8813 8823 8822
f 8813 8814 8824 8823
f 8814 8805 8815 8824
f 8814 8813 8812 8811 8810 8809 8808 8807 8806 8805
f 8815 8816 8817 8818 8819 8820 8821 8822 8823 8824
f 8867 8868 8878 8877
f 8868 8869 8879 8878
f 8869 8870 8880 8879
f 8870 8871 8881 8880
f 8871 8872 8882 8881
f 8872 8873 8883 8882
f 8873 8874 8884 8883
f 8874 8875 8885 8884
f 8875 8876 8886 8885
f 8876 8867 8877 8886
f 8876 8875 8874 8873 8872 8871 8870 8869 8868 8867
f 8877 8878 8879 8880 8881 8882 8883 8884 8885 8886
f 8929 8930 8940 8939
f 8930 8931 8941 8940
f 8931 8932 8942 8941
f 8932 8933 8943 8942
f 8933 8934 8944 8943
f 8934 8935 8945 8944
f 8935 8936 8946 8945
f 8936 8937 8947 8946
f 8937 8938 8948 8947
f 8938 8929 8939 8948
f 8938 8937 8936 8935 8934 8933 8932 8931 8930 8929
f 8939 8940 8941 8942 8943 8944 8945 8946 8947 8948
f 8991 8992 9002 9001
f 8992 8993 9003 9002
f 8993 8994 9004 9003
f 8994 8995 9005 9004
f 8995 8996 9006 9005
f 8996 8997 9007 9006
f 8997 8998 9008 9007
f 8998 8999 9009 9008
f 8999 9000 9010 9009
f 9000 8991 9001 9010
f 9000 8999 8998 8997 8996 8995 8994 8993 8992 8991
f 9001 9002 9003 9004 9005 9006 9007 9008 9009 9010
f 9053 9054 9064 9063
f 9054 9055 9065 9064
f 9055 9056 9066 9065
f 9056 9057 9067 9066
f 9057 9058 9068 9067
f 9058 9059 9069 9068
f 9059 9060 9070 9069
f 9060 9061 9071 9070
f 9061 9062 9072 9071
f 9062 9053 9063 9072
f 9062 9061 9060 9059 9058 9057 9056 9055 9054 9053
f 9063 9064 9065 9066 9067 9068 9069 9070 9071 9072
f 9115 9116 9126 9125
f 9116 9117 9127 9126
f 9117 9118 9128 9127
f 9118 9119 9129 9128
f 9119 9120 9130 9129
f 9120 9121 9131 9130
f 9121 9122 9132 9131
f 9122 9123 9133 9132
f 9123 9124 9134 9133
f 9124 9115 9125 9134
f 9124 9123 9122 9121 9120 9119 9118 9117 9116 9115
f 9125 9126 9127 9128 9129 9130 9131 9132 9133 9134
f 9177 9178 9188 9187
f 9178 9179 9189 9188
f 9179 9180 9190 9189
f 9180 9181 9191 9190
f 9181 9182 9192 9191
f 9182 9183 9193 9192
f 9183 9184 9194 9193
f 9184 9185 9195 9194
f 9185 9186 9196 9195
f 9186 9177 9187 9196
f 9186 9185 9184 9183 9182 9181 9180 9179 9178 9177
f 9187 9188 9189 9190 9191 9192 9193 9194 9195 9196
f 9239 9240 9250 9249
f 9240 9241 9251 9250
f 9241 9242 9252 9251
f 9242 9243 9253 9252
f 9243 9244 9254 9253
f 9244 9245 9255 9254
f 9245 9246 9256 9255
f 9246 9247 9257 9256
f 9247 9248 9258 9257
f 9248 9239 9249 9258
f 9248 9247 9246 9245 9244 9243 9242 9241 9240 9239
f 9249 9250 9251 9252 9253 9254 9255 9256 9257 9258
f 9301 9302 9312 9311
f 9302 9303 9313 9312
f 9303 9304 9314 9313
f 9304 9305 9315 9314
f 9305 9306 9316 9315
f 9306 9307 9317 9316
f 9307 9308 9318 9317
f 9308 9309 9319 9318
f 9309 9310 9320 9319
f 9310 9301 9311 9320
f 9310 9309 9308 9307 9306 9305 9304 9303 9302 9301
f 9311 9312 9313 9314 9315 9316 9317 9318 9319 9320
f 9363 9364 9374 9373
f 9364 9365 9375 9374
f 9365 9366 9376 9375
f 9366 9367 9377 9376
f 9367 9368 9378 9377
f 9368 9369 9379 9378
f 9369 9370 9380 9379
f 9370 9371 9381 9380
f 9371 9372 9382 9381
f 9372 9363 9373 9382
f 9372 9371 9370 9369 9368 9367 9366 9365 9364 9363
f 9373 9374 9375 9376 9377 9378 9379 9380 9381 9382
f 9425 9426 9436 9435
f 9426 9427 9437 9436
f 9427 9428 9438 9437
f 9428 9429 9439 9438
f 9429 9430 9440 9439
f 9430 9431 9441 9440
f 9431 9432 9442 9441
f 9432 9433 9443 9442
f 9433 9434 9444 9443
f 9434 9425 9435 9444
f 9434 9433 9432 9431 9430 9429 9428 9427 9426 9425
f 9435 9436 9437 9438 9439 9440 9441 9442 9443 9444
f 9487 9488 9498 9497
f 9488 9489 9499 9498
f 9489 9490 9500 9499
f 9490 9491 9501 9500
f 9491 9492 9502 9501
f 9492 9493 9503 9502
f 9493 9494 9504 9503
f 9494 9495 9505 9504
f 9495 9496 9506 9505
f 9496 9487 9497 9506
f 9496 9495 9494 9493 9492 9491 9490 9489 9488 9487
f 9497 9498 9499 9500 9501 9502 9503 9504 9505 9506
f 9549 9550 9560 9559
f 9550 9551 9561 9560
f 9551 9552 9562 9561
f 9552 9553 9563 9562
f 9553 9554 9564 9563
f 9554 9555 9565 9564
f 9555 9556 9566 9565
f 9556 9557 9567 9566
f 9557 9558 9568 9567
f 9558 9549 9559 9568
f 9558 9557 9556 9555 9554 9553 9552 9551 9550 9549
f 9559 9560 9561 9562 9563 9564 9565 9566 9567 9568
f 9611 9612 9622 9621
f 9612 9613 9623 9622
f 9613 9614 9624 9623
f 9614 9615 9625 9624
f 9615 9616 9626 9625
f 9616 9617 9627 9626
f 9617 9618 9628 9627
f 9618 9619 9629 9628
f 9619 9620 9630 9629
f 9620 9611 9621 9630
f 9620 9619 9618 9617 9616 9615 9614 9613 9612 9611
f 9621 9622 9623 9624 9625 9626 9627 9628 9629 9630
f 9673 9674 9684 9683
f 9674 9675 9685 9684
f 9675 9676 9686 9685
f 9676 9677 9687 9686
f 9677 9678 9688 9687
f 9678 9679 9689 9688
f 9679 9680 9690 9689
f 9680 9681 9691 9690
f 9681 9682 9692 9691
f 9682 9673 9683 9692
f 9682 9681 9680 9679 9678 9677 9676 9675 9674 9673
f 9683 9684 9685 9686 9687 9688 9689 9690 9691 9692
f 9735 9736 9746 9745
f 9736 9737 9747 9746
f 9737 9738 9748 9747
f 9738 9739 9749 9748
f 9739 9740 9750 9749
f 9740 9741 9751 9750
f 9741 9742 9752 9751
f 9742 9743 9753 9752
f 9743 9744 9754 9753
f 9744 9735 9745 9754
f 9744 9743 9742 9741 9740 9739 9738 9737 9736 9735
f 9745 9746 9747 9748 9749 9750 9751 9752 9753 9754
f 9797 9798 9808 9807
f 9798 9799 9809 9808
f 9799 9800 9810 9809
f 9800 9801 9811 9810
f 9801 9802 9812 9811
f 9802 9803 9813 9812
f 9803 9804 9814 9813
f 9804 9805 9815 9814
f 9805 9806 9816 9815
f 9806 9797 9807 9816
f 9806 9805 9804 9803 9802 9801 9800 9799 9798 9797
f 9807 9808 9809 9810 9811 9812 9813 9814 9815 9816
f 9859 9860 9870 9869
f 9860 9861 9871 9870
f 9861 9862 9872 9871
f 9862 9863 9873 9872
f 9863 9864 9874 9873
f 9864 9865 9875 9874
f 9865 9866 9876 9875
f 9866 9867 9877 9876
f 9867 9868 9878 9877
f 9868 9859 9869 9878
f 9868 9867 9866 9865 9864 9863 9862 9861 9860 9859
f 9869 9870 9871 9872 9873 9874 9875 9876 9877 9878
f 9921 9922 9932 9931
f 9922 9923 9933 9932
f 9923 9924 9934 9933
f 9924 9925 9935 9934
f 9925 9926 9936 9935
f 9926 9927 9937 9936
f 9927 9928 9938 9937
f 9928 9929 9939 9938
f 9929 9930 9940 9939
f 9930 9921 9931 9940
f 9930 9929 9928 9927 9926 9925 9924 9923 9922 9921
f 9931 9932 9933 9934 9935 9936 9937 9938 9939 9940
f 9983 9984 9994 9993
f 9984 9985 9995 9994
f 9985 9986 9996 9995
f 9986 9987 9997 9996
f 9987 9988 9998 9997
f 9988 9989 9999 9998
f 9989 9990 10000 9999
f 9990 9991 10001 10000
f 9991 9992 10002 10001
f 9992 9983 9993 10002
f 9992 9991 9990 9989 9988 9987 9986 9985 9984 9983
f 9993 9994 9995 9996 9997 9998 9999 10000 10001 10002
f 10045 10046 10056 10055
f 10046 10047 10057 10056
f 10047 10048 10058 10057
f 10048 10049 10059 10058
f 10049 10050 10060 10059
f 10050 10051 10061 10060
f 10051 10052 10062 10061
f 10052 10053 10063 10062
f 10053 10054 10064 10063
f 10054 10045 10055 10064
f 10054 10053 10052 10051 10050 10049 10048 10047 10046 10045
f 10055 10056 10057 10058 10059 10060 10061 10062 10063 10064
f 10107 10108 10118 10117
f 10108 10109 10119 10118
f 10109 10110 10120 10119
f 10110 10111 10121 10120
f 10111 10112 10122 10121
f 10112 10113 10123 10122
f 10113 10114 10124 10123
f 10114 10115 10125 10124
f 10115 10116 10126 10125
f 10116 10107 10117 10126
f 10116 10115 10114 10113 10112 10111 10110 10109 10108 10107
f 10117 10118 10119 10120 10121 10122 10123 10124 10125 10126
f 10169 10170 10180 10179
f 10170 10171 10181 10180
f 10171 10172 10182 10181
f 10172 10173 10183 10182
f 10173 10174 10184 10183
f 10174 10175 10185 10184
f 10175 10176 10186 10185
f 10176 10177 10187 10186
f 10177 10178 10188 10187
f 10178 10169 10179 10188
f 10178 10177 10176 10175 10174 10173 10172 10171 10170 10169
f 10179 10180 10181 10182 10183 10184 10185 10186 10187 10188
f 10231 10232 10242 10241
f 10232 10233 10243 10242
f 10233 10234 10244 10243
f 10234 10235 10245 10244
f 10235 10236 10246 10245
f 10236 10237 10247 10246
f 10237 10238 10248 10247
f 10238 10239 10249 10248
f 10239 10240 10250 10249
f 10240 10231 10241 10250
f 10240 10239 10238 10237 10236 10235 10234 10233 10232 10231
f 10241 10242 10243 10244 10245 10246 10247 10248 10249 10250
f 10293 10294 10304 10303
f 10294 10295 10305 10304
f 10295 10296 10306 10305
f 10296 10297 10307 10306
f 10297 10298 10308 10307
f 10298 10299 10309 10308
f 10299 10300 10310 10309
f 10300 10301 10311 10310
f 10301 10302 10312 10311
f 10302 10293 10303 10312
f 10302 10301 10300 10299 10298 10297 10296 10295 10294 10293
f 10303 10304 10305 10306 10307 10308 10309 10310 10311 10312
f 10355 10356 10366 10365
f 10356 10357 10367 10366
f 10357 10358 10368 10367
f 10358 10359 10369 10368
f 10359 10360 10370 10369
f 10360 10361 10371 10370
f 10361 10362 10372 10371
f 10362 10363 10373 10372
f 10363 10364 10374 10373
f 10364 10355 10365 10374
f 10364 10363 10362 10361 10360 10359 10358 10357 10356 10355
f 10365 10366 10367 10368 10369 10370 10371 10372 10373 10374
f 10417 10418 10428 10427
f 10418 10419 10429 10428
f 10419 10420 10430 10429
f 10420 10421 10431 10430
f 10421 10422 10432 10431
f 10422 10423 10433 10432
f 10423 10424 10434 10433
f 10424 10425 10435 10434
f 10425 10426 10436 10435
f 10426 10417 10427 10436
f 10426 10425 10424 10423 10422 10421 10420 10419 10418 10417
f 10427 10428 10429 10430 10431 10432 10433 10434 10435 10436
f 10479 10480 10490 10489
f 10480 10481 10491 10490
f 10481 10482 10492 10491
f 10482 10483 10493 10492
f 10483 10484 10494 10493
f 10484 10485 10495 10494
f 10485 10486 10496 10495
f 10486 10487 10497 10496
f 10487 10488 10498 10497
f 10488 10479 10489 10498
f 10488 10487 10486 10485 10484 10483 10482 10481 10480 10479
f 10489 10490 10491 10492 10493 10494 10495 10496 10497 10498
f 10541 10542 10552 10551
f 10542 10543 10553 10552
f 10543 10544 10554 10553
f 10544 10545 10555 10554
f 10545 10546 10556 10555
f 10546 10547 10557 10556
f 10547 10548 10558 10557
f 10548 10549 10559 10558
f 10549 10550 10560 10559
f 10550 10541 10551 10560
f 10550 10549 10548 10547 10546 10545 10544 10543 10542 10541
f 10551 10552 10553 10554 10555 10556 10557 10558 10559 10560
f 10603 10604 10614 10613
f 10604 10605 10615 10614
f 10605 10606 10616 10615
f 10606 10607 10617 10616
f 10607 10608 10618 10617
f 10608 10609 10619 10618
f 10609 10610 10620 10619
f 10610 10611 10621 10620
f 10611 10612 10622 10621
f 10612 10603 10613 10622
f 10612 10611 10610 10609 10608 10607 10606 10605 10604 10603
f 10613 10614 10615 10616 10617 10618 10619 10620 10621 10622
f 10665 10666 10676 10675
f 10666 10667 10677 10676
f 10667 10668 10678 10677
f 10668 10669 10679 10678
f 10669 10670 10680 10679
f 10670 10671 10681 10680
f 10671 10672 10682 10681
f 10672 10673 10683 10682
f 10673 10674 10684 10683
f 10674 10665 10675 10684
f 10674 10673 10672 10671 10670 10669 10668 10667 10666 10665
f 10675 10676 10677 10678 10679 10680 10681 10682 10683 10684
f 10727 10728 10738 10737
f 10728 10729 10739 10738
f 10729 10730 10740 10739
f 10730 10731 10741 10740
f 10731 10732 10742 10741
f 10732 10733 10743 10742
f 10733 10734 10744 10743
f 10734 10735 10745 10744
f 10735 10736 10746 10745
f 10736 10727 10737 10746
f 10736 10735 10734 10733 10732 10731 10730 10729 10728 10727
f 10737 10738 10739 10740 10741 10742 10743 10744 10745 10746
f 10789 10790 10800 10799
f 10790 10791 10801 10800
f 10791 10792 10802 10801
f 10792 10793 10803 10802
f 10793 10794 10804 10803
f 10794 10795 10805 10804
f 10795 10796 10806 10805
f 10796 10797 10807 10806
f 10797 10798 10808 10807
f 10798 10789 10799 10808
f 10798 10797 10796 10795 10794 10793 10792 10791 10790 10789
f 10799 10800 10801 10802 10803 10804 10805 10806 10807 10808
f 10851 10852 10862 10861
f 10852 10853 10863 10862
f 10853 10854 10864 10863
f 10854 10855 10865 10864
f 10855 10856 10866 10865
f 10856 10857 10867 10866
f 10857 10858 10868 10867
f 10858 10859 10869 10868
f 10859 10860 10870 10869
f 10860 10851 10861 10870
f 10860 10859 10858 10857 10856 10855 10854 10853 10852 10851
f 10861 10862 10863 10864 10865 10866 10867 10868 10869 10870
f 10913 10914 10924 10923
f 10914 10915 10925 10924
f 10915 10916 10926 10925
f 10916 10917 10927 10926
f 10917 10918 10928 10927
f 10918 10919 10929 10928
f 10919 10920 10930 10929
f 10920 10921 10931 10930
f 10921 10922 10932 10931
f 10922 10913 10923 10932
f 10922 10921 10920 10919 10918 10917 10916 10915 10914 10913
f 10923 10924 10925 10926 10927 10928 10929 10930 10931 10932
f 10975 10976 10986 10985
f 10976 10977 10987 10986
f 10977 10978 10988 10987
f 10978 10979 10989 10988
f 10979 10980 10990 10989
f 10980 10981 10991 10990
f 10981 10982 10992 10991
f 10982 10983 10993 10992
f 10983 10984 10994 10993
f 10984 10975 10985 10994
f 10984 10983 10982 10981 10980 10979 10978 10977 10976 10975
f 10985 10986 10987 10988 10989 10990 10991 10992 10993 10994
f 11037 11038 11048 11047
f 11038 11039 11049 11048
f 11039 11040 11050 11049
f 11040 11041 11051 11050
f 11041 11042 11052 11051
f 11042 11043 11053 11052
f 11043 11044 11054 11053
f 11044 11045 11055 11054
f 11045 11046 11056 11055
f 11046 11037 11047 11056
f 11046 11045 11044 11043 11042 11041 11040 11039 11038 11037
f 11047 11048 11049 11050 11051 11052 11053 11054 11055 11056
f 11099 11100 11110 11109
f 11100 11101 11111 11110
f 11101 11102 11112 11111
f 11102 11103 11113 11112
f 11103 11104 11114 11113
f 11104 11105 11115 11114
f 11105 11106 11116 11115
f 11106 11107 11117 11116
f 11107 11108 11118 11117
f 11108 11099 11109 11118
f 11108 11107 11106 11105 11104 11103 11102 11101 11100 11099
f 11109 11110 11111 11112 11113 11114 11115 11116 11117 11118
f 11161 11162 11172 11171
f 11162 11163 11173 11172
f 11163 11164 11174 11173
f 11164 11165 11175 11174
f 11165 11166 11176 11175
f 11166 11167 11177 11176
f 11167 11168 11178 11177
f 11168 11169 11179 11178
f 11169 11170 11180 11179
f 11170 11161 11171 11180
f 11170 11169 11168 11167 11166 11165 11164 11163 11162 11161
f 11171 11172 11173 11174 11175 11176 11177 11178 11179 11180
f 11223 11224 11234 11233
f 11224 11225 11235 11234
f 11225 11226 11236 11235
f 11226 11227 11237 11236
f 11227 11228 11238 11237
f 11228 11229 11239 11238
f 11229 11230 11240 11239
f 11230 11231 11241 11240
f 11231 11232 11242 11241
f 11232 11223 11233 11242
f 11232 11231 11230 11229 11228 11227 11226 11225 11224 11223
f 11233 11234 11235 11236 11237 11238 11239 11240 11241 11242
f 11285 11286 11296 11295
f 11286 11287 11297 11296
f 11287 11288 11298 11297
f 11288 11289 11299 11298
f 11289 11290 11300 11299
f 11290 11291 11301 11300
f 11291 11292 11302 11301
f 11292 11293 11303 11302
f 11293 11294 11304 11303
f 11294 11285 11295 11304
f 11294 11293 11292 11291 11290 11289 11288 11287 11286 11285
f 11295 11296 11297 11298 11299 11300 11301 11302 11303 11304
f 11347 11348 11358 11357
f 11348 11349 11359 11358
f 11349 11350 11360 11359
f 11350 11351 11361 11360
f 11351 11352 11362 11361
f 11352 11353 11363 11362
f 11353 11354 11364 11363
f 11354 11355 11365 11364
f 11355 11356 11366 11365
f 11356 11347 11357 11366
f 11356 11355 11354 11353 11352 11351 11350 11349 11348 11347
f 11357 11358 11359 11360 11361 11362 11363 11364 11365 11366
f 11409 11410 11420 11419
f 11410 11411 11421 11420
f 11411 11412 11422 11421
f 11412 11413 11423 11422
f 11413 11414 11424 11423
f 11414 11415 11425 11424
f 11415 11416 11426 11425
f 11416 11417 11427 11426
f 11417 11418 11428 11427
f 11418 11409 11419 11428
f 11418 11417 11416 11415 11414 11413 11412 11411 11410 11409
f 11419 11420 11421 11422 11423 11424 11425 11426 11427 11428
f 11471 11472 11482 11481
f 11472 11473 11483 11482
f 11473 11474 11484 11483
f 11474 11475 11485 11484
f 11475 11476 11486 11485
f 11476 11477 11487 11486
f 11477 11478 11488 11487
f 11478 11479 11489 11488
f 11479 11480 11490 11489
f 11480 11471 11481 11490
f 11480 11479 11478 11477 11476 11475 11474 11473 11472 11471
f 11481 11482 11483 11484 11485 11486 11487 11488 11489 11490
f 11533 11534 11544 11543
f 11534 11535 11545 11544
f 11535 11536 11546 11545
f 11536 11537 11547 11546
f 11537 11538 11548 11547
f 11538 11539 11549 11548
f 11539 11540 11550 11549
f 11540 11541 11551 11550
f 11541 11542 11552 11551
f 11542 11533 11543 11552
f 11542 11541 11540 11539 11538 11537 11536 11535 11534 11533
f 11543 11544 11545 11546 11547 11548 11549 11550 11551 11552
f 11595 11596 11606 11605
f 11596 11597 11607 11606
f 11597 11598 11608 11607
f 11598 11599 11609 11608
f 11599 11600 11610 11609
f 11600 11601 11611 11610
f 11601 11602 11612 11611
f 11602 11603 11613 11612
f 11603 11604 11614 11613
f 11604 11595 11605 11614
f 11604 11603 11602 11601 11600 11599 11598 11597 11596 11595
f 11605 11606 11607 11608 11609 11610 11611 11612 11613 11614
f 11657 11658 11668 11667
f 11658 11659 11669 11668
f 11659 11660 11670 11669
f 11660 11661 11671 11670
f 11661 11662 11672 11671
f 11662 11663 11673 11672
f 11663 11664 11674 11673
f 11664 11665 11675 11674
f 11665 11666 11676 11675
f 11666 11657 11667 11676
f 11666 11665 11664 11663 11662 11661 11660 11659 11658 11657
f 11667 11668 11669 11670 11671 11672 11673 11674 11675 11676
f 11719 11720 11730 11729
f 11720 11721 11731 11730
f 11721 11722 11732 11731
f 11722 11723 11733 11732
f 11723 11724 11734 11733
f 11724 11725 11735 11734
f 11725 11726 11736 11735
f 11726 11727 11737 11736
f 11727 11728 11738 11737
f 11728 11719 11729 11738
f 11728 11727 11726 11725 11724 11723 11722 11721 11720 11719
f 11729 11730 11731 11732 11733 11734 11735 11736 11737 11738
usemtl tree_crown
f 21 22 23
f 21 23 24
f 21 24 25
f 21 25 26
f 21 26 27
f 21 27 28
f 21 28 29
f 21 29 30
f 21 30 31
f 21 31 22
f 22 32 33 23
f 23 33 34 24
f 24 34 35 25
f 25 35 36 26
f 26 36 37 27
f 27 37 38 28
f 28 38 39 29
f 29 39 40 30
f 30 40 41 31
f 31 41 32 22
f 32 42 43 33
f 33 43 44 34
f 34 44 45 35
f 35 45 46 36
f 36 46 47 37
f 37 47 48 38
f 38 48 49 39
f 39 49 50 40
f 40 50 51 41
f 41 51 42 32
f 42 52 53 43
f 43 53 54 44
f 44 54 55 45
f 45 55 56 46
f 46 56 57 47
f 47 57 58 48
f 48 58 59 49
f 49 59 60 50
f 50 60 61 51
f 51 61 52 42
f 53 52 62
f 54 53 62
f 55 54 62
f 56 55 62
f 57 56 62
f 58 57 62
f 59 58 62
f 60 59 62
f 61 60 62
f 52 61 62
f 83 84 85
f 83 85 86
f 83 86 87
f 83 87 88
f 83 88 89
f 83 89 90
f 83 90 91
f 83 91 92
f 83 92 93
f 83 93 84
f 84 94 95 85
f 85 95 96 86
f 86 96 97 87
f 87 97 98 88
f 88 98 99 89
f 89 99 100 90
f 90 100 101 91
f 91 101 102 92
f 92 102 103 93
f 93 103 94 84
f 94 104 105 95
f 95 105 106 96
f 96 106 107 97
f 97 107 108 98
f 98 108 109 99
f 99 109 110 100
f 100 110 111 101
f 101 111 112 102
f 102 112 113 103
f 103 113 104 94
f 104 114 115 105
f 105 115 116 106
f 106 116 117 107
f 107 117 118 108
f 108 118 119 109
f 109 119 120 110
f 110 120 121 111
f 111 121 122 112
f 112 122 123 113
f 113 123 114 104
f 115 114 124
f 116 115 124
f 117 116 124
f 118 117 124
f 119 118 124
f 120 119 124
f 121 120 124
f 122 121 124
f 123 122 124
f 114 123 124
f 145 146 147
f 145 147 148
f 145 148 149
f 145 149 150
f 145 150 151
f 145 151 152
f 145 152 153
f 145 153 154
f 145 154 155
f 145 155 146
f 146 156 157 147
f 147 157 158 148
f 148 158 159 149
f 149 159 160 150
f 150 160 161 151
f 151 161 162 152
f 152 162 163 153
f 153 163 164 154
f 154 164 165 155
f 155 165 156 146
f 156 166 167 157
f 157 167 168 158
f 158 168 169 159
f 159 169 170 160
f 160 170 171 161
f 161 171 172 162
f 162 172 173 163
f 163 173 174 164
f 164 174 175 165
f 165 175 166 156
f 166 176 177 167
f 167 177 178 168
f 168 178 179 169
f 169 179 180 170
f 170 180 181 171
f 171 181 182 172
f 172 182 183 173
f 173 183 184 174
f 174 184 185 175
f 175 185 176 166
f 177 176 186
f 178 177 186
f 179 178 186
f 180 179 186
f 181 180 186
f 182 181 186
f 183 182 186
f 184 183 186
f 185 184 186
f 176 185 186
f 207 208 209
f 207 209 210
f 207 210 211
f 207 211 212
f 207 212 213
f 207 213 214
f 207 214 215
f 207 215 216
f 207 216 217
f 207 217 208
f 208 218 219 209
f 209 219 220 210
f 210 220 221 211
f 211 221 222 212
f 212 222 223 213
f 213 223 224 214
f 214 224 225 215
f 215 225 226 216
f 216 226 227 217
f 217 227 218 208
f 218 228 229 219
f 219 229 230 220
f 220 230 231 221
f 221 231 232 222
f 222 232 233 223
f 223 233 234 224
f 224 234 235 225
f 225 235 236 226
f 226 236 237 227
f 227 237 228 218
f 228 238 239 229
f 229 239 240 230
f 230 240 241 231
f 231 241 242 232
f 232 242 243 233
f 233 243 244 234
f 234 244 245 235
f 235 245 246 236
f 236 246 247 237
f 237 247 238 228
f 239 238 248
f 240 239 248
f 241 240 248
f 242 241 248
f 243 242 248
f 244 243 248
f 245 244 248
f 246 245 248
f 247 246 248
f 238 247 248
f 269 270 271
f 269 271 272
f 269 272 273
f 269 273 274
f 269 274 275
f 269 275 276
f 269 276 277
f 269 277 278
f 269 278 279
f 269 279 270
f 270 280 281 271
f 271 281 282 272
f 272 282 283 273
f 273 283 284 274
f 274 284 285 275
f 275 285 286 276
f 276 286 287 277
f 277 287 288 278
f 278 288 289 279
f 279 289 280 270
f 280 290 291 281
f 281 291 292 282
f 282 292 293 283
f 283 293 294 284
f 284 294 295 285
f 285 295 296 286
f 286 296 297 287
f 287 297 298 288
f 288 298 299 289
f 289 299 290 280
f 290 300 301 291
f 291 301 302 292
f 292 302 303 293
f 293 303 304 294
f 294 304 305 295
f 295 305 306 296
f 296 306 307 297
f 297 307 308 298
f 298 308 309 299
f 299 309 300 290
f 301 300 310
f 302 301 310
f 303 302 310
f 304 303 310
f 305 304 310
f 306 305 310
f 307 306 310
f 308 307 310
f 309 308 310
f 300 309 310
f 331 332 333
f 331 333 334
f 331 334 335
f 331 335 336
f 331 336 337
f 331 337 338
f 331 338 339
f 331 339 340
f 331 340 341
f 331 341 332
f 332 342 343 333
f 333 343 344 334
f 334 344 345 335
f 335 345 346 336
f 336 346 347 337
f 337 347 348 338
f 338 348 349 339
f 339 349 350 340
f 340 350 351 341
f 341 351 342 332
f 342 352 353 343
f 343 353 354 344
f 344 354 355 345
f 345 355 356 346
f 346 356 357 347
f 347 357 358 348
f 348 358 359 349
f 349 359 360 350
f 350 360 361 351
f 351 361 352 342
f 352 362 363 353
f 353 363 364 354
f 354 364 365 355
f 355 365 366 356
f 356 366 367 357
f 357 367 368 358
f 358 368 369 359
f 359 369 370 360
f 360 370 371 361
f 361 371 362 352
f 363 362 372
f 364 363 372
f 365 364 372
f 366 365 372
f 367 366 372
f 368 367 372
f 369 368 372
f 370 369 372
f 371 370 372
f 362 371 372
f 393 394 395
f 393 395 396
f 393 396 397
f 393 397 398
f 393 398 399
f 393 399 400
f 393 400 401
f 393 401 402
f 393 402 403
f 393 403 394
f 394 404 405 395
f 395 405 406 396
f 396 406 407 397
f 397 407 408 398
f 398 408 409 399
f 399 409 410 400
f 400 410 411 401
f 401 411 412 402
f 402 412 413 403
f 403 413 404 394
f 404 414 415 405
f 405 415 416 406
f 406 416 417 407
f 407 417 418 408
f 408 418 419 409
f 409 419 420 410
f 410 420 421 411
f 411 421 422 412
f 412 422 423 413
f 413 423 414 404
f 414 424 425 415
f 415 425 426 416
f 416 426 427 417
f 417 427 428 418
f 418 428 429 419
f 419 429 430 420
f 420 430 431 421
f 421 431 432 422
f 422 432 433 423
f 423 433 424 414
f 425 424 434
f 426 425 434
f 427 426 434
f 428 427 434
f 429 428 434
f 430 429 434
f 431 430 434
f 432 431 434
f 433 432 434
f 424 433 434
f 455 456 457
f 455 457 458
f 455 458 459
f 455 459 460
f 455 460 461
f 455 461 462
f 455 462 463
f 455 463 464
f 455 464 465
f 455 465 456
f 456 466 467 457
f 457 467 468 458
f 458 468 469 459
f 459 469 470 460
f 460 470 471 461
f 461 471 472 462
f 462 472 473 463
f 463 473 474 464
f 464 474 475 465
f 465 475 466 456
f 466 476 477 467
f 467 477 478 468
f 468 478 479 469
f 469 479 480 470
f 470 480 481 471
f 471 481 482 472
f 472 482 483 473
f 473 483 484 474
f 474 484 485 475
f 475 485 476 466
f 476 486 487 477
f 477 487 488 478
f 478 488 489 479
f 479 489 490 480
f 480 490 491 481
f 481 491 492 482
f 482 492 493 483
f 483 493 494 484
f 484 494 495 485
f 485 495 486 476
f 487 486 496
f 488 487 496
f 489 488 496
f 490 489 496
f 491 490 496
f 492 491 496
f 493 492 496
f 494 493 496
f 495 494 496
f 486 495 496
f 517 518 519
f 517 519 520
f 517 520 521
f 517 521 522
f 517 522 523
f 517 523 524
f 517 524 525
f 517 525 526
f 517 526 527
f 517 527 518
f 518 528 529 519
f 519 529 530 520
f 520 530 531 521
f 521 531 532 522
f 522 532 533 523
f 523 533 534 524
f 524 534 535 525
f 525 535 536 526
f 526 536 537 527
f 527 537 528 518
f 528 538 539 529
f 529 539 540 530
f 530 540 541 531
f 531 541 542 532
f 532 542 543 533
f 533 543 544 534
f 534 544 545 535
f 535 545 546 536
f 536 546 547 537
f 537 547 538 528
f 538 548 549 539
f 539 549 550 540
f 540 550 551 541
f 541 551 552 542
f 542 552 553 543
f 543 553 554 544
f 544 554 555 545
f 545 555 556 546
f 546 556 557 547
f 547 557 548 538
f 549 548 558
f 550 549 558
f 551 550 558
f 552 551 558
f 553 552 558
f 554 553 558
f 555 554 558
f 556 555 558
f 557 556 558
f 548 557 558
f 579 580 581
f 579 581 582
f 579 582 583
f 579 583 584
f 579 584 585
f 579 585 586
f 579 586 587
f 579 587 588
f 579 588 589
f 579 589 580
f 580 590 591 581
f 581 591 592 582
f 582 592 593 583
f 583 593 594 584
f 584 594 595 585
f 585 595 596 586
f 586 596 597 587
f 587 597 598 588
f 588 598 599 589
f 589 599 590 580
f 590 600 601 591
f 591 601 602 592
f 592 602 603 593
f 593 603 604 594
f 594 604 605 595
f 595 605 606 596
f 596 606 607 597
f 597 607 608 598
f 598 608 609 599
f 599 609 600 590
f 600 610 611 601
f 601 611 612 602
f 602 612 613 603
f 603 613 614 604
f 604 614 615 605
f 605 615 616 606
f 606 616 617 607
f 607 617 618 608
f 608 618 619 609
f 609 619 610 600
f 611 610 620
f 612 611 620
f 613 612 620
f 614 613 620
f 615 614 620
f 616 615 620
f 617 616 620
f 618 617 620
f 619 618 620
f 610 619 620
f 641 642 643
f 641 643 644
f 641 644 645
f 641 645 646
f 641 646 647
f 641 647 648
f 641 648 649
f 641 649 650
f 641 650 651
f 641 651 642
f 642 652 653 643
f 643 653 654 644
f 644 654 655 645
f 645 655 656 646
f 646 656 657 647
f 647 657 658 648
f 648 658 659 649
f 649 659 660 650
f 650 660 661 651
f 651 661 652 642
f 652 662 663 653
f 653 663 664 654
f 654 664 665 655
f 655 665 666 656
f 656 666 667 657
f 657 667 668 658
f 658 668 669 659
f 659 669 670 660
f 660 670 671 661
f 661 671 662 652
f 662 672 673 663
f 663 673 674 664
f 664 674 675 665
f 665 675 676 666
f 666 676 677 667
f 667 677 678 668
f 668 678 679 669
f 669 679 680 670
f 670 680 681 671
f 671 681 672 662
f 673 672 682
f 674 673 682
f 675 674 682
f 676 675 682
f 677 676 682
f 678 677 682
f 679 678 682
f 680 679 682
f 681 680 682
f 672 681 682
f 703 704 705
f 703 705 706
f 703 706 707
f 703 707 708
f 703 708 709
f 703 709 710
f 703 710 711
f 703 711 712
f 703 712 713
f 703 713 704
f 704 714 715 705
f 705 715 716 706
f 706 716 717 707
f 707 717 718 708
f 708 718 719 709
f 709 719 720 710
f 710 720 721 711
f 711 721 722 712
f 712 722 723 713
f 713 723 714 704
f 714 724 725 715
f 715 725 726 716
f 716 726 727 717
f 717 727 728 718
f 718 728 729 719
f 719 729 730 720
f 720 730 731 721
f 721 731 732 722
f 722 732 733 723
f 723 733 724 714
f 724 734 735 725
f 725 735 736 726
f 726 736 737 727
f 727 737 738 728
f 728 738 739 729
f 729 739 740 730
f 730 740 741 731
f 731 741 742 732
f 732 742 743 733
f 733 743 734 724
f 735 734 744
f 736 735 744
f 737 736 744
f 738 737 744
f 739 738 744
f 740 739 744
f 741 740 744
f 742 741 744
f 743 742 744
f 734 743 744
f 765 766 767
f 765 767 768
f 765 768 769
f 765 769 770
f 765 770 771
f 765 771 772
f 765 772 773
f 765 773 774
f 765 774 775
f 765 775 766
f 766 776 777 767
f 767 777 778 768
f 768 778 779 769
f 769 779 780 770
f 770 780 781 771
f 771 781 782 772
f 772 782 783 773
f 773 783 784 774
f 774 784 785 775
f 775 785 776 766
f 776 786 787 777
f 777 787 788 778
f 778 788 789 779
f 779 789 790 780
f 780 790 791 781
f 781 791 792 782
f 782 792 793 783
f 783 793 794 784
f 784 794 795 785
f 785 795 786 776
f 786 796 797 787
f 787 797 798 788
f 788 798 799 789
f 789 799 800 790
f 790 800 801 791
f 791 801 802 792
f 792 802 803 793
f 793 803 804 794
f 794 804 805 795
f 795 805 796 786
f 797 796 806
f 798 797 806
f 799 798 806
f 800 799 806
f 801 800 806
f 802 801 806
f 803 802 806
f 804 803 806
f 805 804 806
f 796 805 806
f 827 828 829
f 827 829 830
f 827 830 831
f 827 831 832
f 827 832 833
f 827 833 834
f 827 834 835
f 827 835 836
f 827 836 837
f 827 837 828
f 828 838 839 829
f 829 839 840 830
f 830 840 841 831
f 831 841 842 832
f 832 842 843 833
f 833 843 844 834
f 834 844 845 835
f 835 845 846 836
f 836 846 847 837
f 837 847 838 828
f 838 848 849 839
f 839 849 850 840
f 840 850 851 841
f 841 851 852 842
f 842 852 853 843
f 843 853 854 844
f 844 854 855 845
f 845 855 856 846
f 846 856 857 847
f 847 857 848 838
f 848 858 859 849
f 849 859 860 850
f 850 860 861 851
f 851 861 862 852
f 852 862 863 853
f 853 863 864 854
f 854 864 865 855
f 855 865 866 856
f 856 866 867 857
f 857 867 858 848
f 859 858 868
f 860 859 868
f 861 860 868
f 862 861 868
f 863 862 868
f 864 863 868
f 865 864 868
f 866 865 868
f 867 866 868
f 858 867 868
f 889 890 891
f 889 891 892
f 889 892 893
f 889 893 894
f 889 894 895
f 889 895 896
f 889 896 897
f 889 897 898
f 889 898 899
f 889 899 890
f 890 900 901 891
f 891 901 902 892
f 892 902 903 893
f 893 903 904 894
f 894 904 905 895
f 895 905 906 896
f 896 906 907 897
f 897 907 908 898
f 898 908 909 899
f 899 909 900 890
f 900 910 911 901
f 901 911 912 902
f 902 912 913 903
f 903 913 914 904
f 904 914 915 905
f 905 915 916 906
f 906 916 917 907
f 907 917 918 908
f 908 918 919 909
f 909 919 910 900
f 910 920 921 911
f 911 921 922 912
f 912 922 923 913
f 913 923 924 914
f 914 924 925 915
f 915 925 926 916
f 916 926 927 917
f 917 927 928 918
f 918 928 929 919
f 919 929 920 910
f 921 920 930
f 922 921 930
f 923 922 930
f 924 923 930
f 925 924 930
f 926 925 930
f 927 926 930
f 928 927 930
f 929 928 930
f 920 929 930
f 951 952 953
f 951 953 954
f 951 954 955
f 951 955 956
f 951 956 957
f 951 957 958
f 951 958 959
f 951 959 960
f 951 960 961
f 951 961 952
f 952 962 963 953
f 953 963 964 954
f 954 964 965 955
f 955 965 966 956
f 956 966 967 957
f 957 967 968 958
f 958 968 969 959
f 959 969 970 960
f 960 970 971 961
f 961 971 962 952
f 962 972 973 963
f 963 973 974 964
f 964 974 975 965
f 965 975 976 966
f 966 976 977 967
f 967 977 978 968
f 968 978 979 969
f 969 979 980 970
f 970 980 981 971
f 971 981 972 962
f 972 982 983 973
f 973 983 984 974
f 974 984 985 975
f 975 985 986 976
f 976 986 987 977
f 977 987 988 978
f 978 988 989 979
f 979 989 990 980
f 980 990 991 981
f 981 991 982 972
f 983 982 992
f 984 983 992
f 985 984 992
f 986 985 992
f 987 986 992
f 988 987 992
f 989 988 992
f 990 989 992
f 991 990 992
f 982 991 992
f 1013 1014 1015
f 1013 1015 1016
f 1013 1016 1017
f 1013 1017 1018
f 1013 1018 1019
f 1013 1019 1020
f 1013 1020 1021
f 1013 1021 1022
f 1013 1022 1023
f 1013 1023 1014
f 1014 1024 1025 1015
f 1015 1025 1026 1016
f 1016 1026 1027 1017
f 1017 1027 1028 1018
f 1018 1028 1029 1019
f 1019 1029 1030 1020
f 1020 1030 1031 1021
f 1021 1031 1032 1022
f 1022 1032 1033 1023
f 1023 1033 1024 1014
f 1024 1034 1035 1025
f 1025 1035 1036 1026
f 1026 1036 1037 1027
f 1027 1037 1038 1028
f 1028 1038 1039 1029
f 1029 1039 1040 1030
f 1030 1040 1041 1031
f 1031 1041 1042 1032
f 1032 1042 1043 1033
f 1033 1043 1034 1024
f 1034 1044 1045 1035
f 1035 1045 1046 1036
f 1036 1046 1047 1037
f 1037 1047 1048 1038
f 1038 1048 1049 1039
f 1039 1049 1050 1040
f 1040 1050 1051 1041
f 1041 1051 1052 1042
f 1042 1052 1053 1043
f 1043 1053 1044 1034
f 1045 1044 1054
f 1046 1045 1054
f 1047 1046 1054
f 1048 1047 1054
f 1049 1048 1054
f 1050 1049 1054
f 1051 1050 1054
f 1052 1051 1054
f 1053 1052 1054
f 1044 1053 1054
f 1075 1076 1077
f 1075 1077 1078
f 1075 1078 1079
f 1075 1079 1080
f 1075 1080 1081
f 1075 1081 1082
f 1075 1082 1083
f 1075 1083 1084
f 1075 1084 1085
f 1075 1085 1076
f 1076 1086 1087 1077
f 1077 1087 1088 1078
f 1078 1088 1089 1079
f 1079 1089 1090 1080
f 1080 1090 1091 1081
f 1081 1091 1092 1082
f 1082 1092 1093 1083
f 1083 1093 1094 1084
f 1084 1094 1095 1085
f 1085 1095 1086 1076
f 1086 1096 1097 1087
f 1087 1097 1098 1088
f 1088 1098 1099 1089
f 1089 1099 1100 1090
f 1090 1100 1101 1091
f 1091 1101 1102 1092
f 1092 1102 1103 1093
f 1093 1103 1104 1094
f 1094 1104 1105 1095
f 1095 1105 1096 1086
f 1096 1106 1107 1097
f 1097 1107 1108 1098
f 1098 1108 1109 1099
f 1099 1109 1110 1100
f 1100 1110 1111 1101
f 1101 1111 1112 1102
f 1102 1112 1113 1103
f 1103 1113 1114 1104
f 1104 1114 1115 1105
f 1105 1115 1106 1096
f 1107 1106 1116
f 1108 1107 1116
f 1109 1108 1116
f 1110 1109 1116
f 1111 1110 1116
f 1112 1111 1116
f 1113 1112 1116
f 1114 1113 1116
f 1115 1114 1116
f 1106 1115 1116
f 1137 1138 1139
f 1137 1139 1140
f 1137 1140 1141
f 1137 1141 1142
f 1137 1142 1143
f 1137 1143 1144
f 1137 1144 1145
f 1137 1145 1146
f 1137 1146 1147
f 1137 1147 1138
f 1138 1148 1149 1139
f 1139 1149 1150 1140
f 1140 1150 1151 1141
f 1141 1151 1152 1142
f 1142 1152 1153 1143
f 1143 1153 1154 1144
f 1144 1154 1155 1145
f 1145 1155 1156 1146
f 1146 1156 1157 1147
f 1147 1157 1148 1138
f 1148 1158 1159 1149
f 1149 1159 1160 1150
f 1150 1160 1161 1151
f 1151 1161 1162 1152
f 1152 1162 1163 1153
f 1153 1163 1164 1154
f 1154 1164 1165 1155
f 1155 1165 1166 1156
f 1156 1166 1167 1157
f 1157 1167 1158 1148
f 1158 1168 1169 1159
f 1159 1169 1170 1160
f 1160 1170 1171 1161
f 1161 1171 1172 1162
f 1162 1172 1173 1163
f 1163 1173 1174 1164
f 1164 1174 1175 1165
f 1165 1175 1176 1166
f 1166 1176 1177 1167
f 1167 1177 1168 1158
f 1169 1168 1178
f 1170 1169 1178
f 1171 1170 1178
f 1172 1171 1178
f 1173 1172 1178
f 1174 1173 1178
f 1175 1174 1178
f 1176 1175 1178
f 1177 1176 1178
f 1168 1177 1178
f 1199 1200 1201
f 1199 1201 1202
f 1199 1202 1203
f 1199 1203 1204
f 1199 1204 1205
f 1199 1205 1206
f 1199 1206 1207
f 1199 1207 1208
f 1199 1208 1209
f 1199 1209 1200
f 1200 1210 1211 1201
f 1201 1211 1212 1202
f 1202 1212 1213 1203
f 1203 1213 1214 1204
f 1204 1214 1215 1205
f 1205 1215 1216 1206
f 1206 1216 1217 1207
f 1207 1217 1218 1208
f 1208 1218 1219 1209
f 1209 1219 1210 1200
f 1210 1220 1221 1211
f 1211 1221 1222 1212
f 1212 1222 1223 1213
f 1213 1223 1224 1214
f 1214 1224 1225 1215
f 1215 1225 1226 1216
f 1216 1226 1227 1217
f 1217 1227 1228 1218
f 1218 1228 1229 1219
f 1219 1229 1220 1210
f 1220 1230 1231 1221
f 1221 1231 1232 1222
f 1222 1232 1233 1223
f 1223 1233 1234 1224
f 1224 1234 1235 1225
f 1225 1235 1236 1226
f 1226 1236 1237 1227
f 1227 1237 1238 1228
f 1228 1238 1239 1229
f 1229 1239 1230 1220
f 1231 1230 1240
f 1232 1231 1240
f 1233 1232 1240
f 1234 1233 1240
f 1235 1234 1240
f 1236 1235 1240
f 1237 1236 1240
f 1238 1237 1240
f 1239 1238 1240
f 1230 1239 1240
f 1261 1262 1263
f 1261 1263 1264
f 1261 1264 1265
f 1261 1265 1266
f 1261 1266 1267
f 1261 1267 1268
f 1261 1268 1269
f 1261 1269 1270
f 1261 1270 1271
f 1261 1271 1262
f 1262 1272 1273 1263
f 1263 1273 1274 1264
f 1264 1274 1275 1265
f 1265 1275 1276 1266
f 1266 1276 1277 1267
f 1267 1277 1278 1268
f 1268 1278 1279 1269
f 1269 1279 1280 1270
f 1270 1280 1281 1271
f 1271 1281 1272 1262
f 1272 1282 1283 1273
f 1273 1283 1284 1274
f 1274 1284 1285 1275
f 1275 1285 1286 1276
f 1276 1286 1287 1277
f 1277 1287 1288 1278
f 1278 1288 1289 1279
f 1279 1289 1290 1280
f 1280 1290 1291 1281
f 1281 1291 1282 1272
f 1282 1292 1293 1283
f 1283 1293 1294 1284
f 1284 1294 1295 1285
f 1285 1295 1296 1286
f 1286 1296 1297 1287
f 1287 1297 1298 1288
f 1288 1298 1299 1289
f 1289 1299 1300 1290
f 1290 1300 1301 1291
f 1291 1301 1292 1282
f 1293 1292 1302
f 1294 1293 1302
f 1295 1294 1302
f 1296 1295 1302
f 1297 1296 1302
f 1298 1297 1302
f 1299 1298 1302
f 1300 1299 1302
f 1301 1300 1302
f 1292 1301 1302
f 1323 1324 1325
f 1323 1325 1326
f 1323 1326 1327
f 1323 1327 1328
f 1323 1328 1329
f 1323 1329 1330
f 1323 1330 1331
f 1323 1331 1332
f 1323 1332 1333
f 1323 1333 1324
f 1324 1334 1335 1325
f 1325 1335 1336 1326
f 1326 1336 1337 1327
f 1327 1337 1338 1328
f 1328 1338 1339 1329
f 1329 1339 1340 1330
f 1330 1340 1341 1331
f 1331 1341 1342 1332
f 1332 1342 1343 1333
f 1333 1343 1334 1324
f 1334 1344 1345 1335
f 1335 1345 1346 1336
f 1336 1346 1347 1337
f 1337 1347 1348 1338
f 1338 1348 1349 1339
f 1339 1349 1350 1340
f 1340 1350 1351 1341
f 1341 1351 1352 1342
f 1342 1352 1353 1343
f 1343 1353 1344 1334
f 1344 1354 1355 1345
f 1345 1355 1356 1346
f 1346 1356 1357 1347
f 1347 1357 1358 1348
f 1348 1358 1359 1349
f 1349 1359 1360 1350
f 1350 1360 1361 1351
f 1351 1361 1362 1352
f 1352 1362 1363 1353
f 1353 1363 1354 1344
f 1355 1354 1364
f 1356 1355 1364
f 1357 1356 1364
f 1358 1357 1364
f 1359 1358 1364
f 1360 1359 1364
f 1361 1360 1364
f 1362 1361 1364
f 1363 1362 1364
f 1354 1363 1364
f 1385 1386 1387
f 1385 1387 1388
f 1385 1388 1389
f 1385 1389 1390
f 1385 1390 1391
f 1385 1391 1392
f 1385 1392 1393
f 1385 1393 1394
f 1385 1394 1395
f 1385 1395 1386
f 1386 1396 1397 1387
f 1387 1397 1398 1388
f 1388 1398 1399 1389
f 1389 1399 1400 1390
f 1390 1400 1401 1391
f 1391 1401 1402 1392
f 1392 1402 1403 1393
f 1393 1403 1404 1394
f 1394 1404 1405 1395
f 1395 1405 1396 1386
f 1396 1406 1407 1397
f 1397 1407 1408 1398
f 1398 1408 1409 1399
f 1399 1409 1410 1400
f 1400 1410 1411 1401
f 1401 1411 1412 1402
f 1402 1412 1413 1403
f 1403 1413 1414 1404
f 1404 1414 1415 1405
f 1405 1415 1406 1396
f 1406 1416 1417 1407
f 1407 1417 1418 1408
f 1408 1418 1419 1409
f 1409 1419 1420 1410
f 1410 1420 1421 1411
f 1411 1421 1422 1412
f 1412 1422 1423 1413
f 1413 1423 1424 1414
f 1414 1424 1425 1415
f 1415 1425 1416 1406
f 1417 1416 1426
f 1418 1417 1426
f 1419 1418 1426
f 1420 1419 1426
f 1421 1420 1426
f 1422 1421 1426
f 1423 1422 1426
f 1424 1423 1426
f 1425 1424 1426
f 1416 1425 1426
f 1447 1448 1449
f 1447 1449 1450
f 1447 1450 1451
f 1447 1451 1452
f 1447 1452 1453
f 1447 1453 1454
f 1447 1454 1455
f 1447 1455 1456
f 1447 1456 1457
f 1447 1457 1448
f 1448 1458 1459 1449
f 1449 1459 1460 1450
f 1450 1460 1461 1451
f 1451 1461 1462 1452
f 1452 1462 1463 1453
f 1453 1463 1464 1454
f 1454 1464 1465 1455
f 1455 1465 1466 1456
f 1456 1466 1467 1457
f 1457 1467 1458 1448
f 1458 1468 1469 1459
f 1459 1469 1470 1460
f 1460 1470 1471 1461
f 1461 1471 1472 1462
f 1462 1472 1473 1463
f 1463 1473 1474 1464
f 1464 1474 1475 1465
f 1465 1475 1476 1466
f 1466 1476 1477 1467
f 1467 1477 1468 1458
f 1468 1478 1479 1469
f 1469 1479 1480 1470
f 1470 1480 1481 1471
f 1471 1481 1482 1472
f 1472 1482 1483 1473
f 1473 1483 1484 1474
f 1474 1484 1485 1475
f 1475 1485 1486 1476
f 1476 1486 1487 1477
f 1477 1487 1478 1468
f 1479 1478 1488
f 1480 1479 1488
f 1481 1480 1488
f 1482 1481 1488
f 1483 1482 1488
f 1484 1483 1488
f 1485 1484 1488
f 1486 1485 1488
f 1487 1486 1488
f 1478 1487 1488
f 1509 1510 1511
f 1509 1511 1512
f 1509 1512 1513
f 1509 1513 1514
f 1509 1514 1515
f 1509 1515 1516
f 1509 1516 1517
f 1509 1517 1518
f 1509 1518 1519
f 1509 1519 1510
f 1510 1520 1521 1511
f 1511 1521 1522 1512
f 1512 1522 1523 1513
f 1513 1523 1524 1514
f 1514 1524 1525 1515
f 1515 1525 1526 1516
f 1516 1526 1527 1517
f 1517 1527 1528 1518
f 1518 1528 1529 1519
f 1519 1529 1520 1510
f 1520 1530 1531 1521
f 1521 1531 1532 1522
f 1522 1532 1533 1523
f 1523 1533 1534 1524
f 1524 1534 1535 1525
f 1525 1535 1536 1526
f 1526 1536 1537 1527
f 1527 1537 1538 1528
f 1528 1538 1539 1529
f 1529 1539 1530 1520
f 1530 1540 1541 1531
f 1531 1541 1542 1532
f 1532 1542 1543 1533
f 1533 1543 1544 1534
f 1534 1544 1545 1535
f 1535 1545 1546 1536
f 1536 1546 1547 1537
f 1537 1547 1548 1538
f 1538 1548 1549 1539
f 1539 1549 1540 1530
f 1541 1540 1550
f 1542 1541 1550
f 1543 1542 1550
f 1544 1543 1550
f 1545 1544 1550
f 1546 1545 1550
f 1547 1546 1550
f 1548 1547 1550
f 1549 1548 1550
f 1540 1549 1550
f 1571 1572 1573
f 1571 1573 1574
f 1571 1574 1575
f 1571 1575 1576
f 1571 1576 1577
f 1571 1577 1578
f 1571 1578 1579
f 1571 1579 1580
f 1571 1580 1581
f 1571 1581 1572
f 1572 1582 1583 1573
f 1573 1583 1584 1574
f 1574 1584 1585 1575
f 1575 1585 1586 1576
f 1576 1586 1587 1577
f 1577 1587 1588 1578
f 1578 1588 1589 1579
f 1579 1589 1590 1580
f 1580 1590 1591 1581
f 1581 1591 1582 1572
f 1582 1592 1593 1583
f 1583 1593 1594 1584
f 1584 1594 1595 1585
f 1585 1595 1596 1586
f 1586 1596 1597 1587
f 1587 1597 1598 1588
f 1588 1598 1599 1589
f 1589 1599 1600 1590
f 1590 1600 1601 1591
f 1591 1601 1592 1582
f 1592 1602 1603 1593
f 1593 1603 1604 1594
f 1594 1604 1605 1595
f 1595 1605 1606 1596
f 1596 1606 1607 1597
f 1597 1607 1608 1598
f 1598 1608 1609 1599
f 1599 1609 1610 1600
f 1600 1610 1611 1601
f 1601 1611 1602 1592
f 1603 1602 1612
f 1604 1603 1612
f 1605 1604 1612
f 1606 1605 1612
f 1607 1606 1612
f 1608 1607 1612
f 1609 1608 1612
f 1610 1609 1612
f 1611 1610 1612
f 1602 1611 1612
f 1633 1634 1635
f 1633 1635 1636
f 1633 1636 1637
f 1633 1637 1638
f 1633 1638 1639
f 1633 1639 1640
f 1633 1640 1641
f 1633 1641 1642
f 1633 1642 1643
f 1633 1643 1634
f 1634 1644 1645 1635
f 1635 1645 1646 1636
f 1636 1646 1647 1637
f 1637 1647 1648 1638
f 1638 1648 1649 1639
f 1639 1649 1650 1640
f 1640 1650 1651 1641
f 1641 1651 1652 1642
f 1642 1652 1653 1643
f 1643 1653 1644 1634
f 1644 1654 1655 1645
f 1645 1655 1656 1646
f 1646 1656 1657 1647
f 1647 1657 1658 1648
f 1648 1658 1659 1649
f 1649 1659 1660 1650
f 1650 1660 1661 1651
f 1651 1661 1662 1652
f 1652 1662 1663 1653
f 1653 1663 1654 1644
f 1654 1664 1665 1655
f 1655 1665 1666 1656
f 1656 1666 1667 1657
f 1657 1667 1668 1658
f 1658 1668 1669 1659
f 1659 1669 1670 1660
f 1660 1670 1671 1661
f 1661 1671 1672 1662
f 1662 1672 1673 1663
f 1663 1673 1664 1654
f 1665 1664 1674
f 1666 1665 1674
f 1667 1666 1674
f 1668 1667 1674
f 1669 1668 1674
f 1670 1669 1674
f 1671 1670 1674
f 1672 1671 1674
f 1673 1672 1674
f 1664 1673 1674
f 1695 1696 1697
f 1695 1697 1698
f 1695 1698 1699
f 1695 1699 1700
f 1695 1700 1701
f 1695 1701 1702
f 1695 1702 1703
f 1695 1703 1704
f 1695 1704 1705
f 1695 1705 1696
f 1696 1706 1707 1697
f 1697 1707 1708 1698
f 1698 1708 1709 1699
f 1699 1709 1710 1700
f 1700 1710 1711 1701
f 1701 1711 1712 1702
f 1702 1712 1713 1703
f 1703 1713 1714 1704
f 1704 1714 1715 1705
f 1705 1715 1706 1696
f 1706 1716 1717 1707
f 1707 1717 1718 1708
f 1708 1718 1719 1709
f 1709 1719 1720 1710
f 1710 1720 1721 1711
f 1711 1721 1722 1712
f 1712 1722 1723 1713
f 1713 1723 1724 1714
f 1714 1724 1725 1715
f 1715 1725 1716 1706
f 1716 1726 1727 1717
f 1717 1727 1728 1718
f 1718 1728 1729 1719
f 1719 1729 1730 1720
f 1720 1730 1731 1721
f 1721 1731 1732 1722
f 1722 1732 1733 1723
f 1723 1733 1734 1724
f 1724 1734 1735 1725
f 1725 1735 1726 1716
f 1727 1726 1736
f 1728 1727 1736
f 1729 1728 1736
f 1730 1729 1736
f 1731 1730 1736
f 1732 1731 1736
f 1733 1732 1736
f 1734 1733 1736
f 1735 1734 1736
f 1726 1735 1736
f 1757 1758 1759
f 1757 1759 1760
f 1757 1760 1761
f 1757 1761 1762
f 1757 1762 1763
f 1757 1763 1764
f 1757 1764 1765
f 1757 1765 1766
f 1757 1766 1767
f 1757 1767 1758
f 1758 1768 1769 1759
f 1759 1769 1770 1760
f 1760 1770 1771 1761
f 1761 1771 1772 1762
f 1762 1772 1773 1763
f 1763 1773 1774 1764
f 1764 1774 1775 1765
f 1765 1775 1776 1766
f 1766 1776 1777 1767
f 1767 1777 1768 1758
f 1768 1778 1779 1769
f 1769 1779 1780 1770
f 1770 1780 1781 1771
f 1771 1781 1782 1772
f 1772 1782 1783 1773
f 1773 1783 1784 1774
f 1774 1784 1785 1775
f 1775 1785 1786 1776
f 1776 1786 1787 1777
f 1777 1787 1778 1768
f 1778 1788 1789 1779
f 1779 1789 1790 1780
f 1780 1790 1791 1781
f 1781 1791 1792 1782
f 1782 1792 1793 1783
f 1783 1793 1794 1784
f 1784 1794 1795 1785
f 1785 1795 1796 1786
f 1786 1796 1797 1787
f 1787 1797 1788 1778
f 1789 1788 1798
f 1790 1789 1798
f 1791 1790 1798
f 1792 1791 1798
f 1793 1792 1798
f 1794 1793 1798
f 1795 1794 1798
f 1796 1795 1798
f 1797 1796 1798
f 1788 1797 1798
f 1819 1820 1821
f 1819 1821 1822
f 1819 1822 1823
f 1819 1823 1824
f 1819 1824 1825
f 1819 1825 1826
f 1819 1826 1827
f 1819 1827 1828
f 1819 1828 1829
f 1819 1829 1820
f 1820 1830 1831 1821
f 1821 1831 1832 1822
f 1822 1832 1833 1823
f 1823 1833 1834 1824
f 1824 1834 1835 1825
f 1825 1835 1836 1826
f 1826 1836 1837 1827
f 1827 1837 1838 1828
f 1828 1838 1839 1829
f 1829 1839 1830 1820
f 1830 1840 1841 1831
f 1831 1841 1842 1832
f 1832 1842 1843 1833
f 1833 1843 1844 1834
f 1834 1844 1845 1835
f 1835 1845 1846 1836
f 1836 1846 1847 1837
f 1837 1847 1848 1838
f 1838 1848 1849 1839
f 1839 1849 1840 1830
f 1840 1850 1851 1841
f 1841 1851 1852 1842
f 1842 1852 1853 1843
f 1843 1853 1854 1844
f 1844 1854 1855 1845
f 1845 1855 1856 1846
f 1846 1856 1857 1847
f 1847 1857 1858 1848
f 1848 1858 1859 1849
f 1849 1859 1850 1840
f 1851 1850 1860
f 1852 1851 1860
f 1853 1852 1860
f 1854 1853 1860
f 1855 1854 1860
f 1856 1855 1860
f 1857 1856 1860
f 1858 1857 1860
f 1859 1858 1860
f 1850 1859 1860
f 1881 1882 1883
f 1881 1883 1884
f 1881 1884 1885
f 1881 1885 1886
f 1881 1886 1887
f 1881 1887 1888
f 1881 1888 1889
f 1881 1889 1890
f 1881 1890 1891
f 1881 1891 1882
f 1882 1892 1893 1883
f 1883 1893 1894 1884
f 1884 1894 1895 1885
f 1885 1895 1896 1886
f 1886 1896 1897 1887
f 1887 1897 1898 1888
f 1888 1898 1899 1889
f 1889 1899 1900 1890
f 1890 1900 1901 1891
f 1891 1901 1892 1882
f 1892 1902 1903 1893
f 1893 1903 1904 1894
f 1894 1904 1905 1895
f 1895 1905 1906 1896
f 1896 1906 1907 1897
f 1897 1907 1908 1898
f 1898 1908 1909 1899
f 1899 1909 1910 1900
f 1900 1910 1911 1901
f 1901 1911 1902 1892
f 1902 1912 1913 1903
f 1903 1913 1914 1904
f 1904 1914 1915 1905
f 1905 1915 1916 1906
f 1906 1916 1917 1907
f 1907 1917 1918 1908
f 1908 1918 1919 1909
f 1909 1919 1920 1910
f 1910 1920 1921 1911
f 1911 1921 1912 1902
f 1913 1912 1922
f 1914 1913 1922
f 1915 1914 1922
f 1916 1915 1922
f 1917 1916 1922
f 1918 1917 1922
f 1919 1918 1922
f 1920 1919 1922
f 1921 1920 1922
f 1912 1921 1922
f 1943 1944 1945
f 1943 1945 1946
f 1943 1946 1947
f 1943 1947 1948
f 1943 1948 1949
f 1943 1949 1950
f 1943 1950 1951
f 1943 1951 1952
f 1943 1952 1953
f 1943 1953 1944
f 1944 1954 1955 1945
f 1945 1955 1956 1946
f 1946 1956 1957 1947
f 1947 1957 1958 1948
f 1948 1958 1959 1949
f 1949 1959 1960 1950
f 1950 1960 1961 1951
f 1951 1961 1962 1952
f 1952 1962 1963 1953
f 1953 1963 1954 1944
f 1954 1964 1965 1955
f 1955 1965 1966 1956
f 1956 1966 1967 1957
f 1957 1967 1968 1958
f 1958 1968 1969 1959
f 1959 1969 1970 1960
f 1960 1970 1971 1961
f 1961 1971 1972 1962
f 1962 1972 1973 1963
f 1963 1973 1964 1954
f 1964 1974 1975 1965
f 1965 1975 1976 1966
f 1966 1976 1977 1967
f 1967 1977 1978 1968
f 1968 1978 1979 1969
f 1969 1979 1980 1970
f 1970 1980 1981 1971
f 1971 1981 1982 1972
f 1972 1982 1983 1973
f 1973 1983 1974 1964
f 1975 1974 1984
f 1976 1975 1984
f 1977 1976 1984
f 1978 1977 1984
f 1979 1978 1984
f 1980 1979 1984
f 1981 1980 1984
f 1982 1981 1984
f 1983 1982 1984
f 1974 1983 1984
f 2005 2006 2007
f 2005 2007 2008
f 2005 2008 2009
f 2005 2009 2010
f 2005 2010 2011
f 2005 2011 2012
f 2005 2012 2013
f 2005 2013 2014
f 2005 2014 2015
f 2005 2015 2006
f 2006 2016 2017 2007
f 2007 2017 2018 2008
f 2008 2018 2019 2009
f 2009 2019 2020 2010
f 2010 2020 2021 2011
f 2011 2021 2022 2012
f 2012 2022 2023 2013
f 2013 2023 2024 2014
f 2014 2024 2025 2015
f 2015 2025 2016 2006
f 2016 2026 2027 2017
f 2017 2027 2028 2018
f 2018 2028 2029 2019
f 2019 2029 2030 2020
f 2020 2030 2031 2021
f 2021 2031 2032 2022
f 2022 2032 2033 2023
f 2023 2033 2034 2024
f 2024 2034 2035 2025
f 2025 2035 2026 2016
f 2026 2036 2037 2027
f 2027 2037 2038 2028
f 2028 2038 2039 2029
f 2029 2039 2040 2030
f 2030 2040 2041 2031
f 2031 2041 2042 2032
f 2032 2042 2043 2033
f 2033 2043 2044 2034
f 2034 2044 2045 2035
f 2035 2045 2036 2026
f 2037 2036 2046
f 2038 2037 2046
f 2039 2038 2046
f 2040 2039 2046
f 2041 2040 2046
f 2042 2041 2046
f 2043 2042 2046
f 2044 2043 2046
f 2045 2044 2046
f 2036 2045 2046
f 2067 2068 2069
f 2067 2069 2070
f 2067 2070 2071
f 2067 2071 2072
f 2067 2072 2073
f 2067 2073 2074
f 2067 2074 2075
f 2067 2075 2076
f 2067 2076 2077
f 2067 2077 2068
f 2068 2078 2079 2069
f 2069 2079 2080 2070
f 2070 2080 2081 2071
f 2071 2081 2082 2072
f 2072 2082 2083 2073
f 2073 2083 2084 2074
f 2074 2084 2085 2075
f 2075 2085 2086 2076
f 2076 2086 2087 2077
f 2077 2087 2078 2068
f 2078 2088 2089 2079
f 2079 2089 2090 2080
f 2080 2090 2091 2081
f 2081 2091 2092 2082
f 2082 2092 2093 2083
f 2083 2093 2094 2084
f 2084 2094 2095 2085
f 2085 2095 2096 2086
f 2086 2096 2097 2087
f 2087 2097 2088 2078
f 2088 2098 2099 2089
f 2089 2099 2100 2090
f 2090 2100 2101 2091
f 2091 2101 2102 2092
f 2092 2102 2103 2093
f 2093 2103 2104 2094
f 2094 2104 2105 2095
f 2095 2105 2106 2096
f 2096 2106 2107 2097
f 2097 2107 2098 2088
f 2099 2098 2108
f 2100 2099 2108
f 2101 2100 2108
f 2102 2101 2108
f 2103 2102 2108
f 2104 2103 2108
f 2105 2104 2108
f 2106 2105 2108
f 2107 2106 2108
f 2098 2107 2108
f 2129 2130 2131
f 2129 2131 2132
f 2129 2132 2133
f 2129 2133 2134
f 2129 2134 2135
f 2129 2135 2136
f 2129 2136 2137
f 2129 2137 2138
f 2129 2138 2139
f 2129 2139 2130
f 2130 2140 2141 2131
f 2131 2141 2142 2132
f 2132 2142 2143 2133
f 2133 2143 2144 2134
f 2134 2144 2145 2135
f 2135 2145 2146 2136
f 2136 2146 2147 2137
f 2137 2147 2148 2138
f 2138 2148 2149 2139
f 2139 2149 2140 2130
f 2140 2150 2151 2141
f 2141 2151 2152 2142
f 2142 2152 2153 2143
f 2143 2153 2154 2144
f 2144 2154 2155 2145
f 2145 2155 2156 2146
f 2146 2156 2157 2147
f 2147 2157 2158 2148
f 2148 2158 2159 2149
f 2149 2159 2150 2140
f 2150 2160 2161 2151
f 2151 2161 2162 2152
f 2152 2162 2163 2153
f 2153 2163 2164 2154
f 2154 2164 2165 2155
f 2155 2165 2166 2156
f 2156 2166 2167 2157
f 2157 2167 2168 2158
f 2158 2168 2169 2159
f 2159 2169 2160 2150
f 2161 2160 2170
f 2162 2161 2170
f 2163 2162 2170
f 2164 2163 2170
f 2165 2164 2170
f 2166 2165 2170
f 2167 2166 2170
f 2168 2167 2170
f 2169 2168 2170
f 2160 2169 2170
f 2191 2192 2193
f 2191 2193 2194
f 2191 2194 2195
f 2191 2195 2196
f 2191 2196 2197
f 2191 2197 2198
f 2191 2198 2199
f 2191 2199 2200
f 2191 2200 2201
f 2191 2201 2192
f 2192 2202 2203 2193
f 2193 2203 2204 2194
f 2194 2204 2205 2195
f 2195 2205 2206 2196
f 2196 2206 2207 2197
f 2197 2207 2208 2198
f 2198 2208 2209 2199
f 2199 2209 2210 2200
f 2200 2210 2211 2201
f 2201 2211 2202 2192
f 2202 2212 2213 2203
f 2203 2213 2214 2204
f 2204 2214 2215 2205
f 2205 2215 2216 2206
f 2206 2216 2217 2207
f 2207 2217 2218 2208
f 2208 2218 2219 2209
f 2209 2219 2220 2210
f 2210 2220 2221 2211
f 2211 2221 2212 2202
f 2212 2222 2223 2213
f 2213 2223 2224 2214
f 2214 2224 2225 2215
f 2215 2225 2226 2216
f 2216 2226 2227 2217
f 2217 2227 2228 2218
f 2218 2228 2229 2219
f 2219 2229 2230 2220
f 2220 2230 2231 2221
f 2221 2231 2222 2212
f 2223 2222 2232
f 2224 2223 2232
f 2225 2224 2232
f 2226 2225 2232
f 2227 2226 2232
f 2228 2227 2232
f 2229 2228 2232
f 2230 2229 2232
f 2231 2230 2232
f 2222 2231 2232
f 2253 2254 2255
f 2253 2255 2256
f 2253 2256 2257
f 2253 2257 2258
f 2253 2258 2259
f 2253 2259 2260
f 2253 2260 2261
f 2253 2261 2262
f 2253 2262 2263
f 2253 2263 2254
f 2254 2264 2265 2255
f 2255 2265 2266 2256
f 2256 2266 2267 2257
f 2257 2267 2268 2258
f 2258 2268 2269 2259
f 2259 2269 2270 2260
f 2260 2270 2271 2261
f 2261 2271 2272 2262
f 2262 2272 2273 2263
f 2263 2273 2264 2254
f 2264 2274 2275 2265
f 2265 2275 2276 2266
f 2266 2276 2277 2267
f 2267 2277 2278 2268
f 2268 2278 2279 2269
f 2269 2279 2280 2270
f 2270 2280 2281 2271
f 2271 2281 2282 2272
f 2272 2282 2283 2273
f 2273 2283 2274 2264
f 2274 2284 2285 2275
f 2275 2285 2286 2276
f 2276 2286 2287 2277
f 2277 2287 2288 2278
f 2278 2288 2289 2279
f 2279 2289 2290 2280
f 2280 2290 2291 2281
f 2281 2291 2292 2282
f 2282 2292 2293 2283
f 2283 2293 2284 2274
f 2285 2284 2294
f 2286 2285 2294
f 2287 2286 2294
f 2288 2287 2294
f 2289 2288 2294
f 2290 2289 2294
f 2291 2290 2294
f 2292 2291 2294
f 2293 2292 2294
f 2284 2293 2294
f 2315 2316 2317
f 2315 2317 2318
f 2315 2318 2319
f 2315 2319 2320
f 2315 2320 2321
f 2315 2321 2322
f 2315 2322 2323
f 2315 2323 2324
f 2315 2324 2325
f 2315 2325 2316
f 2316 2326 2327 2317
f 2317 2327 2328 2318
f 2318 2328 2329 2319
f 2319 2329 2330 2320
f 2320 2330 2331 2321
f 2321 2331 2332 2322
f 2322 2332 2333 2323
f 2323 2333 2334 2324
f 2324 2334 2335 2325
f 2325 2335 2326 2316
f 2326 2336 2337 2327
f 2327 2337 2338 2328
f 2328 2338 2339 2329
f 2329 2339 2340 2330
f 2330 2340 2341 2331
f 2331 2341 2342 2332
f 2332 2342 2343 2333
f 2333 2343 2344 2334
f 2334 2344 2345 2335
f 2335 2345 2336 2326
f 2336 2346 2347 2337
f 2337 2347 2348 2338
f 2338 2348 2349 2339
f 2339 2349 2350 2340
f 2340 2350 2351 2341
f 2341 2351 2352 2342
f 2342 2352 2353 2343
f 2343 2353 2354 2344
f 2344 2354 2355 2345
f 2345 2355 2346 2336
f 2347 2346 2356
f 2348 2347 2356
f 2349 2348 2356
f 2350 2349 2356
f 2351 2350 2356
f 2352 2351 2356
f 2353 2352 2356
f 2354 2353 2356
f 2355 2354 2356
f 2346 2355 2356
f 2377 2378 2379
f 2377 2379 2380
f 2377 2380 2381
f 2377 2381 2382
f 2377 2382 2383
f 2377 2383 2384
f 2377 2384 2385
f 2377 2385 2386
f 2377 2386 2387
f 2377 2387 2378
f 2378 2388 2389 2379
f 2379 2389 2390 2380
f 2380 2390 2391 2381
f 2381 2391 2392 2382
f 2382 2392 2393 2383
f 2383 2393 2394 2384
f 2384 2394 2395 2385
f 2385 2395 2396 2386
f 2386 2396 2397 2387
f 2387 2397 2388 2378
f 2388 2398 2399 2389
f 2389 2399 2400 2390
f 2390 2400 2401 2391
f 2391 2401 2402 2392
f 2392 2402 2403 2393
f 2393 2403 2404 2394
f 2394 2404 2405 2395
f 2395 2405 2406 2396
f 2396 2406 2407 2397
f 2397 2407 2398 2388
f 2398 2408 2409 2399
f 2399 2409 2410 2400
f 2400 2410 2411 2401
f 2401 2411 2412 2402
f 2402 2412 2413 2403
f 2403 2413 2414 2404
f 2404 2414 2415 2405
f 2405 2415 2416 2406
f 2406 2416 2417 2407
f 2407 2417 2408 2398
f 2409 2408 2418
f 2410 2409 2418
f 2411 2410 2418
f 2412 2411 2418
f 2413 2412 2418
f 2414 2413 2418
f 2415 2414 2418
f 2416 2415 2418
f 2417 2416 2418
f 2408 2417 2418
f 2439 2440 2441
f 2439 2441 2442
f 2439 2442 2443
f 2439 2443 2444
f 2439 2444 2445
f 2439 2445 2446
f 2439 2446 2447
f 2439 2447 2448
f 2439 2448 2449
f 2439 2449 2440
f 2440 2450 2451 2441
f 2441 2451 2452 2442
f 2442 2452 2453 2443
f 2443 2453 2454 2444
f 2444 2454 2455 2445
f 2445 2455 2456 2446
f 2446 2456 2457 2447
f 2447 2457 2458 2448
f 2448 2458 2459 2449
f 2449 2459 2450 2440
f 2450 2460 2461 2451
f 2451 2461 2462 2452
f 2452 2462 2463 2453
f 2453 2463 2464 2454
f 2454 2464 2465 2455
f 2455 2465 2466 2456
f 2456 2466 2467 2457
f 2457 2467 2468 2458
f 2458 2468 2469 2459
f 2459 2469 2460 2450
f 2460 2470 2471 2461
f 2461 2471 2472 2462
f 2462 2472 2473 2463
f 2463 2473 2474 2464
f 2464 2474 2475 2465
f 2465 2475 2476 2466
f 2466 2476 2477 2467
f 2467 2477 2478 2468
f 2468 2478 2479 2469
f 2469 2479 2470 2460
f 2471 2470 2480
f 2472 2471 2480
f 2473 2472 2480
f 2474 2473 2480
f 2475 2474 2480
f 2476 2475 2480
f 2477 2476 2480
f 2478 2477 2480
f 2479 2478 2480
f 2470 2479 2480
f 2501 2502 2503
f 2501 2503 2504
f 2501 2504 2505
f 2501 2505 2506
f 2501 2506 2507
f 2501 2507 2508
f 2501 2508 2509
f 2501 2509 2510
f 2501 2510 2511
f 2501 2511 2502
f 2502 2512 2513 2503
f 2503 2513 2514 2504
f 2504 2514 2515 2505
f 2505 2515 2516 2506
f 2506 2516 2517 2507
f 2507 2517 2518 2508
f 2508 2518 2519 2509
f 2509 2519 2520 2510
f 2510 2520 2521 2511
f 2511 2521 2512 2502
f 2512 2522 2523 2513
f 2513 2523 2524 2514
f 2514 2524 2525 2515
f 2515 2525 2526 2516
f 2516 2526 2527 2517
f 2517 2527 2528 2518
f 2518 2528 2529 2519
f 2519 2529 2530 2520
f 2520 2530 2531 2521
f 2521 2531 2522 2512
f 2522 2532 2533 2523
f 2523 2533 2534 2524
f 2524 2534 2535 2525
f 2525 2535 2536 2526
f 2526 2536 2537 2527
f 2527 2537 2538 2528
f 2528 2538 2539 2529
f 2529 2539 2540 2530
f 2530 2540 2541 2531
f 2531 2541 2532 2522
f 2533 2532 2542
f 2534 2533 2542
f 2535 2534 2542
f 2536 2535 2542
f 2537 2536 2542
f 2538 2537 2542
f 2539 2538 2542
f 2540 2539 2542
f 2541 2540 2542
f 2532 2541 2542
f 2563 2564 2565
f 2563 2565 2566
f 2563 2566 2567
f 2563 2567 2568
f 2563 2568 2569
f 2563 2569 2570
f 2563 2570 2571
f 2563 2571 2572
f 2563 2572 2573
f 2563 2573 2564
f 2564 2574 2575 2565
f 2565 2575 2576 2566
f 2566 2576 2577 2567
f 2567 2577 2578 2568
f 2568 2578 2579 2569
f 2569 2579 2580 2570
f 2570 2580 2581 2571
f 2571 2581 2582 2572
f 2572 2582 2583 2573
f 2573 2583 2574 2564
f 2574 2584 2585 2575
f 2575 2585 2586 2576
f 2576 2586 2587 2577
f 2577 2587 2588 2578
f 2578 2588 2589 2579
f 2579 2589 2590 2580
f 2580 2590 2591 2581
f 2581 2591 2592 2582
f 2582 2592 2593 2583
f 2583 2593 2584 2574
f 2584 2594 2595 2585
f 2585 2595 2596 2586
f 2586 2596 2597 2587
f 2587 2597 2598 2588
f 2588 2598 2599 2589
f 2589 2599 2600 2590
f 2590 2600 2601 2591
f 2591 2601 2602 2592
f 2592 2602 2603 2593
f 2593 2603 2594 2584
f 2595 2594 2604
f 2596 2595 2604
f 2597 2596 2604
f 2598 2597 2604
f 2599 2598 2604
f 2600 2599 2604
f 2601 2600 2604
f 2602 2601 2604
f 2603 2602 2604
f 2594 2603 2604
f 2625 2626 2627
f 2625 2627 2628
f 2625 2628 2629
f 2625 2629 2630
f 2625 2630 2631
f 2625 2631 2632
f 2625 2632 2633
f 2625 2633 2634
f 2625 2634 2635
f 2625 2635 2626
f 2626 2636 2637 2627
f 2627 2637 2638 2628
f 2628 2638 2639 2629
f 2629 2639 2640 2630
f 2630 2640 2641 2631
f 2631 2641 2642 2632
f 2632 2642 2643 2633
f 2633 2643 2644 2634
f 2634 2644 2645 2635
f 2635 2645 2636 2626
f 2636 2646 2647 2637
f 2637 2647 2648 2638
f 2638 2648 2649 2639
f 2639 2649 2650 2640
f 2640 2650 2651 2641
f 2641 2651 2652 2642
f 2642 2652 2653 2643
f 2643 2653 2654 2644
f 2644 2654 2655 2645
f 2645 2655 2646 2636
f 2646 2656 2657 2647
f 2647 2657 2658 2648
f 2648 2658 2659 2649
f 2649 2659 2660 2650
f 2650 2660 2661 2651
f 2651 2661 2662 2652
f 2652 2662 2663 2653
f 2653 2663 2664 2654
f 2654 2664 2665 2655
f 2655 2665 2656 2646
f 2657 2656 2666
f 2658 2657 2666
f 2659 2658 2666
f 2660 2659 2666
f 2661 2660 2666
f 2662 2661 2666
f 2663 2662 2666
f 2664 2663 2666
f 2665 2664 2666
f 2656 2665 2666
f 2687 2688 2689
f 2687 2689 2690
f 2687 2690 2691
f 2687 2691 2692
f 2687 2692 2693
f 2687 2693 2694
f 2687 2694 2695
f 2687 2695 2696
f 2687 2696 2697
f 2687 2697 2688
f 2688 2698 2699 2689
f 2689 2699 2700 2690
f 2690 2700 2701 2691
f 2691 2701 2702 2692
f 2692 2702 2703 2693
f 2693 2703 2704 2694
f 2694 2704 2705 2695
f 2695 2705 2706 2696
f 2696 2706 2707 2697
f 2697 2707 2698 2688
f 2698 2708 2709 2699
f 2699 2709 2710 2700
f 2700 2710 2711 2701
f 2701 2711 2712 2702
f 2702 2712 2713 2703
f 2703 2713 2714 2704
f 2704 2714 2715 2705
f 2705 2715 2716 2706
f 2706 2716 2717 2707
f 2707 2717 2708 2698
f 2708 2718 2719 2709
f 2709 2719 2720 2710
f 2710 2720 2721 2711
f 2711 2721 2722 2712
f 2712 2722 2723 2713
f 2713 2723 2724 2714
f 2714 2724 2725 2715
f 2715 2725 2726 2716
f 2716 2726 2727 2717
f 2717 2727 2718 2708
f 2719 2718 2728
f 2720 2719 2728
f 2721 2720 2728
f 2722 2721 2728
f 2723 2722 2728
f 2724 2723 2728
f 2725 2724 2728
f 2726 2725 2728
f 2727 2726 2728
f 2718 2727 2728
f 2749 2750 2751
f 2749 2751 2752
f 2749 2752 2753
f 2749 2753 2754
f 2749 2754 2755
f 2749 2755 2756
f 2749 2756 2757
f 2749 2757 2758
f 2749 2758 2759
f 2749 2759 2750
f 2750 2760 2761 2751
f 2751 2761 2762 2752
f 2752 2762 2763 2753
f 2753 2763 2764 2754
f 2754 2764 2765 2755
f 2755 2765 2766 2756
f 2756 2766 2767 2757
f 2757 2767 2768 2758
f 2758 2768 2769 2759
f 2759 2769 2760 2750
f 2760 2770 2771 2761
f 2761 2771 2772 2762
f 2762 2772 2773 2763
f 2763 2773 2774 2764
f 2764 2774 2775 2765
f 2765 2775 2776 2766
f 2766 2776 2777 2767
f 2767 2777 2778 2768
f 2768 2778 2779 2769
f 2769 2779 2770 2760
f 2770 2780 2781 2771
f 2771 2781 2782 2772
f 2772 2782 2783 2773
f 2773 2783 2784 2774
f 2774 2784 2785 2775
f 2775 2785 2786 2776
f 2776 2786 2787 2777
f 2777 2787 2788 2778
f 2778 2788 2789 2779
f 2779 2789 2780 2770
f 2781 2780 2790
f 2782 2781 2790
f 2783 2782 2790
f 2784 2783 2790
f 2785 2784 2790
f 2786 2785 2790
f 2787 2786 2790
f 2788 2787 2790
f 2789 2788 2790
f 2780 2789 2790
f 2811 2812 2813
f 2811 2813 2814
f 2811 2814 2815
f 2811 2815 2816
f 2811 2816 2817
f 2811 2817 2818
f 2811 2818 2819
f 2811 2819 2820
f 2811 2820 2821
f 2811 2821 2812
f 2812 2822 2823 2813
f 2813 2823 2824 2814
f 2814 2824 2825 2815
f 2815 2825 2826 2816
f 2816 2826 2827 2817
f 2817 2827 2828 2818
f 2818 2828 2829 2819
f 2819 2829 2830 2820
f 2820 2830 2831 2821
f 2821 2831 2822 2812
f 2822 2832 2833 2823
f 2823 2833 2834 2824
f 2824 2834 2835 2825
f 2825 2835 2836 2826
f 2826 2836 2837 2827
f 2827 2837 2838 2828
f 2828 2838 2839 2829
f 2829 2839 2840 2830
f 2830 2840 2841 2831
f 2831 2841 2832 2822
f 2832 2842 2843 2833
f 2833 2843 2844 2834
f 2834 2844 2845 2835
f 2835 2845 2846 2836
f 2836 2846 2847 2837
f 2837 2847 2848 2838
f 2838 2848 2849 2839
f 2839 2849 2850 2840
f 2840 2850 2851 2841
f 2841 2851 2842 2832
f 2843 2842 2852
f 2844 2843 2852
f 2845 2844 2852
f 2846 2845 2852
f 2847 2846 2852
f 2848 2847 2852
f 2849 2848 2852
f 2850 2849 2852
f 2851 2850 2852
f 2842 2851 2852
f 2873 2874 2875
f 2873 2875 2876
f 2873 2876 2877
f 2873 2877 2878
f 2873 2878 2879
f 2873 2879 2880
f 2873 2880 2881
f 2873 2881 2882
f 2873 2882 2883
f 2873 2883 2874
f 2874 2884 2885 2875
f 2875 2885 2886 2876
f 2876 2886 2887 2877
f 2877 2887 2888 2878
f 2878 2888 2889 2879
f 2879 2889 2890 2880
f 2880 2890 2891 2881
f 2881 2891 2892 2882
f 2882 2892 2893 2883
f 2883 2893 2884 2874
f 2884 2894 2895 2885
f 2885 2895 2896 2886
f 2886 2896 2897 2887
f 2887 2897 2898 2888
f 2888 2898 2899 2889
f 2889 2899 2900 2890
f 2890 2900 2901 2891
f 2891 2901 2902 2892
f 2892 2902 2903 2893
f 2893 2903 2894 2884
f 2894 2904 2905 2895
f 2895 2905 2906 2896
f 2896 2906 2907 2897
f 2897 2907 2908 2898
f 2898 2908 2909 2899
f 2899 2909 2910 2900
f 2900 2910 2911 2901
f 2901 2911 2912 2902
f 2902 2912 2913 2903
f 2903 2913 2904 2894
f 2905 2904 2914
f 2906 2905 2914
f 2907 2906 2914
f 2908 2907 2914
f 2909 2908 2914
f 2910 2909 2914
f 2911 2910 2914
f 2912 2911 2914
f 2913 2912 2914
f 2904 2913 2914
f 2935 2936 2937
f 2935 2937 2938
f 2935 2938 2939
f 2935 2939 2940
f 2935 2940 2941
f 2935 2941 2942
f 2935 2942 2943
f 2935 2943 2944
f 2935 2944 2945
f 2935 2945 2936
f 2936 2946 2947 2937
f 2937 2947 2948 2938
f 2938 2948 2949 2939
f 2939 2949 2950 2940
f 2940 2950 2951 2941
f 2941 2951 2952 2942
f 2942 2952 2953 2943
f 2943 2953 2954 2944
f 2944 2954 2955 2945
f 2945 2955 2946 2936
f 2946 2956 2957 2947
f 2947 2957 2958 2948
f 2948 2958 2959 2949
f 2949 2959 2960 2950
f 2950 2960 2961 2951
f 2951 2961 2962 2952
f 2952 2962 2963 2953
f 2953 2963 2964 2954
f 2954 2964 2965 2955
f 2955 2965 2956 2946
f 2956 2966 2967 2957
f 2957 2967 2968 2958
f 2958 2968 2969 2959
f 2959 2969 2970 2960
f 2960 2970 2971 2961
f 2961 2971 2972 2962
f 2962 2972 2973 2963
f 2963 2973 2974 2964
f 2964 2974 2975 2965
f 2965 2975 2966 2956
f 2967 2966 2976
f 2968 2967 2976
f 2969 2968 2976
f 2970 2969 2976
f 2971 2970 2976
f 2972 2971 2976
f 2973 2972 2976
f 2974 2973 2976
f 2975 2974 2976
f 2966 2975 2976
f 2997 2998 2999
f 2997 2999 3000
f 2997 3000 3001
f 2997 3001 3002
f 2997 3002 3003
f 2997 3003 3004
f 2997 3004 3005
f 2997 3005 3006
f 2997 3006 3007
f 2997 3007 2998
f 2998 3008 3009 2999
f 2999 3009 3010 3000
f 3000 3010 3011 3001
f 3001 3011 3012 3002
f 3002 3012 3013 3003
f 3003 3013 3014 3004
f 3004 3014 3015 3005
f 3005 3015 3016 3006
f 3006 3016 3017 3007
f 3007 3017 3008 2998
f 3008 3018 3019 3009
f 3009 3019 3020 3010
f 3010 3020 3021 3011
f 3011 3021 3022 3012
f 3012 3022 3023 3013
f 3013 3023 3024 3014
f 3014 3024 3025 3015
f 3015 3025 3026 3016
f 3016 3026 3027 3017
f 3017 3027 3018 3008
f 3018 3028 3029 3019
f 3019 3029 3030 3020
f 3020 3030 3031 3021
f 3021 3031 3032 3022
f 3022 3032 3033 3023
f 3023 3033 3034 3024
f 3024 3034 3035 3025
f 3025 3035 3036 3026
f 3026 3036 3037 3027
f 3027 3037 3028 3018
f 3029 3028 3038
f 3030 3029 3038
f 3031 3030 3038
f 3032 3031 3038
f 3033 3032 3038
f 3034 3033 3038
f 3035 3034 3038
f 3036 3035 3038
f 3037 3036 3038
f 3028 3037 3038
f 3059 3060 3061
f 3059 3061 3062
f 3059 3062 3063
f 3059 3063 3064
f 3059 3064 3065
f 3059 3065 3066
f 3059 3066 3067
f 3059 3067 3068
f 3059 3068 3069
f 3059 3069 3060
f 3060 3070 3071 3061
f 3061 3071 3072 3062
f 3062 3072 3073 3063
f 3063 3073 3074 3064
f 3064 3074 3075 3065
f 3065 3075 3076 3066
f 3066 3076 3077 3067
f 3067 3077 3078 3068
f 3068 3078 3079 3069
f 3069 3079 3070 3060
f 3070 3080 3081 3071
f 3071 3081 3082 3072
f 3072 3082 3083 3073
f 3073 3083 3084 3074
f 3074 3084 3085 3075
f 3075 3085 3086 3076
f 3076 3086 3087 3077
f 3077 3087 3088 3078
f 3078 3088 3089 3079
f 3079 3089 3080 3070
f 3080 3090 3091 3081
f 3081 3091 3092 3082
f 3082 3092 3093 3083
f 3083 3093 3094 3084
f 3084 3094 3095 3085
f 3085 3095 3096 3086
f 3086 3096 3097 3087
f 3087 3097 3098 3088
f 3088 3098 3099 3089
f 3089 3099 3090 3080
f 3091 3090 3100
f 3092 3091 3100
f 3093 3092 3100
f 3094 3093 3100
f 3095 3094 3100
f 3096 3095 3100
f 3097 3096 3100
f 3098 3097 3100
f 3099 3098 3100
f 3090 3099 3100
f 3121 3122 3123
f 3121 3123 3124
f 3121 3124 3125
f 3121 3125 3126
f 3121 3126 3127
f 3121 3127 3128
f 3121 3128 3129
f 3121 3129 3130
f 3121 3130 3131
f 3121 3131 3122
f 3122 3132 3133 3123
f 3123 3133 3134 3124
f 3124 3134 3135 3125
f 3125 3135 3136 3126
f 3126 3136 3137 3127
f 3127 3137 3138 3128
f 3128 3138 3139 3129
f 3129 3139 3140 3130
f 3130 3140 3141 3131
f 3131 3141 3132 3122
f 3132 3142 3143 3133
f 3133 3143 3144 3134
f 3134 3144 3145 3135
f 3135 3145 3146 3136
f 3136 3146 3147 3137
f 3137 3147 3148 3138
f 3138 3148 3149 3139
f 3139 3149 3150 3140
f 3140 3150 3151 3141
f 3141 3151 3142 3132
f 3142 3152 3153 3143
f 3143 3153 3154 3144
f 3144 3154 3155 3145
f 3145 3155 3156 3146
f 3146 3156 3157 3147
f 3147 3157 3158 3148
f 3148 3158 3159 3149
f 3149 3159 3160 3150
f 3150 3160 3161 3151
f 3151 3161 3152 3142
f 3153 3152 3162
f 3154 3153 3162
f 3155 3154 3162
f 3156 3155 3162
f 3157 3156 3162
f 3158 3157 3162
f 3159 3158 3162
f 3160 3159 3162
f 3161 3160 3162
f 3152 3161 3162
f 3183 3184 3185
f 3183 3185 3186
f 3183 3186 3187
f 3183 3187 3188
f 3183 3188 3189
f 3183 3189 3190
f 3183 3190 3191
f 3183 3191 3192
f 3183 3192 3193
f 3183 3193 3184
f 3184 3194 3195 3185
f 3185 3195 3196 3186
f 3186 3196 3197 3187
f 3187 3197 3198 3188
f 3188 3198 3199 3189
f 3189 3199 3200 3190
f 3190 3200 3201 3191
f 3191 3201 3202 3192
f 3192 3202 3203 3193
f 3193 3203 3194 3184
f 3194 3204 3205 3195
f 3195 3205 3206 3196
f 3196 3206 3207 3197
f 3197 3207 3208 3198
f 3198 3208 3209 3199
f 3199 3209 3210 3200
f 3200 3210 3211 3201
f 3201 3211 3212 3202
f 3202 3212 3213 3203
f 3203 3213 3204 3194
f 3204 3214 3215 3205
f 3205 3215 3216 3206
f 3206 3216 3217 3207
f 3207 3217 3218 3208
f 3208 3218 3219 3209
f 3209 3219 3220 3210
f 3210 3220 3221 3211
f 3211 3221 3222 3212
f 3212 3222 3223 3213
f 3213 3223 3214 3204
f 3215 3214 3224
f 3216 3215 3224
f 3217 3216 3224
f 3218 3217 3224
f 3219 3218 3224
f 3220 3219 3224
f 3221 3220 3224
f 3222 3221 3224
f 3223 3222 3224
f 3214 3223 3224
f 3245 3246 3247
f 3245 3247 3248
f 3245 3248 3249
f 3245 3249 3250
f 3245 3250 3251
f 3245 3251 3252
f 3245 3252 3253
f 3245 3253 3254
f 3245 3254 3255
f 3245 3255 3246
f 3246 3256 3257 3247
f 3247 3257 3258 3248
f 3248 3258 3259 3249
f 3249 3259 3260 3250
f 3250 3260 3261 3251
f 3251 3261 3262 3252
f 3252 3262 3263 3253
f 3253 3263 3264 3254
f 3254 3264 3265 3255
f 3255 3265 3256 3246
f 3256 3266 3267 3257
f 3257 3267 3268 3258
f 3258 3268 3269 3259
f 3259 3269 3270 3260
f 3260 3270 3271 3261
f 3261 3271 3272 3262
f 3262 3272 3273 3263
f 3263 3273 3274 3264
f 3264 3274 3275 3265
f 3265 3275 3266 3256
f 3266 3276 3277 3267
f 3267 3277 3278 3268
f 3268 3278 3279 3269
f 3269 3279 3280 3270
f 3270 3280 3281 3271
f 3271 3281 3282 3272
f 3272 3282 3283 3273
f 3273 3283 3284 3274
f 3274 3284 3285 3275
f 3275 3285 3276 3266
f 3277 3276 3286
f 3278 3277 3286
f 3279 3278 3286
f 3280 3279 3286
f 3281 3280 3286
f 3282 3281 3286
f 3283 3282 3286
f 3284 3283 3286
f 3285 3284 3286
f 3276 3285 3286
f 3307 3308 3309
f 3307 3309 3310
f 3307 3310 3311
f 3307 3311 3312
f 3307 3312 3313
f 3307 3313 3314
f 3307 3314 3315
f 3307 3315 3316
f 3307 3316 3317
f 3307 3317 3308
f 3308 3318 3319 3309
f 3309 3319 3320 3310
f 3310 3320 3321 3311
f 3311 3321 3322 3312
f 3312 3322 3323 3313
f 3313 3323 3324 3314
f 3314 3324 3325 3315
f 3315 3325 3326 3316
f 3316 3326 3327 3317
f 3317 3327 3318 3308
f 3318 3328 3329 3319
f 3319 3329 3330 3320
f 3320 3330 3331 3321
f 3321 3331 3332 3322
f 3322 3332 3333 3323
f 3323 3333 3334 3324
f 3324 3334 3335 3325
f 3325 3335 3336 3326
f 3326 3336 3337 3327
f 3327 3337 3328 3318
f 3328 3338 3339 3329
f 3329 3339 3340 3330
f 3330 3340 3341 3331
f 3331 3341 3342 3332
f 3332 3342 3343 3333
f 3333 3343 3344 3334
f 3334 3344 3345 3335
f 3335 3345 3346 3336
f 3336 3346 3347 3337
f 3337 3347 3338 3328
f 3339 3338 3348
f 3340 3339 3348
f 3341 3340 3348
f 3342 3341 3348
f 3343 3342 3348
f 3344 3343 3348
f 3345 3344 3348
f 3346 3345 3348
f 3347 3346 3348
f 3338 3347 3348
f 3369 3370 3371
f 3369 3371 3372
f 3369 3372 3373
f 3369 3373 3374
f 3369 3374 3375
f 3369 3375 3376
f 3369 3376 3377
f 3369 3377 3378
f 3369 3378 3379
f 3369 3379 3370
f 3370 3380 3381 3371
f 3371 3381 3382 3372
f 3372 3382 3383 3373
f 3373 3383 3384 3374
f 3374 3384 3385 3375
f 3375 3385 3386 3376
f 3376 3386 3387 3377
f 3377 3387 3388 3378
f 3378 3388 3389 3379
f 3379 3389 3380 3370
f 3380 3390 3391 3381
f 3381 3391 3392 3382
f 3382 3392 3393 3383
f 3383 3393 3394 3384
f 3384 3394 3395 3385
f 3385 3395 3396 3386
f 3386 3396 3397 3387
f 3387 3397 3398 3388
f 3388 3398 3399 3389
f 3389 3399 3390 3380
f 3390 3400 3401 3391
f 3391 3401 3402 3392
f 3392 3402 3403 3393
f 3393 3403 3404 3394
f 3394 3404 3405 3395
f 3395 3405 3406 3396
f 3396 3406 3407 3397
f 3397 3407 3408 3398
f 3398 3408 3409 3399
f 3399 3409 3400 3390
f 3401 3400 3410
f 3402 3401 3410
f 3403 3402 3410
f 3404 3403 3410
f 3405 3404 3410
f 3406 3405 3410
f 3407 3406 3410
f 3408 3407 3410
f 3409 3408 3410
f 3400 3409 3410
f 3431 3432 3433
f 3431 3433 3434
f 3431 3434 3435
f 3431 3435 3436
f 3431 3436 3437
f 3431 3437 3438
f 3431 3438 3439
f 3431 3439 3440
f 3431 3440 3441
f 3431 3441 3432
f 3432 3442 3443 3433
f 3433 3443 3444 3434
f 3434 3444 3445 3435
f 3435 3445 3446 3436
f 3436 3446 3447 3437
f 3437 3447 3448 3438
f 3438 3448 3449 3439
f 3439 3449 3450 3440
f 3440 3450 3451 3441
f 3441 3451 3442 3432
f 3442 3452 3453 3443
f 3443 3453 3454 3444
f 3444 3454 3455 3445
f 3445 3455 3456 3446
f 3446 3456 3457 3447
f 3447 3457 3458 3448
f 3448 3458 3459 3449
f 3449 3459 3460 3450
f 3450 3460 3461 3451
f 3451 3461 3452 3442
f 3452 3462 3463 3453
f 3453 3463 3464 3454
f 3454 3464 3465 3455
f 3455 3465 3466 3456
f 3456 3466 3467 3457
f 3457 3467 3468 3458
f 3458 3468 3469 3459
f 3459 3469 3470 3460
f 3460 3470 3471 3461
f 3461 3471 3462 3452
f 3463 3462 3472
f 3464 3463 3472
f 3465 3464 3472
f 3466 3465 3472
f 3467 3466 3472
f 3468 3467 3472
f 3469 3468 3472
f 3470 3469 3472
f 3471 3470 3472
f 3462 3471 3472
f 3493 3494 3495
f 3493 3495 3496
f 3493 3496 3497
f 3493 3497 3498
f 3493 3498 3499
f 3493 3499 3500
f 3493 3500 3501
f 3493 3501 3502
f 3493 3502 3503
f 3493 3503 3494
f 3494 3504 3505 3495
f 3495 3505 3506 3496
f 3496 3506 3507 3497
f 3497 3507 3508 3498
f 3498 3508 3509 3499
f 3499 3509 3510 3500
f 3500 3510 3511 3501
f 3501 3511 3512 3502
f 3502 3512 3513 3503
f 3503 3513 3504 3494
f 3504 3514 3515 3505
f 3505 3515 3516 3506
f 3506 3516 3517 3507
f 3507 3517 3518 3508
f 3508 3518 3519 3509
f 3509 3519 3520 3510
f 3510 3520 3521 3511
f 3511 3521 3522 3512
f 3512 3522 3523 3513
f 3513 3523 3514 3504
f 3514 3524 3525 3515
f 3515 3525 3526 3516
f 3516 3526 3527 3517
f 3517 3527 3528 3518
f 3518 3528 3529 3519
f 3519 3529 3530 3520
f 3520 3530 3531 3521
f 3521 3531 3532 3522
f 3522 3532 3533 3523
f 3523 3533 3524 3514
f 3525 3524 3534
f 3526 3525 3534
f 3527 3526 3534
f 3528 3527 3534
f 3529 3528 3534
f 3530 3529 3534
f 3531 3530 3534
f 3532 3531 3534
f 3533 3532 3534
f 3524 3533 3534
f 3555 3556 3557
f 3555 3557 3558
f 3555 3558 3559
f 3555 3559 3560
f 3555 3560 3561
f 3555 3561 3562
f 3555 3562 3563
f 3555 3563 3564
f 3555 3564 3565
f 3555 3565 3556
f 3556 3566 3567 3557
f 3557 3567 3568 3558
f 3558 3568 3569 3559
f 3559 3569 3570 3560
f 3560 3570 3571 3561
f 3561 3571 3572 3562
f 3562 3572 3573 3563
f 3563 3573 3574 3564
f 3564 3574 3575 3565
f 3565 3575 3566 3556
f 3566 3576 3577 3567
f 3567 3577 3578 3568
f 3568 3578 3579 3569
f 3569 3579 3580 3570
f 3570 3580 3581 3571
f 3571 3581 3582 3572
f 3572 3582 3583 3573
f 3573 3583 3584 3574
f 3574 3584 3585 3575
f 3575 3585 3576 3566
f 3576 3586 3587 3577
f 3577 3587 3588 3578
f 3578 3588 3589 3579
f 3579 3589 3590 3580
f 3580 3590 3591 3581
f 3581 3591 3592 3582
f 3582 3592 3593 3583
f 3583 3593 3594 3584
f 3584 3594 3595 3585
f 3585 3595 3586 3576
f 3587 3586 3596
f 3588 3587 3596
f 3589 3588 3596
f 3590 3589 3596
f 3591 3590 3596
f 3592 3591 3596
f 3593 3592 3596
f 3594 3593 3596
f 3595 3594 3596
f 3586 3595 3596
f 3617 3618 3619
f 3617 3619 3620
f 3617 3620 3621
f 3617 3621 3622
f 3617 3622 3623
f 3617 3623 3624
f 3617 3624 3625
f 3617 3625 3626
f 3617 3626 3627
f 3617 3627 3618
f 3618 3628 3629 3619
f 3619 3629 3630 3620
f 3620 3630 3631 3621
f 3621 3631 3632 3622
f 3622 3632 3633 3623
f 3623 3633 3634 3624
f 3624 3634 3635 3625
f 3625 3635 3636 3626
f 3626 3636 3637 3627
f 3627 3637 3628 3618
f 3628 3638 3639 3629
f 3629 3639 3640 3630
f 3630 3640 3641 3631
f 3631 3641 3642 3632
f 3632 3642 3643 3633
f 3633 3643 3644 3634
f 3634 3644 3645 3635
f 3635 3645 3646 3636
f 3636 3646 3647 3637
f 3637 3647 3638 3628
f 3638 3648 3649 3639
f 3639 3649 3650 3640
f 3640 3650 3651 3641
f 3641 3651 3652 3642
f 3642 3652 3653 3643
f 3643 3653 3654 3644
f 3644 3654 3655 3645
f 3645 3655 3656 3646
f 3646 3656 3657 3647
f 3647 3657 3648 3638
f 3649 3648 3658
f 3650 3649 3658
f 3651 3650 3658
f 3652 3651 3658
f 3653 3652 3658
f 3654 3653 3658
f 3655 3654 3658
f 3656 3655 3658
f 3657 3656 3658
f 3648 3657 3658
f 3679 3680 3681
f 3679 3681 3682
f 3679 3682 3683
f 3679 3683 3684
f 3679 3684 3685
f 3679 3685 3686
f 3679 3686 3687
f 3679 3687 3688
f 3679 3688 3689
f 3679 3689 3680
f 3680 3690 3691 3681
f 3681 3691 3692 3682
f 3682 3692 3693 3683
f 3683 3693 3694 3684
f 3684 3694 3695 3685
f 3685 3695 3696 3686
f 3686 3696 3697 3687
f 3687 3697 3698 3688
f 3688 3698 3699 3689
f 3689 3699 3690 3680
f 3690 3700 3701 3691
f 3691 3701 3702 3692
f 3692 3702 3703 3693
f 3693 3703 3704 3694
f 3694 3704 3705 3695
f 3695 3705 3706 3696
f 3696 3706 3707 3697
f 3697 3707 3708 3698
f 3698 3708 3709 3699
f 3699 3709 3700 3690
f 3700 3710 3711 3701
f 3701 3711 3712 3702
f 3702 3712 3713 3703
f 3703 3713 3714 3704
f 3704 3714 3715 3705
f 3705 3715 3716 3706
f 3706 3716 3717 3707
f 3707 3717 3718 3708
f 3708 3718 3719 3709
f 3709 3719 3710 3700
f 3711 3710 3720
f 3712 3711 3720
f 3713 3712 3720
f 3714 3713 3720
f 3715 3714 3720
f 3716 3715 3720
f 3717 3716 3720
f 3718 3717 3720
f 3719 3718 3720
f 3710 3719 3720
f 3741 3742 3743
f 3741 3743 3744
f 3741 3744 3745
f 3741 3745 3746
f 3741 3746 3747
f 3741 3747 3748
f 3741 3748 3749
f 3741 3749 3750
f 3741 3750 3751
f 3741 3751 3742
f 3742 3752 3753 3743
f 3743 3753 3754 3744
f 3744 3754 3755 3745
f 3745 3755 3756 3746
f 3746 3756 3757 3747
f 3747 3757 3758 3748
f 3748 3758 3759 3749
f 3749 3759 3760 3750
f 3750 3760 3761 3751
f 3751 3761 3752 3742
f 3752 3762 3763 3753
f 3753 3763 3764 3754
f 3754 3764 3765 3755
f 3755 3765 3766 3756
f 3756 3766 3767 3757
f 3757 3767 3768 3758
f 3758 3768 3769 3759
f 3759 3769 3770 3760
f 3760 3770 3771 3761
f 3761 3771 3762 3752
f 3762 3772 3773 3763
f 3763 3773 3774 3764
f 3764 3774 3775 3765
f 3765 3775 3776 3766
f 3766 3776 3777 3767
f 3767 3777 3778 3768
f 3768 3778 3779 3769
f 3769 3779 3780 3770
f 3770 3780 3781 3771
f 3771 3781 3772 3762
f 3773 3772 3782
f 3774 3773 3782
f 3775 3774 3782
f 3776 3775 3782
f 3777 3776 3782
f 3778 3777 3782
f 3779 3778 3782
f 3780 3779 3782
f 3781 3780 3782
f 3772 3781 3782
f 3803 3804 3805
f 3803 3805 3806
f 3803 3806 3807
f 3803 3807 3808
f 3803 3808 3809
f 3803 3809 3810
f 3803 3810 3811
f 3803 3811 3812
f 3803 3812 3813
f 3803 3813 3804
f 3804 3814 3815 3805
f 3805 3815 3816 3806
f 3806 3816 3817 3807
f 3807 3817 3818 3808
f 3808 3818 3819 3809
f 3809 3819 3820 3810
f 3810 3820 3821 3811
f 3811 3821 3822 3812
f 3812 3822 3823 3813
f 3813 3823 3814 3804
f 3814 3824 3825 3815
f 3815 3825 3826 3816
f 3816 3826 3827 3817
f 3817 3827 3828 3818
f 3818 3828 3829 3819
f 3819 3829 3830 3820
f 3820 3830 3831 3821
f 3821 3831 3832 3822
f 3822 3832 3833 3823
f 3823 3833 3824 3814
f 3824 3834 3835 3825
f 3825 3835 3836 3826
f 3826 3836 3837 3827
f 3827 3837 3838 3828
f 3828 3838 3839 3829
f 3829 3839 3840 3830
f 3830 3840 3841 3831
f 3831 3841 3842 3832
f 3832 3842 3843 3833
f 3833 3843 3834 3824
f 3835 3834 3844
f 3836 3835 3844
f 3837 3836 3844
f 3838 3837 3844
f 3839 3838 3844
f 3840 3839 3844
f 3841 3840 3844
f 3842 3841 3844
f 3843 3842 3844
f 3834 3843 3844
f 3865 3866 3867
f 3865 3867 3868
f 3865 3868 3869
f 3865 3869 3870
f 3865 3870 3871
f 3865 3871 3872
f 3865 3872 3873
f 3865 3873 3874
f 3865 3874 3875
f 3865 3875 3866
f 3866 3876 3877 3867
f 3867 3877 3878 3868
f 3868 3878 3879 3869
f 3869 3879 3880 3870
f 3870 3880 3881 3871
f 3871 3881 3882 3872
f 3872 3882 3883 3873
f 3873 3883 3884 3874
f 3874 3884 3885 3875
f 3875 3885 3876 3866
f 3876 3886 3887 3877
f 3877 3887 3888 3878
f 3878 3888 3889 3879
f 3879 3889 3890 3880
f 3880 3890 3891 3881
f 3881 3891 3892 3882
f 3882 3892 3893 3883
f 3883 3893 3894 3884
f 3884 3894 3895 3885
f 3885 3895 3886 3876
f 3886 3896 3897 3887
f 3887 3897 3898 3888
f 3888 3898 3899 3889
f 3889 3899 3900 3890
f 3890 3900 3901 3891
f 3891 3901 3902 3892
f 3892 3902 3903 3893
f 3893 3903 3904 3894
f 3894 3904 3905 3895
f 3895 3905 3896 3886
f 3897 3896 3906
f 3898 3897 3906
f 3899 3898 3906
f 3900 3899 3906
f 3901 3900 3906
f 3902 3901 3906
f 3903 3902 3906
f 3904 3903 3906
f 3905 3904 3906
f 3896 3905 3906
f 3927 3928 3929
f 3927 3929 3930
f 3927 3930 3931
f 3927 3931 3932
f 3927 3932 3933
f 3927 3933 3934
f 3927 3934 3935
f 3927 3935 3936
f 3927 3936 3937
f 3927 3937 3928
f 3928 3938 3939 3929
f 3929 3939 3940 3930
f 3930 3940 3941 3931
f 3931 3941 3942 3932
f 3932 3942 3943 3933
f 3933 3943 3944 3934
f 3934 3944 3945 3935
f 3935 3945 3946 3936
f 3936 3946 3947 3937
f 3937 3947 3938 3928
f 3938 3948 3949 3939
f 3939 3949 3950 3940
f 3940 3950 3951 3941
f 3941 3951 3952 3942
f 3942 3952 3953 3943
f 3943 3953 3954 3944
f 3944 3954 3955 3945
f 3945 3955 3956 3946
f 3946 3956 3957 3947
f 3947 3957 3948 3938
f 3948 3958 3959 3949
f 3949 3959 3960 3950
f 3950 3960 3961 3951
f 3951 3961 3962 3952
f 3952 3962 3963 3953
f 3953 3963 3964 3954
f 3954 3964 3965 3955
f 3955 3965 3966 3956
f 3956 3966 3967 3957
f 3957 3967 3958 3948
f 3959 3958 3968
f 3960 3959 3968
f 3961 3960 3968
f 3962 3961 3968
f 3963 3962 3968
f 3964 3963 3968
f 3965 3964 3968
f 3966 3965 3968
f 3967 3966 3968
f 3958 3967 3968
f 3989 3990 3991
f 3989 3991 3992
f 3989 3992 3993
f 3989 3993 3994
f 3989 3994 3995
f 3989 3995 3996
f 3989 3996 3997
f 3989 3997 3998
f 3989 3998 3999
f 3989 3999 3990
f 3990 4000 4001 3991
f 3991 4001 4002 3992
f 3992 4002 4003 3993
f 3993 4003 4004 3994
f 3994 4004 4005 3995
f 3995 4005 4006 3996
f 3996 4006 4007 3997
f 3997 4007 4008 3998
f 3998 4008 4009 3999
f 3999 4009 4000 3990
f 4000 4010 4011 4001
f 4001 4011 4012 4002
f 4002 4012 4013 4003
f 4003 4013 4014 4004
f 4004 4014 4015 4005
f 4005 4015 4016 4006
f 4006 4016 4017 4007
f 4007 4017 4018 4008
f 4008 4018 4019 4009
f 4009 4019 4010 4000
f 4010 4020 4021 4011
f 4011 4021 4022 4012
f 4012 4022 4023 4013
f 4013 4023 4024 4014
f 4014 4024 4025 4015
f 4015 4025 4026 4016
f 4016 4026 4027 4017
f 4017 4027 4028 4018
f 4018 4028 4029 4019
f 4019 4029 4020 4010
f 4021 4020 4030
f 4022 4021 4030
f 4023 4022 4030
f 4024 4023 4030
f 4025 4024 4030
f 4026 4025 4030
f 4027 4026 4030
f 4028 4027 4030
f 4029 4028 4030
f 4020 4029 4030
f 4051 4052 4053
f 4051 4053 4054
f 4051 4054 4055
f 4051 4055 4056
f 4051 4056 4057
f 4051 4057 4058
f 4051 4058 4059
f 4051 4059 4060
f 4051 4060 4061
f 4051 4061 4052
f 4052 4062 4063 4053
f 4053 4063 4064 4054
f 4054 4064 4065 4055
f 4055 4065 4066 4056
f 4056 4066 4067 4057
f 4057 4067 4068 4058
f 4058 4068 4069 4059
f 4059 4069 4070 4060
f 4060 4070 4071 4061
f 4061 4071 4062 4052
f 4062 4072 4073 4063
f 4063 4073 4074 4064
f 4064 4074 4075 4065
f 4065 4075 4076 4066
f 4066 4076 4077 4067
f 4067 4077 4078 4068
f 4068 4078 4079 4069
f 4069 4079 4080 4070
f 4070 4080 4081 4071
f 4071 4081 4072 4062
f 4072 4082 4083 4073
f 4073 4083 4084 4074
f 4074 4084 4085 4075
f 4075 4085 4086 4076
f 4076 4086 4087 4077
f 4077 4087 4088 4078
f 4078 4088 4089 4079
f 4079 4089 4090 4080
f 4080 4090 4091 4081
f 4081 4091 4082 4072
f 4083 4082 4092
f 4084 4083 4092
f 4085 4084 4092
f 4086 4085 4092
f 4087 4086 4092
f 4088 4087 4092
f 4089 4088 4092
f 4090 4089 4092
f 4091 4090 4092
f 4082 4091 4092
f 4113 4114 4115
f 4113 4115 4116
f 4113 4116 4117
f 4113 4117 4118
f 4113 4118 4119
f 4113 4119 4120
f 4113 4120 4121
f 4113 4121 4122
f 4113 4122 4123
f 4113 4123 4114
f 4114 4124 4125 4115
f 4115 4125 4126 4116
f 4116 4126 4127 4117
f 4117 4127 4128 4118
f 4118 4128 4129 4119
f 4119 4129 4130 4120
f 4120 4130 4131 4121
f 4121 4131 4132 4122
f 4122 4132 4133 4123
f 4123 4133 4124 4114
f 4124 4134 4135 4125
f 4125 4135 4136 4126
f 4126 4136 4137 4127
f 4127 4137 4138 4128
f 4128 4138 4139 4129
f 4129 4139 4140 4130
f 4130 4140 4141 4131
f 4131 4141 4142 4132
f 4132 4142 4143 4133
f 4133 4143 4134 4124
f 4134 4144 4145 4135
f 4135 4145 4146 4136
f 4136 4146 4147 4137
f 4137 4147 4148 4138
f 4138 4148 4149 4139
f 4139 4149 4150 4140
f 4140 4150 4151 4141
f 4141 4151 4152 4142
f 4142 4152 4153 4143
f 4143 4153 4144 4134
f 4145 4144 4154
f 4146 4145 4154
f 4147 4146 4154
f 4148 4147 4154
f 4149 4148 4154
f 4150 4149 4154
f 4151 4150 4154
f 4152 4151 4154
f 4153 4152 4154
f 4144 4153 4154
f 4175 4176 4177
f 4175 4177 4178
f 4175 4178 4179
f 4175 4179 4180
f 4175 4180 4181
f 4175 4181 4182
f 4175 4182 4183
f 4175 4183 4184
f 4175 4184 4185
f 4175 4185 4176
f 4176 4186 4187 4177
f 4177 4187 4188 4178
f 4178 4188 4189 4179
f 4179 4189 4190 4180
f 4180 4190 4191 4181
f 4181 4191 4192 4182
f 4182 4192 4193 4183
f 4183 4193 4194 4184
f 4184 4194 4195 4185
f 4185 4195 4186 4176
f 4186 4196 4197 4187
f 4187 4197 4198 4188
f 4188 4198 4199 4189
f 4189 4199 4200 4190
f 4190 4200 4201 4191
f 4191 4201 4202 4192
f 4192 4202 4203 4193
f 4193 4203 4204 4194
f 4194 4204 4205 4195
f 4195 4205 4196 4186
f 4196 4206 4207 4197
f 4197 4207 4208 4198
f 4198 4208 4209 4199
f 4199 4209 4210 4200
f 4200 4210 4211 4201
f 4201 4211 4212 4202
f 4202 4212 4213 4203
f 4203 4213 4214 4204
f 4204 4214 4215 4205
f 4205 4215 4206 4196
f 4207 4206 4216
f 4208 4207 4216
f 4209 4208 4216
f 4210 4209 4216
f 4211 4210 4216
f 4212 4211 4216
f 4213 4212 4216
f 4214 4213 4216
f 4215 4214 4216
f 4206 4215 4216
f 4237 4238 4239
f 4237 4239 4240
f 4237 4240 4241
f 4237 4241 4242
f 4237 4242 4243
f 4237 4243 4244
f 4237 4244 4245
f 4237 4245 4246
f 4237 4246 4247
f 4237 4247 4238
f 4238 4248 4249 4239
f 4239 4249 4250 4240
f 4240 4250 4251 4241
f 4241 4251 4252 4242
f 4242 4252 4253 4243
f 4243 4253 4254 4244
f 4244 4254 4255 4245
f 4245 4255 4256 4246
f 4246 4256 4257 4247
f 4247 4257 4248 4238
f 4248 4258 4259 4249
f 4249 4259 4260 4250
f 4250 4260 4261 4251
f 4251 4261 4262 4252
f 4252 4262 4263 4253
f 4253 4263 4264 4254
f 4254 4264 4265 4255
f 4255 4265 4266 4256
f 4256 4266 4267 4257
f 4257 4267 4258 4248
f 4258 4268 4269 4259
f 4259 4269 4270 4260
f 4260 4270 4271 4261
f 4261 4271 4272 4262
f 4262 4272 4273 4263
f 4263 4273 4274 4264
f 4264 4274 4275 4265
f 4265 4275 4276 4266
f 4266 4276 4277 4267
f 4267 4277 4268 4258
f 4269 4268 4278
f 4270 4269 4278
f 4271 4270 4278
f 4272 4271 4278
f 4273 4272 4278
f 4274 4273 4278
f 4275 4274 4278
f 4276 4275 4278
f 4277 4276 4278
f 4268 4277 4278
f 4299 4300 4301
f 4299 4301 4302
f 4299 4302 4303
f 4299 4303 4304
f 4299 4304 4305
f 4299 4305 4306
f 4299 4306 4307
f 4299 4307 4308
f 4299 4308 4309
f 4299 4309 4300
f 4300 4310 4311 4301
f 4301 4311 4312 4302
f 4302 4312 4313 4303
f 4303 4313 4314 4304
f 4304 4314 4315 4305
f 4305 4315 4316 4306
f 4306 4316 4317 4307
f 4307 4317 4318 4308
f 4308 4318 4319 4309
f 4309 4319 4310 4300
f 4310 4320 4321 4311
f 4311 4321 4322 4312
f 4312 4322 4323 4313
f 4313 4323 4324 4314
f 4314 4324 4325 4315
f 4315 4325 4326 4316
f 4316 4326 4327 4317
f 4317 4327 4328 4318
f 4318 4328 4329 4319
f 4319 4329 4320 4310
f 4320 4330 4331 4321
f 4321 4331 4332 4322
f 4322 4332 4333 4323
f 4323 4333 4334 4324
f 4324 4334 4335 4325
f 4325 4335 4336 4326
f 4326 4336 4337 4327
f 4327 4337 4338 4328
f 4328 4338 4339 4329
f 4329 4339 4330 4320
f 4331 4330 4340
f 4332 4331 4340
f 4333 4332 4340
f 4334 4333 4340
f 4335 4334 4340
f 4336 4335 4340
f 4337 4336 4340
f 4338 4337 4340
f 4339 4338 4340
f 4330 4339 4340
f 4361 4362 4363
f 4361 4363 4364
f 4361 4364 4365
f 4361 4365 4366
f 4361 4366 4367
f 4361 4367 4368
f 4361 4368 4369
f 4361 4369 4370
f 4361 4370 4371
f 4361 4371 4362
f 4362 4372 4373 4363
f 4363 4373 4374 4364
f 4364 4374 4375 4365
f 4365 4375 4376 4366
f 4366 4376 4377 4367
f 4367 4377 4378 4368
f 4368 4378 4379 4369
f 4369 4379 4380 4370
f 4370 4380 4381 4371
f 4371 4381 4372 4362
f 4372 4382 4383 4373
f 4373 4383 4384 4374
f 4374 4384 4385 4375
f 4375 4385 4386 4376
f 4376 4386 4387 4377
f 4377 4387 4388 4378
f 4378 4388 4389 4379
f 4379 4389 4390 4380
f 4380 4390 4391 4381
f 4381 4391 4382 4372
f 4382 4392 4393 4383
f 4383 4393 4394 4384
f 4384 4394 4395 4385
f 4385 4395 4396 4386
f 4386 4396 4397 4387
f 4387 4397 4398 4388
f 4388 4398 4399 4389
f 4389 4399 4400 4390
f 4390 4400 4401 4391
f 4391 4401 4392 4382
f 4393 4392 4402
f 4394 4393 4402
f 4395 4394 4402
f 4396 4395 4402
f 4397 4396 4402
f 4398 4397 4402
f 4399 4398 4402
f 4400 4399 4402
f 4401 4400 4402
f 4392 4401 4402
f 4423 4424 4425
f 4423 4425 4426
f 4423 4426 4427
f 4423 4427 4428
f 4423 4428 4429
f 4423 4429 4430
f 4423 4430 4431
f 4423 4431 4432
f 4423 4432 4433
f 4423 4433 4424
f 4424 4434 4435 4425
f 4425 4435 4436 4426
f 4426 4436 4437 4427
f 4427 4437 4438 4428
f 4428 4438 4439 4429
f 4429 4439 4440 4430
f 4430 4440 4441 4431
f 4431 4441 4442 4432
f 4432 4442 4443 4433
f 4433 4443 4434 4424
f 4434 4444 4445 4435
f 4435 4445 4446 4436
f 4436 4446 4447 4437
f 4437 4447 4448 4438
f 4438 4448 4449 4439
f 4439 4449 4450 4440
f 4440 4450 4451 4441
f 4441 4451 4452 4442
f 4442 4452 4453 4443
f 4443 4453 4444 4434
f 4444 4454 4455 4445
f 4445 4455 4456 4446
f 4446 4456 4457 4447
f 4447 4457 4458 4448
f 4448 4458 4459 4449
f 4449 4459 4460 4450
f 4450 4460 4461 4451
f 4451 4461 4462 4452
f 4452 4462 4463 4453
f 4453 4463 4454 4444
f 4455 4454 4464
f 4456 4455 4464
f 4457 4456 4464
f 4458 4457 4464
f 4459 4458 4464
f 4460 4459 4464
f 4461 4460 4464
f 4462 4461 4464
f 4463 4462 4464
f 4454 4463 4464
f 4485 4486 4487
f 4485 4487 4488
f 4485 4488 4489
f 4485 4489 4490
f 4485 4490 4491
f 4485 4491 4492
f 4485 4492 4493
f 4485 4493 4494
f 4485 4494 4495
f 4485 4495 4486
f 4486 4496 4497 4487
f 4487 4497 4498 4488
f 4488 4498 4499 4489
f 4489 4499 4500 4490
f 4490 4500 4501 4491
f 4491 4501 4502 4492
f 4492 4502 4503 4493
f 4493 4503 4504 4494
f 4494 4504 4505 4495
f 4495 4505 4496 4486
f 4496 4506 4507 4497
f 4497 4507 4508 4498
f 4498 4508 4509 4499
f 4499 4509 4510 4500
f 4500 4510 4511 4501
f 4501 4511 4512 4502
f 4502 4512 4513 4503
f 4503 4513 4514 4504
f 4504 4514 4515 4505
f 4505 4515 4506 4496
f 4506 4516 4517 4507
f 4507 4517 4518 4508
f 4508 4518 4519 4509
f 4509 4519 4520 4510
f 4510 4520 4521 4511
f 4511 4521 4522 4512
f 4512 4522 4523 4513
f 4513 4523 4524 4514
f 4514 4524 4525 4515
f 4515 4525 4516 4506
f 4517 4516 4526
f 4518 4517 4526
f 4519 4518 4526
f 4520 4519 4526
f 4521 4520 4526
f 4522 4521 4526
f 4523 4522 4526
f 4524 4523 4526
f 4525 4524 4526
f 4516 4525 4526
f 4547 4548 4549
f 4547 4549 4550
f 4547 4550 4551
f 4547 4551 4552
f 4547 4552 4553
f 4547 4553 4554
f 4547 4554 4555
f 4547 4555 4556
f 4547 4556 4557
f 4547 4557 4548
f 4548 4558 4559 4549
f 4549 4559 4560 4550
f 4550 4560 4561 4551
f 4551 4561 4562 4552
f 4552 4562 4563 4553
f 4553 4563 4564 4554
f 4554 4564 4565 4555
f 4555 4565 4566 4556
f 4556 4566 4567 4557
f 4557 4567 4558 4548
f 4558 4568 4569 4559
f 4559 4569 4570 4560
f 4560 4570 4571 4561
f 4561 4571 4572 4562
f 4562 4572 4573 4563
f 4563 4573 4574 4564
f 4564 4574 4575 4565
f 4565 4575 4576 4566
f 4566 4576 4577 4567
f 4567 4577 4568 4558
f 4568 4578 4579 4569
f 4569 4579 4580 4570
f 4570 4580 4581 4571
f 4571 4581 4582 4572
f 4572 4582 4583 4573
f 4573 4583 4584 4574
f 4574 4584 4585 4575
f 4575 4585 4586 4576
f 4576 4586 4587 4577
f 4577 4587 4578 4568
f 4579 4578 4588
f 4580 4579 4588
f 4581 4580 4588
f 4582 4581 4588
f 4583 4582 4588
f 4584 4583 4588
f 4585 4584 4588
f 4586 4585 4588
f 4587 4586 4588
f 4578 4587 4588
f 4609 4610 4611
f 4609 4611 4612
f 4609 4612 4613
f 4609 4613 4614
f 4609 4614 4615
f 4609 4615 4616
f 4609 4616 4617
f 4609 4617 4618
f 4609 4618 4619
f 4609 4619 4610
f 4610 4620 4621 4611
f 4611 4621 4622 4612
f 4612 4622 4623 4613
f 4613 4623 4624 4614
f 4614 4624 4625 4615
f 4615 4625 4626 4616
f 4616 4626 4627 4617
f 4617 4627 4628 4618
f 4618 4628 4629 4619
f 4619 4629 4620 4610
f 4620 4630 4631 4621
f 4621 4631 4632 4622
f 4622 4632 4633 4623
f 4623 4633 4634 4624
f 4624 4634 4635 4625
f 4625 4635 4636 4626
f 4626 4636 4637 4627
f 4627 4637 4638 4628
f 4628 4638 4639 4629
f 4629 4639 4630 4620
f 4630 4640 4641 4631
f 4631 4641 4642 4632
f 4632 4642 4643 4633
f 4633 4643 4644 4634
f 4634 4644 4645 4635
f 4635 4645 4646 4636
f 4636 4646 4647 4637
f 4637 4647 4648 4638
f 4638 4648 4649 4639
f 4639 4649 4640 4630
f 4641 4640 4650
f 4642 4641 4650
f 4643 4642 4650
f 4644 4643 4650
f 4645 4644 4650
f 4646 4645 4650
f 4647 4646 4650
f 4648 4647 4650
f 4649 4648 4650
f 4640 4649 4650
f 4671 4672 4673
f 4671 4673 4674
f 4671 4674 4675
f 4671 4675 4676
f 4671 4676 4677
f 4671 4677 4678
f 4671 4678 4679
f 4671 4679 4680
f 4671 4680 4681
f 4671 4681 4672
f 4672 4682 4683 4673
f 4673 4683 4684 4674
f 4674 4684 4685 4675
f 4675 4685 4686 4676
f 4676 4686 4687 4677
f 4677 4687 4688 4678
f 4678 4688 4689 4679
f 4679 4689 4690 4680
f 4680 4690 4691 4681
f 4681 4691 4682 4672
f 4682 4692 4693 4683
f 4683 4693 4694 4684
f 4684 4694 4695 4685
f 4685 4695 4696 4686
f 4686 4696 4697 4687
f 4687 4697 4698 4688
f 4688 4698 4699 4689
f 4689 4699 4700 4690
f 4690 4700 4701 4691
f 4691 4701 4692 4682
f 4692 4702 4703 4693
f 4693 4703 4704 4694
f 4694 4704 4705 4695
f 4695 4705 4706 4696
f 4696 4706 4707 4697
f 4697 4707 4708 4698
f 4698 4708 4709 4699
f 4699 4709 4710 4700
f 4700 4710 4711 4701
f 4701 4711 4702 4692
f 4703 4702 4712
f 4704 4703 4712
f 4705 4704 4712
f 4706 4705 4712
f 4707 4706 4712
f 4708 4707 4712
f 4709 4708 4712
f 4710 4709 4712
f 4711 4710 4712
f 4702 4711 4712
f 4733 4734 4735
f 4733 4735 4736
f 4733 4736 4737
f 4733 4737 4738
f 4733 4738 4739
f 4733 4739 4740
f 4733 4740 4741
f 4733 4741 4742
f 4733 4742 4743
f 4733 4743 4734
f 4734 4744 4745 4735
f 4735 4745 4746 4736
f 4736 4746 4747 4737
f 4737 4747 4748 4738
f 4738 4748 4749 4739
f 4739 4749 4750 4740
f 4740 4750 4751 4741
f 4741 4751 4752 4742
f 4742 4752 4753 4743
f 4743 4753 4744 4734
f 4744 4754 4755 4745
f 4745 4755 4756 4746
f 4746 4756 4757 4747
f 4747 4757 4758 4748
f 4748 4758 4759 4749
f 4749 4759 4760 4750
f 4750 4760 4761 4751
f 4751 4761 4762 4752
f 4752 4762 4763 4753
f 4753 4763 4754 4744
f 4754 4764 4765 4755
f 4755 4765 4766 4756
f 4756 4766 4767 4757
f 4757 4767 4768 4758
f 4758 4768 4769 4759
f 4759 4769 4770 4760
f 4760 4770 4771 4761
f 4761 4771 4772 4762
f 4762 4772 4773 4763
f 4763 4773 4764 4754
f 4765 4764 4774
f 4766 4765 4774
f 4767 4766 4774
f 4768 4767 4774
f 4769 4768 4774
f 4770 4769 4774
f 4771 4770 4774
f 4772 4771 4774
f 4773 4772 4774
f 4764 4773 4774
f 4795 4796 4797
f 4795 4797 4798
f 4795 4798 4799
f 4795 4799 4800
f 4795 4800 4801
f 4795 4801 4802
f 4795 4802 4803
f 4795 4803 4804
f 4795 4804 4805
f 4795 4805 4796
f 4796 4806 4807 4797
f 4797 4807 4808 4798
f 4798 4808 4809 4799
f 4799 4809 4810 4800
f 4800 4810 4811 4801
f 4801 4811 4812 4802
f 4802 4812 4813 4803
f 4803 4813 4814 4804
f 4804 4814 4815 4805
f 4805 4815 4806 4796
f 4806 4816 4817 4807
f 4807 4817 4818 4808
f 4808 4818 4819 4809
f 4809 4819 4820 4810
f 4810 4820 4821 4811
f 4811 4821 4822 4812
f 4812 4822 4823 4813
f 4813 4823 4824 4814
f 4814 4824 4825 4815
f 4815 4825 4816 4806
f 4816 4826 4827 4817
f 4817 4827 4828 4818
f 4818 4828 4829 4819
f 4819 4829 4830 4820
f 4820 4830 4831 4821
f 4821 4831 4832 4822
f 4822 4832 4833 4823
f 4823 4833 4834 4824
f 4824 4834 4835 4825
f 4825 4835 4826 4816
f 4827 4826 4836
f 4828 4827 4836
f 4829 4828 4836
f 4830 4829 4836
f 4831 4830 4836
f 4832 4831 4836
f 4833 4832 4836
f 4834 4833 4836
f 4835 4834 4836
f 4826 4835 4836
f 4857 4858 4859
f 4857 4859 4860
f 4857 4860 4861
f 4857 4861 4862
f 4857 4862 4863
f 4857 4863 4864
f 4857 4864 4865
f 4857 4865 4866
f 4857 4866 4867
f 4857 4867 4858
f 4858 4868 4869 4859
f 4859 4869 4870 4860
f 4860 4870 4871 4861
f 4861 4871 4872 4862
f 4862 4872 4873 4863
f 4863 4873 4874 4864
f 4864 4874 4875 4865
f 4865 4875 4876 4866
f 4866 4876 4877 4867
f 4867 4877 4868 4858
f 4868 4878 4879 4869
f 4869 4879 4880 4870
f 4870 4880 4881 4871
f 4871 4881 4882 4872
f 4872 4882 4883 4873
f 4873 4883 4884 4874
f 4874 4884 4885 4875
f 4875 4885 4886 4876
f 4876 4886 4887 4877
f 4877 4887 4878 4868
f 4878 4888 4889 4879
f 4879 4889 4890 4880
f 4880 4890 4891 4881
f 4881 4891 4892 4882
f 4882 4892 4893 4883
f 4883 4893 4894 4884
f 4884 4894 4895 4885
f 4885 4895 4896 4886
f 4886 4896 4897 4887
f 4887 4897 4888 4878
f 4889 4888 4898
f 4890 4889 4898
f 4891 4890 4898
f 4892 4891 4898
f 4893 4892 4898
f 4894 4893 4898
f 4895 4894 4898
f 4896 4895 4898
f 4897 4896 4898
f 4888 4897 4898
f 4919 4920 4921
f 4919 4921 4922
f 4919 4922 4923
f 4919 4923 4924
f 4919 4924 4925
f 4919 4925 4926
f 4919 4926 4927
f 4919 4927 4928
f 4919 4928 4929
f 4919 4929 4920
f 4920 4930 4931 4921
f 4921 4931 4932 4922
f 4922 4932 4933 4923
f 4923 4933 4934 4924
f 4924 4934 4935 4925
f 4925 4935 4936 4926
f 4926 4936 4937 4927
f 4927 4937 4938 4928
f 4928 4938 4939 4929
f 4929 4939 4930 4920
f 4930 4940 4941 4931
f 4931 4941 4942 4932
f 4932 4942 4943 4933
f 4933 4943 4944 4934
f 4934 4944 4945 4935
f 4935 4945 4946 4936
f 4936 4946 4947 4937
f 4937 4947 4948 4938
f 4938 4948 4949 4939
f 4939 4949 4940 4930
f 4940 4950 4951 4941
f 4941 4951 4952 4942
f 4942 4952 4953 4943
f 4943 4953 4954 4944
f 4944 4954 4955 4945
f 4945 4955 4956 4946
f 4946 4956 4957 4947
f 4947 4957 4958 4948
f 4948 4958 4959 4949
f 4949 4959 4950 4940
f 4951 4950 4960
f 4952 4951 4960
f 4953 4952 4960
f 4954 4953 4960
f 4955 4954 4960
f 4956 4955 4960
f 4957 4956 4960
f 4958 4957 4960
f 4959 4958 4960
f 4950 4959 4960
f 4981 4982 4983
f 4981 4983 4984
f 4981 4984 4985
f 4981 4985 4986
f 4981 4986 4987
f 4981 4987 4988
f 4981 4988 4989
f 4981 4989 4990
f 4981 4990 4991
f 4981 4991 4982
f 4982 4992 4993 4983
f 4983 4993 4994 4984
f 4984 4994 4995 4985
f 4985 4995 4996 4986
f 4986 4996 4997 4987
f 4987 4997 4998 4988
f 4988 4998 4999 4989
f 4989 4999 5000 4990
f 4990 5000 5001 4991
f 4991 5001 4992 4982
f 4992 5002 5003 4993
f 4993 5003 5004 4994
f 4994 5004 5005 4995
f 4995 5005 5006 4996
f 4996 5006 5007 4997
f 4997 5007 5008 4998
f 4998 5008 5009 4999
f 4999 5009 5010 5000
f 5000 5010 5011 5001
f 5001 5011 5002 4992
f 5002 5012 5013 5003
f 5003 5013 5014 5004
f 5004 5014 5015 5005
f 5005 5015 5016 5006
f 5006 5016 5017 5007
f 5007 5017 5018 5008
f 5008 5018 5019 5009
f 5009 5019 5020 5010
f 5010 5020 5021 5011
f 5011 5021 5012 5002
f 5013 5012 5022
f 5014 5013 5022
f 5015 5014 5022
f 5016 5015 5022
f 5017 5016 5022
f 5018 5017 5022
f 5019 5018 5022
f 5020 5019 5022
f 5021 5020 5022
f 5012 5021 5022
f 5043 5044 5045
f 5043 5045 5046
f 5043 5046 5047
f 5043 5047 5048
f 5043 5048 5049
f 5043 5049 5050
f 5043 5050 5051
f 5043 5051 5052
f 5043 5052 5053
f 5043 5053 5044
f 5044 5054 5055 5045
f 5045 5055 5056 5046
f 5046 5056 5057 5047
f 5047 5057 5058 5048
f 5048 5058 5059 5049
f 5049 5059 5060 5050
f 5050 5060 5061 5051
f 5051 5061 5062 5052
f 5052 5062 5063 5053
f 5053 5063 5054 5044
f 5054 5064 5065 5055
f 5055 5065 5066 5056
f 5056 5066 5067 5057
f 5057 5067 5068 5058
f 5058 5068 5069 5059
f 5059 5069 5070 5060
f 5060 5070 5071 5061
f 5061 5071 5072 5062
f 5062 5072 5073 5063
f 5063 5073 5064 5054
f 5064 5074 5075 5065
f 5065 5075 5076 5066
f 5066 5076 5077 5067
f 5067 5077 5078 5068
f 5068 5078 5079 5069
f 5069 5079 5080 5070
f 5070 5080 5081 5071
f 5071 5081 5082 5072
f 5072 5082 5083 5073
f 5073 5083 5074 5064
f 5075 5074 5084
f 5076 5075 5084
f 5077 5076 5084
f 5078 5077 5084
f 5079 5078 5084
f 5080 5079 5084
f 5081 5080 5084
f 5082 5081 5084
f 5083 5082 5084
f 5074 5083 5084
f 5105 5106 5107
f 5105 5107 5108
f 5105 5108 5109
f 5105 5109 5110
f 5105 5110 5111
f 5105 5111 5112
f 5105 5112 5113
f 5105 5113 5114
f 5105 5114 5115
f 5105 5115 5106
f 5106 5116 5117 5107
f 5107 5117 5118 5108
f 5108 5118 5119 5109
f 5109 5119 5120 5110
f 5110 5120 5121 5111
f 5111 5121 5122 5112
f 5112 5122 5123 5113
f 5113 5123 5124 5114
f 5114 5124 5125 5115
f 5115 5125 5116 5106
f 5116 5126 5127 5117
f 5117 5127 5128 5118
f 5118 5128 5129 5119
f 5119 5129 5130 5120
f 5120 5130 5131 5121
f 5121 5131 5132 5122
f 5122 5132 5133 5123
f 5123 5133 5134 5124
f 5124 5134 5135 5125
f 5125 5135 5126 5116
f 5126 5136 5137 5127
f 5127 5137 5138 5128
f 5128 5138 5139 5129
f 5129 5139 5140 5130
f 5130 5140 5141 5131
f 5131 5141 5142 5132
f 5132 5142 5143 5133
f 5133 5143 5144 5134
f 5134 5144 5145 5135
f 5135 5145 5136 5126
f 5137 5136 5146
f 5138 5137 5146
f 5139 5138 5146
f 5140 5139 5146
f 5141 5140 5146
f 5142 5141 5146
f 5143 5142 5146
f 5144 5143 5146
f 5145 5144 5146
f 5136 5145 5146
f 5167 5168 5169
f 5167 5169 5170
f 5167 5170 5171
f 5167 5171 5172
f 5167 5172 5173
f 5167 5173 5174
f 5167 5174 5175
f 5167 5175 5176
f 5167 5176 5177
f 5167 5177 5168
f 5168 5178 5179 5169
f 5169 5179 5180 5170
f 5170 5180 5181 5171
f 5171 5181 5182 5172
f 5172 5182 5183 5173
f 5173 5183 5184 5174
f 5174 5184 5185 5175
f 5175 5185 5186 5176
f 5176 5186 5187 5177
f 5177 5187 5178 5168
f 5178 5188 5189 5179
f 5179 5189 5190 5180
f 5180 5190 5191 5181
f 5181 5191 5192 5182
f 5182 5192 5193 5183
f 5183 5193 5194 5184
f 5184 5194 5195 5185
f 5185 5195 5196 5186
f 5186 5196 5197 5187
f 5187 5197 5188 5178
f 5188 5198 5199 5189
f 5189 5199 5200 5190
f 5190 5200 5201 5191
f 5191 5201 5202 5192
f 5192 5202 5203 5193
f 5193 5203 5204 5194
f 5194 5204 5205 5195
f 5195 5205 5206 5196
f 5196 5206 5207 5197
f 5197 5207 5198 5188
f 5199 5198 5208
f 5200 5199 5208
f 5201 5200 5208
f 5202 5201 5208
f 5203 5202 5208
f 5204 5203 5208
f 5205 5204 5208
f 5206 5205 5208
f 5207 5206 5208
f 5198 5207 5208
f 5229 5230 5231
f 5229 5231 5232
f 5229 5232 5233
f 5229 5233 5234
f 5229 5234 5235
f 5229 5235 5236
f 5229 5236 5237
f 5229 5237 5238
f 5229 5238 5239
f 5229 5239 5230
f 5230 5240 5241 5231
f 5231 5241 5242 5232
f 5232 5242 5243 5233
f 5233 5243 5244 5234
f 5234 5244 5245 5235
f 5235 5245 5246 5236
f 5236 5246 5247 5237
f 5237 5247 5248 5238
f 5238 5248 5249 5239
f 5239 5249 5240 5230
f 5240 5250 5251 5241
f 5241 5251 5252 5242
f 5242 5252 5253 5243
f 5243 5253 5254 5244
f 5244 5254 5255 5245
f 5245 5255 5256 5246
f 5246 5256 5257 5247
f 5247 5257 5258 5248
f 5248 5258 5259 5249
f 5249 5259 5250 5240
f 5250 5260 5261 5251
f 5251 5261 5262 5252
f 5252 5262 5263 5253
f 5253 5263 5264 5254
f 5254 5264 5265 5255
f 5255 5265 5266 5256
f 5256 5266 5267 5257
f 5257 5267 5268 5258
f 5258 5268 5269 5259
f 5259 5269 5260 5250
f 5261 5260 5270
f 5262 5261 5270
f 5263 5262 5270
f 5264 5263 5270
f 5265 5264 5270
f 5266 5265 5270
f 5267 5266 5270
f 5268 5267 5270
f 5269 5268 5270
f 5260 5269 5270
f 5291 5292 5293
f 5291 5293 5294
f 5291 5294 5295
f 5291 5295 5296
f 5291 5296 5297
f 5291 5297 5298
f 5291 5298 5299
f 5291 5299 5300
f 5291 5300 5301
f 5291 5301 5292
f 5292 5302 5303 5293
f 5293 5303 5304 5294
f 5294 5304 5305 5295
f 5295 5305 5306 5296
f 5296 5306 5307 5297
f 5297 5307 5308 5298
f 5298 5308 5309 5299
f 5299 5309 5310 5300
f 5300 5310 5311 5301
f 5301 5311 5302 5292
f 5302 5312 5313 5303
f 5303 5313 5314 5304
f 5304 5314 5315 5305
f 5305 5315 5316 5306
f 5306 5316 5317 5307
f 5307 5317 5318 5308
f 5308 5318 5319 5309
f 5309 5319 5320 5310
f 5310 5320 5321 5311
f 5311 5321 5312 5302
f 5312 5322 5323 5313
f 5313 5323 5324 5314
f 5314 5324 5325 5315
f 5315 5325 5326 5316
f 5316 5326 5327 5317
f 5317 5327 5328 5318
f 5318 5328 5329 5319
f 5319 5329 5330 5320
f 5320 5330 5331 5321
f 5321 5331 5322 5312
f 5323 5322 5332
f 5324 5323 5332
f 5325 5324 5332
f 5326 5325 5332
f 5327 5326 5332
f 5328 5327 5332
f 5329 5328 5332
f 5330 5329 5332
f 5331 5330 5332
f 5322 5331 5332
f 5353 5354 5355
f 5353 5355 5356
f 5353 5356 5357
f 5353 5357 5358
f 5353 5358 5359
f 5353 5359 5360
f 5353 5360 5361
f 5353 5361 5362
f 5353 5362 5363
f 5353 5363 5354
f 5354 5364 5365 5355
f 5355 5365 5366 5356
f 5356 5366 5367 5357
f 5357 5367 5368 5358
f 5358 5368 5369 5359
f 5359 5369 5370 5360
f 5360 5370 5371 5361
f 5361 5371 5372 5362
f 5362 5372 5373 5363
f 5363 5373 5364 5354
f 5364 5374 5375 5365
f 5365 5375 5376 5366
f 5366 5376 5377 5367
f 5367 5377 5378 5368
f 5368 5378 5379 5369
f 5369 5379 5380 5370
f 5370 5380 5381 5371
f 5371 5381 5382 5372
f 5372 5382 5383 5373
f 5373 5383 5374 5364
f 5374 5384 5385 5375
f 5375 5385 5386 5376
f 5376 5386 5387 5377
f 5377 5387 5388 5378
f 5378 5388 5389 5379
f 5379 5389 5390 5380
f 5380 5390 5391 5381
f 5381 5391 5392 5382
f 5382 5392 5393 5383
f 5383 5393 5384 5374
f 5385 5384 5394
f 5386 5385 5394
f 5387 5386 5394
f 5388 5387 5394
f 5389 5388 5394
f 5390 5389 5394
f 5391 5390 5394
f 5392 5391 5394
f 5393 5392 5394
f 5384 5393 5394
f 5415 5416 5417
f 5415 5417 5418
f 5415 5418 5419
f 5415 5419 5420
f 5415 5420 5421
f 5415 5421 5422
f 5415 5422 5423
f 5415 5423 5424
f 5415 5424 5425
f 5415 5425 5416
f 5416 5426 5427 5417
f 5417 5427 5428 5418
f 5418 5428 5429 5419
f 5419 5429 5430 5420
f 5420 5430 5431 5421
f 5421 5431 5432 5422
f 5422 5432 5433 5423
f 5423 5433 5434 5424
f 5424 5434 5435 5425
f 5425 5435 5426 5416
f 5426 5436 5437 5427
f 5427 5437 5438 5428
f 5428 5438 5439 5429
f 5429 5439 5440 5430
f 5430 5440 5441 5431
f 5431 5441 5442 5432
f 5432 5442 5443 5433
f 5433 5443 5444 5434
f 5434 5444 5445 5435
f 5435 5445 5436 5426
f 5436 5446 5447 5437
f 5437 5447 5448 5438
f 5438 5448 5449 5439
f 5439 5449 5450 5440
f 5440 5450 5451 5441
f 5441 5451 5452 5442
f 5442 5452 5453 5443
f 5443 5453 5454 5444
f 5444 5454 5455 5445
f 5445 5455 5446 5436
f 5447 5446 5456
f 5448 5447 5456
f 5449 5448 5456
f 5450 5449 5456
f 5451 5450 5456
f 5452 5451 5456
f 5453 5452 5456
f 5454 5453 5456
f 5455 5454 5456
f 5446 5455 5456
f 5477 5478 5479
f 5477 5479 5480
f 5477 5480 5481
f 5477 5481 5482
f 5477 5482 5483
f 5477 5483 5484
f 5477 5484 5485
f 5477 5485 5486
f 5477 5486 5487
f 5477 5487 5478
f 5478 5488 5489 5479
f 5479 5489 5490 5480
f 5480 5490 5491 5481
f 5481 5491 5492 5482
f 5482 5492 5493 5483
f 5483 5493 5494 5484
f 5484 5494 5495 5485
f 5485 5495 5496 5486
f 5486 5496 5497 5487
f 5487 5497 5488 5478
f 5488 5498 5499 5489
f 5489 5499 5500 5490
f 5490 5500 5501 5491
f 5491 5501 5502 5492
f 5492 5502 5503 5493
f 5493 5503 5504 5494
f 5494 5504 5505 5495
f 5495 5505 5506 5496
f 5496 5506 5507 5497
f 5497 5507 5498 5488
f 5498 5508 5509 5499
f 5499 5509 5510 5500
f 5500 5510 5511 5501
f 5501 5511 5512 5502
f 5502 5512 5513 5503
f 5503 5513 5514 5504
f 5504 5514 5515 5505
f 5505 5515 5516 5506
f 5506 5516 5517 5507
f 5507 5517 5508 5498
f 5509 5508 5518
f 5510 5509 5518
f 5511 5510 5518
f 5512 5511 5518
f 5513 5512 5518
f 5514 5513 5518
f 5515 5514 5518
f 5516 5515 5518
f 5517 5516 5518
f 5508 5517 5518
f 5539 5540 5541
f 5539 5541 5542
f 5539 5542 5543
f 5539 5543 5544
f 5539 5544 5545
f 5539 5545 5546
f 5539 5546 5547
f 5539 5547 5548
f 5539 5548 5549
f 5539 5549 5540
f 5540 5550 5551 5541
f 5541 5551 5552 5542
f 5542 5552 5553 5543
f 5543 5553 5554 5544
f 5544 5554 5555 5545
f 5545 5555 5556 5546
f 5546 5556 5557 5547
f 5547 5557 5558 5548
f 5548 5558 5559 5549
f 5549 5559 5550 5540
f 5550 5560 5561 5551
f 5551 5561 5562 5552
f 5552 5562 5563 5553
f 5553 5563 5564 5554
f 5554 5564 5565 5555
f 5555 5565 5566 5556
f 5556 5566 5567 5557
f 5557 5567 5568 5558
f 5558 5568 5569 5559
f 5559 5569 5560 5550
f 5560 5570 5571 5561
f 5561 5571 5572 5562
f 5562 5572 5573 5563
f 5563 5573 5574 5564
f 5564 5574 5575 5565
f 5565 5575 5576 5566
f 5566 5576 5577 5567
f 5567 5577 5578 5568
f 5568 5578 5579 5569
f 5569 5579 5570 5560
f 5571 5570 5580
f 5572 5571 5580
f 5573 5572 5580
f 5574 5573 5580
f 5575 5574 5580
f 5576 5575 5580
f 5577 5576 5580
f 5578 5577 5580
f 5579 5578 5580
f 5570 5579 5580
f 5601 5602 5603
f 5601 5603 5604
f 5601 5604 5605
f 5601 5605 5606
f 5601 5606 5607
f 5601 5607 5608
f 5601 5608 5609
f 5601 5609 5610
f 5601 5610 5611
f 5601 5611 5602
f 5602 5612 5613 5603
f 5603 5613 5614 5604
f 5604 5614 5615 5605
f 5605 5615 5616 5606
f 5606 5616 5617 5607
f 5607 5617 5618 5608
f 5608 5618 5619 5609
f 5609 5619 5620 5610
f 5610 5620 5621 5611
f 5611 5621 5612 5602
f 5612 5622 5623 5613
f 5613 5623 5624 5614
f 5614 5624 5625 5615
f 5615 5625 5626 5616
f 5616 5626 5627 5617
f 5617 5627 5628 5618
f 5618 5628 5629 5619
f 5619 5629 5630 5620
f 5620 5630 5631 5621
f 5621 5631 5622 5612
f 5622 5632 5633 5623
f 5623 5633 5634 5624
f 5624 5634 5635 5625
f 5625 5635 5636 5626
f 5626 5636 5637 5627
f 5627 5637 5638 5628
f 5628 5638 5639 5629
f 5629 5639 5640 5630
f 5630 5640 5641 5631
f 5631 5641 5632 5622
f 5633 5632 5642
f 5634 5633 5642
f 5635 5634 5642
f 5636 5635 5642
f 5637 5636 5642
f 5638 5637 5642
f 5639 5638 5642
f 5640 5639 5642
f 5641 5640 5642
f 5632 5641 5642
f 5663 5664 5665
f 5663 5665 5666
f 5663 5666 5667
f 5663 5667 5668
f 5663 5668 5669
f 5663 5669 5670
f 5663 5670 5671
f 5663 5671 5672
f 5663 5672 5673
f 5663 5673 5664
f 5664 5674 5675 5665
f 5665 5675 5676 5666
f 5666 5676 5677 5667
f 5667 5677 5678 5668
f 5668 5678 5679 5669
f 5669 5679 5680 5670
f 5670 5680 5681 5671
f 5671 5681 5682 5672
f 5672 5682 5683 5673
f 5673 5683 5674 5664
f 5674 5684 5685 5675
f 5675 5685 5686 5676
f 5676 5686 5687 5677
f 5677 5687 5688 5678
f 5678 5688 5689 5679
f 5679 5689 5690 5680
f 5680 5690 5691 5681
f 5681 5691 5692 5682
f 5682 5692 5693 5683
f 5683 5693 5684 5674
f 5684 5694 5695 5685
f 5685 5695 5696 5686
f 5686 5696 5697 5687
f 5687 5697 5698 5688
f 5688 5698 5699 5689
f 5689 5699 5700 5690
f 5690 5700 5701 5691
f 5691 5701 5702 5692
f 5692 5702 5703 5693
f 5693 5703 5694 5684
f 5695 5694 5704
f 5696 5695 5704
f 5697 5696 5704
f 5698 5697 5704
f 5699 5698 5704
f 5700 5699 5704
f 5701 5700 5704
f 5702 5701 5704
f 5703 5702 5704
f 5694 5703 5704
f 5725 5726 5727
f 5725 5727 5728
f 5725 5728 5729
f 5725 5729 5730
f 5725 5730 5731
f 5725 5731 5732
f 5725 5732 5733
f 5725 5733 5734
f 5725 5734 5735
f 5725 5735 5726
f 5726 5736 5737 5727
f 5727 5737 5738 5728
f 5728 5738 5739 5729
f 5729 5739 5740 5730
f 5730 5740 5741 5731
f 5731 5741 5742 5732
f 5732 5742 5743 5733
f 5733 5743 5744 5734
f 5734 5744 5745 5735
f 5735 5745 5736 5726
f 5736 5746 5747 5737
f 5737 5747 5748 5738
f 5738 5748 5749 5739
f 5739 5749 5750 5740
f 5740 5750 5751 5741
f 5741 5751 5752 5742
f 5742 5752 5753 5743
f 5743 5753 5754 5744
f 5744 5754 5755 5745
f 5745 5755 5746 5736
f 5746 5756 5757 5747
f 5747 5757 5758 5748
f 5748 5758 5759 5749
f 5749 5759 5760 5750
f 5750 5760 5761 5751
f 5751 5761 5762 5752
f 5752 5762 5763 5753
f 5753 5763 5764 5754
f 5754 5764 5765 5755
f 5755 5765 5756 5746
f 5757 5756 5766
f 5758 5757 5766
f 5759 5758 5766
f 5760 5759 5766
f 5761 5760 5766
f 5762 5761 5766
f 5763 5762 5766
f 5764 5763 5766
f 5765 5764 5766
f 5756 5765 5766
f 5787 5788 5789
f 5787 5789 5790
f 5787 5790 5791
f 5787 5791 5792
f 5787 5792 5793
f 5787 5793 5794
f 5787 5794 5795
f 5787 5795 5796
f 5787 5796 5797
f 5787 5797 5788
f 5788 5798 5799 5789
f 5789 5799 5800 5790
f 5790 5800 5801 5791
f 5791 5801 5802 5792
f 5792 5802 5803 5793
f 5793 5803 5804 5794
f 5794 5804 5805 5795
f 5795 5805 5806 5796
f 5796 5806 5807 5797
f 5797 5807 5798 5788
f 5798 5808 5809 5799
f 5799 5809 5810 5800
f 5800 5810 5811 5801
f 5801 5811 5812 5802
f 5802 5812 5813 5803
f 5803 5813 5814 5804
f 5804 5814 5815 5805
f 5805 5815 5816 5806
f 5806 5816 5817 5807
f 5807 5817 5808 5798
f 5808 5818 5819 5809
f 5809 5819 5820 5810
f 5810 5820 5821 5811
f 5811 5821 5822 5812
f 5812 5822 5823 5813
f 5813 5823 5824 5814
f 5814 5824 5825 5815
f 5815 5825 5826 5816
f 5816 5826 5827 5817
f 5817 5827 5818 5808
f 5819 5818 5828
f 5820 5819 5828
f 5821 5820 5828
f 5822 5821 5828
f 5823 5822 5828
f 5824 5823 5828
f 5825 5824 5828
f 5826 5825 5828
f 5827 5826 5828
f 5818 5827 5828
f 5849 5850 5851
f 5849 5851 5852
f 5849 5852 5853
f 5849 5853 5854
f 5849 5854 5855
f 5849 5855 5856
f 5849 5856 5857
f 5849 5857 5858
f 5849 5858 5859
f 5849 5859 5850
f 5850 5860 5861 5851
f 5851 5861 5862 5852
f 5852 5862 5863 5853
f 5853 5863 5864 5854
f 5854 5864 5865 5855
f 5855 5865 5866 5856
f 5856 5866 5867 5857
f 5857 5867 5868 5858
f 5858 5868 5869 5859
f 5859 5869 5860 5850
f 5860 5870 5871 5861
f 5861 5871 5872 5862
f 5862 5872 5873 5863
f 5863 5873 5874 5864
f 5864 5874 5875 5865
f 5865 5875 5876 5866
f 5866 5876 5877 5867
f 5867 5877 5878 5868
f 5868 5878 5879 5869
f 5869 5879 5870 5860
f 5870 5880 5881 5871
f 5871 5881 5882 5872
f 5872 5882 5883 5873
f 5873 5883 5884 5874
f 5874 5884 5885 5875
f 5875 5885 5886 5876
f 5876 5886 5887 5877
f 5877 5887 5888 5878
f 5878 5888 5889 5879
f 5879 5889 5880 5870
f 5881 5880 5890
f 5882 5881 5890
f 5883 5882 5890
f 5884 5883 5890
f 5885 5884 5890
f 5886 5885 5890
f 5887 5886 5890
f 5888 5887 5890
f 5889 5888 5890
f 5880 5889 5890
f 5911 5912 5913
f 5911 5913 5914
f 5911 5914 5915
f 5911 5915 5916
f 5911 5916 5917
f 5911 5917 5918
f 5911 5918 5919
f 5911 5919 5920
f 5911 5920 5921
f 5911 5921 5912
f 5912 5922 5923 5913
f 5913 5923 5924 5914
f 5914 5924 5925 5915
f 5915 5925 5926 5916
f 5916 5926 5927 5917
f 5917 5927 5928 5918
f 5918 5928 5929 5919
f 5919 5929 5930 5920
f 5920 5930 5931 5921
f 5921 5931 5922 5912
f 5922 5932 5933 5923
f 5923 5933 5934 5924
f 5924 5934 5935 5925
f 5925 5935 5936 5926
f 5926 5936 5937 5927
f 5927 5937 5938 5928
f 5928 5938 5939 5929
f 5929 5939 5940 5930
f 5930 5940 5941 5931
f 5931 5941 5932 5922
f 5932 5942 5943 5933
f 5933 5943 5944 5934
f 5934 5944 5945 5935
f 5935 5945 5946 5936
f 5936 5946 5947 5937
f 5937 5947 5948 5938
f 5938 5948 5949 5939
f 5939 5949 5950 5940
f 5940 5950 5951 5941
f 5941 5951 5942 5932
f 5943 5942 5952
f 5944 5943 5952
f 5945 5944 5952
f 5946 5945 5952
f 5947 5946 5952
f 5948 5947 5952
f 5949 5948 5952
f 5950 5949 5952
f 5951 5950 5952
f 5942 5951 5952
f 5973 5974 5975
f 5973 5975 5976
f 5973 5976 5977
f 5973 5977 5978
f 5973 5978 5979
f 5973 5979 5980
f 5973 5980 5981
f 5973 5981 5982
f 5973 5982 5983
f 5973 5983 5974
f 5974 5984 5985 5975
f 5975 5985 5986 5976
f 5976 5986 5987 5977
f 5977 5987 5988 5978
f 5978 5988 5989 5979
f 5979 5989 5990 5980
f 5980 5990 5991 5981
f 5981 5991 5992 5982
f 5982 5992 5993 5983
f 5983 5993 5984 5974
f 5984 5994 5995 5985
f 5985 5995 5996 5986
f 5986 5996 5997 5987
f 5987 5997 5998 5988
f 5988 5998 5999 5989
f 5989 5999 6000 5990
f 5990 6000 6001 5991
f 5991 6001 6002 5992
f 5992 6002 6003 5993
f 5993 6003 5994 5984
f 5994 6004 6005 5995
f 5995 6005 6006 5996
f 5996 6006 6007 5997
f 5997 6007 6008 5998
f 5998 6008 6009 5999
f 5999 6009 6010 6000
f 6000 6010 6011 6001
f 6001 6011 6012 6002
f 6002 6012 6013 6003
f 6003 6013 6004 5994
f 6005 6004 6014
f 6006 6005 6014
f 6007 6006 6014
f 6008 6007 6014
f 6009 6008 6014
f 6010 6009 6014
f 6011 6010 6014
f 6012 6011 6014
f 6013 6012 6014
f 6004 6013 6014
f 6035 6036 6037
f 6035 6037 6038
f 6035 6038 6039
f 6035 6039 6040
f 6035 6040 6041
f 6035 6041 6042
f 6035 6042 6043
f 6035 6043 6044
f 6035 6044 6045
f 6035 6045 6036
f 6036 6046 6047 6037
f 6037 6047 6048 6038
f 6038 6048 6049 6039
f 6039 6049 6050 6040
f 6040 6050 6051 6041
f 6041 6051 6052 6042
f 6042 6052 6053 6043
f 6043 6053 6054 6044
f 6044 6054 6055 6045
f 6045 6055 6046 6036
f 6046 6056 6057 6047
f 6047 6057 6058 6048
f 6048 6058 6059 6049
f 6049 6059 6060 6050
f 6050 6060 6061 6051
f 6051 6061 6062 6052
f 6052 6062 6063 6053
f 6053 6063 6064 6054
f 6054 6064 6065 6055
f 6055 6065 6056 6046
f 6056 6066 6067 6057
f 6057 6067 6068 6058
f 6058 6068 6069 6059
f 6059 6069 6070 6060
f 6060 6070 6071 6061
f 6061 6071 6072 6062
f 6062 6072 6073 6063
f 6063 6073 6074 6064
f 6064 6074 6075 6065
f 6065 6075 6066 6056
f 6067 6066 6076
f 6068 6067 6076
f 6069 6068 6076
f 6070 6069 6076
f 6071 6070 6076
f 6072 6071 6076
f 6073 6072 6076
f 6074 6073 6076
f 6075 6074 6076
f 6066 6075 6076
f 6097 6098 6099
f 6097 6099 6100
f 6097 6100 6101
f 6097 6101 6102
f 6097 6102 6103
f 6097 6103 6104
f 6097 6104 6105
f 6097 6105 6106
f 6097 6106 6107
f 6097 6107 6098
f 6098 6108 6109 6099
f 6099 6109 6110 6100
f 6100 6110 6111 6101
f 6101 6111 6112 6102
f 6102 6112 6113 6103
f 6103 6113 6114 6104
f 6104 6114 6115 6105
f 6105 6115 6116 6106
f 6106 6116 6117 6107
f 6107 6117 6108 6098
f 6108 6118 6119 6109
f 6109 6119 6120 6110
f 6110 6120 6121 6111
f 6111 6121 6122 6112
f 6112 6122 6123 6113
f 6113 6123 6124 6114
f 6114 6124 6125 6115
f 6115 6125 6126 6116
f 6116 6126 6127 6117
f 6117 6127 6118 6108
f 6118 6128 6129 6119
f 6119 6129 6130 6120
f 6120 6130 6131 6121
f 6121 6131 6132 6122
f 6122 6132 6133 6123
f 6123 6133 6134 6124
f 6124 6134 6135 6125
f 6125 6135 6136 6126
f 6126 6136 6137 6127
f 6127 6137 6128 6118
f 6129 6128 6138
f 6130 6129 6138
f 6131 6130 6138
f 6132 6131 6138
f 6133 6132 6138
f 6134 6133 6138
f 6135 6134 6138
f 6136 6135 6138
f 6137 6136 6138
f 6128 6137 6138
f 6159 6160 6161
f 6159 6161 6162
f 6159 6162 6163
f 6159 6163 6164
f 6159 6164 6165
f 6159 6165 6166
f 6159 6166 6167
f 6159 6167 6168
f 6159 6168 6169
f 6159 6169 6160
f 6160 6170 6171 6161
f 6161 6171 6172 6162
f 6162 6172 6173 6163
f 6163 6173 6174 6164
f 6164 6174 6175 6165
f 6165 6175 6176 6166
f 6166 6176 6177 6167
f 6167 6177 6178 6168
f 6168 6178 6179 6169
f 6169 6179 6170 6160
f 6170 6180 6181 6171
f 6171 6181 6182 6172
f 6172 6182 6183 6173
f 6173 6183 6184 6174
f 6174 6184 6185 6175
f 6175 6185 6186 6176
f 6176 6186 6187 6177
f 6177 6187 6188 6178
f 6178 6188 6189 6179
f 6179 6189 6180 6170
f 6180 6190 6191 6181
f 6181 6191 6192 6182
f 6182 6192 6193 6183
f 6183 6193 6194 6184
f 6184 6194 6195 6185
f 6185 6195 6196 6186
f 6186 6196 6197 6187
f 6187 6197 6198 6188
f 6188 6198 6199 6189
f 6189 6199 6190 6180
f 6191 6190 6200
f 6192 6191 6200
f 6193 6192 6200
f 6194 6193 6200
f 6195 6194 6200
f 6196 6195 6200
f 6197 6196 6200
f 6198 6197 6200
f 6199 6198 6200
f 6190 6199 6200
f 6221 6222 6223
f 6221 6223 6224
f 6221 6224 6225
f 6221 6225 6226
f 6221 6226 6227
f 6221 6227 6228
f 6221 6228 6229
f 6221 6229 6230
f 6221 6230 6231
f 6221 6231 6222
f 6222 6232 6233 6223
f 6223 6233 6234 6224
f 6224 6234 6235 6225
f 6225 6235 6236 6226
f 6226 6236 6237 6227
f 6227 6237 6238 6228
f 6228 6238 6239 6229
f 6229 6239 6240 6230
f 6230 6240 6241 6231
f 6231 6241 6232 6222
f 6232 6242 6243 6233
f 6233 6243 6244 6234
f 6234 6244 6245 6235
f 6235 6245 6246 6236
f 6236 6246 6247 6237
f 6237 6247 6248 6238
f 6238 6248 6249 6239
f 6239 6249 6250 6240
f 6240 6250 6251 6241
f 6241 6251 6242 6232
f 6242 6252 6253 6243
f 6243 6253 6254 6244
f 6244 6254 6255 6245
f 6245 6255 6256 6246
f 6246 6256 6257 6247
f 6247 6257 6258 6248
f 6248 6258 6259 6249
f 6249 6259 6260 6250
f 6250 6260 6261 6251
f 6251 6261 6252 6242
f 6253 6252 6262
f 6254 6253 6262
f 6255 6254 6262
f 6256 6255 6262
f 6257 6256 6262
f 6258 6257 6262
f 6259 6258 6262
f 6260 6259 6262
f 6261 6260 6262
f 6252 6261 6262
f 6283 6284 6285
f 6283 6285 6286
f 6283 6286 6287
f 6283 6287 6288
f 6283 6288 6289
f 6283 6289 6290
f 6283 6290 6291
f 6283 6291 6292
f 6283 6292 6293
f 6283 6293 6284
f 6284 6294 6295 6285
f 6285 6295 6296 6286
f 6286 6296 6297 6287
f 6287 6297 6298 6288
f 6288 6298 6299 6289
f 6289 6299 6300 6290
f 6290 6300 6301 6291
f 6291 6301 6302 6292
f 6292 6302 6303 6293
f 6293 6303 6294 6284
f 6294 6304 6305 6295
f 6295 6305 6306 6296
f 6296 6306 6307 6297
f 6297 6307 6308 6298
f 6298 6308 6309 6299
f 6299 6309 6310 6300
f 6300 6310 6311 6301
f 6301 6311 6312 6302
f 6302 6312 6313 6303
f 6303 6313 6304 6294
f 6304 6314 6315 6305
f 6305 6315 6316 6306
f 6306 6316 6317 6307
f 6307 6317 6318 6308
f 6308 6318 6319 6309
f 6309 6319 6320 6310
f 6310 6320 6321 6311
f 6311 6321 6322 6312
f 6312 6322 6323 6313
f 6313 6323 6314 6304
f 6315 6314 6324
f 6316 6315 6324
f 6317 6316 6324
f 6318 6317 6324
f 6319 6318 6324
f 6320 6319 6324
f 6321 6320 6324
f 6322 6321 6324
f 6323 6322 6324
f 6314 6323 6324
f 6345 6346 6347
f 6345 6347 6348
f 6345 6348 6349
f 6345 6349 6350
f 6345 6350 6351
f 6345 6351 6352
f 6345 6352 6353
f 6345 6353 6354
f 6345 6354 6355
f 6345 6355 6346
f 6346 6356 6357 6347
f 6347 6357 6358 6348
f 6348 6358 6359 6349
f 6349 6359 6360 6350
f 6350 6360 6361 6351
f 6351 6361 6362 6352
f 6352 6362 6363 6353
f 6353 6363 6364 6354
f 6354 6364 6365 6355
f 6355 6365 6356 6346
f 6356 6366 6367 6357
f 6357 6367 6368 6358
f 6358 6368 6369 6359
f 6359 6369 6370 6360
f 6360 6370 6371 6361
f 6361 6371 6372 6362
f 6362 6372 6373 6363
f 6363 6373 6374 6364
f 6364 6374 6375 6365
f 6365 6375 6366 6356
f 6366 6376 6377 6367
f 6367 6377 6378 6368
f 6368 6378 6379 6369
f 6369 6379 6380 6370
f 6370 6380 6381 6371
f 6371 6381 6382 6372
f 6372 6382 6383 6373
f 6373 6383 6384 6374
f 6374 6384 6385 6375
f 6375 6385 6376 6366
f 6377 6376 6386
f 6378 6377 6386
f 6379 6378 6386
f 6380 6379 6386
f 6381 6380 6386
f 6382 6381 6386
f 6383 6382 6386
f 6384 6383 6386
f 6385 6384 6386
f 6376 6385 6386
f 6407 6408 6409
f 6407 6409 6410
f 6407 6410 6411
f 6407 6411 6412
f 6407 6412 6413
f 6407 6413 6414
f 6407 6414 6415
f 6407 6415 6416
f 6407 6416 6417
f 6407 6417 6408
f 6408 6418 6419 6409
f 6409 6419 6420 6410
f 6410 6420 6421 6411
f 6411 6421 6422 6412
f 6412 6422 6423 6413
f 6413 6423 6424 6414
f 6414 6424 6425 6415
f 6415 6425 6426 6416
f 6416 6426 6427 6417
f 6417 6427 6418 6408
f 6418 6428 6429 6419
f 6419 6429 6430 6420
f 6420 6430 6431 6421
f 6421 6431 6432 6422
f 6422 6432 6433 6423
f 6423 6433 6434 6424
f 6424 6434 6435 6425
f 6425 6435 6436 6426
f 6426 6436 6437 6427
f 6427 6437 6428 6418
f 6428 6438 6439 6429
f 6429 6439 6440 6430
f 6430 6440 6441 6431
f 6431 6441 6442 6432
f 6432 6442 6443 6433
f 6433 6443 6444 6434
f 6434 6444 6445 6435
f 6435 6445 6446 6436
f 6436 6446 6447 6437
f 6437 6447 6438 6428
f 6439 6438 6448
f 6440 6439 6448
f 6441 6440 6448
f 6442 6441 6448
f 6443 6442 6448
f 6444 6443 6448
f 6445 6444 6448
f 6446 6445 6448
f 6447 6446 6448
f 6438 6447 6448
f 6469 6470 6471
f 6469 6471 6472
f 6469 6472 6473
f 6469 6473 6474
f 6469 6474 6475
f 6469 6475 6476
f 6469 6476 6477
f 6469 6477 6478
f 6469 6478 6479
f 6469 6479 6470
f 6470 6480 6481 6471
f 6471 6481 6482 6472
f 6472 6482 6483 6473
f 6473 6483 6484 6474
f 6474 6484 6485 6475
f 6475 6485 6486 6476
f 6476 6486 6487 6477
f 6477 6487 6488 6478
f 6478 6488 6489 6479
f 6479 6489 6480 6470
f 6480 6490 6491 6481
f 6481 6491 6492 6482
f 6482 6492 6493 6483
f 6483 6493 6494 6484
f 6484 6494 6495 6485
f 6485 6495 6496 6486
f 6486 6496 6497 6487
f 6487 6497 6498 6488
f 6488 6498 6499 6489
f 6489 6499 6490 6480
f 6490 6500 6501 6491
f 6491 6501 6502 6492
f 6492 6502 6503 6493
f 6493 6503 6504 6494
f 6494 6504 6505 6495
f 6495 6505 6506 6496
f 6496 6506 6507 6497
f 6497 6507 6508 6498
f 6498 6508 6509 6499
f 6499 6509 6500 6490
f 6501 6500 6510
f 6502 6501 6510
f 6503 6502 6510
f 6504 6503 6510
f 6505 6504 6510
f 6506 6505 6510
f 6507 6506 6510
f 6508 6507 6510
f 6509 6508 6510
f 6500 6509 6510
f 6531 6532 6533
f 6531 6533 6534
f 6531 6534 6535
f 6531 6535 6536
f 6531 6536 6537
f 6531 6537 6538
f 6531 6538 6539
f 6531 6539 6540
f 6531 6540 6541
f 6531 6541 6532
f 6532 6542 6543 6533
f 6533 6543 6544 6534
f 6534 6544 6545 6535
f 6535 6545 6546 6536
f 6536 6546 6547 6537
f 6537 6547 6548 6538
f 6538 6548 6549 6539
f 6539 6549 6550 6540
f 6540 6550 6551 6541
f 6541 6551 6542 6532
f 6542 6552 6553 6543
f 6543 6553 6554 6544
f 6544 6554 6555 6545
f 6545 6555 6556 6546
f 6546 6556 6557 6547
f 6547 6557 6558 6548
f 6548 6558 6559 6549
f 6549 6559 6560 6550
f 6550 6560 6561 6551
f 6551 6561 6552 6542
f 6552 6562 6563 6553
f 6553 6563 6564 6554
f 6554 6564 6565 6555
f 6555 6565 6566 6556
f 6556 6566 6567 6557
f 6557 6567 6568 6558
f 6558 6568 6569 6559
f 6559 6569 6570 6560
f 6560 6570 6571 6561
f 6561 6571 6562 6552
f 6563 6562 6572
f 6564 6563 6572
f 6565 6564 6572
f 6566 6565 6572
f 6567 6566 6572
f 6568 6567 6572
f 6569 6568 6572
f 6570 6569 6572
f 6571 6570 6572
f 6562 6571 6572
f 6593 6594 6595
f 6593 6595 6596
f 6593 6596 6597
f 6593 6597 6598
f 6593 6598 6599
f 6593 6599 6600
f 6593 6600 6601
f 6593 6601 6602
f 6593 6602 6603
f 6593 6603 6594
f 6594 6604 6605 6595
f 6595 6605 6606 6596
f 6596 6606 6607 6597
f 6597 6607 6608 6598
f 6598 6608 6609 6599
f 6599 6609 6610 6600
f 6600 6610 6611 6601
f 6601 6611 6612 6602
f 6602 6612 6613 6603
f 6603 6613 6604 6594
f 6604 6614 6615 6605
f 6605 6615 6616 6606
f 6606 6616 6617 6607
f 6607 6617 6618 6608
f 6608 6618 6619 6609
f 6609 6619 6620 6610
f 6610 6620 6621 6611
f 6611 6621 6622 6612
f 6612 6622 6623 6613
f 6613 6623 6614 6604
f 6614 6624 6625 6615
f 6615 6625 6626 6616
f 6616 6626 6627 6617
f 6617 6627 6628 6618
f 6618 6628 6629 6619
f 6619 6629 6630 6620
f 6620 6630 6631 6621
f 6621 6631 6632 6622
f 6622 6632 6633 6623
f 6623 6633 6624 6614
f 6625 6624 6634
f 6626 6625 6634
f 6627 6626 6634
f 6628 6627 6634
f 6629 6628 6634
f 6630 6629 6634
f 6631 6630 6634
f 6632 6631 6634
f 6633 6632 6634
f 6624 6633 6634
f 6655 6656 6657
f 6655 6657 6658
f 6655 6658 6659
f 6655 6659 6660
f 6655 6660 6661
f 6655 6661 6662
f 6655 6662 6663
f 6655 6663 6664
f 6655 6664 6665
f 6655 6665 6656
f 6656 6666 6667 6657
f 6657 6667 6668 6658
f 6658 6668 6669 6659
f 6659 6669 6670 6660
f 6660 6670 6671 6661
f 6661 6671 6672 6662
f 6662 6672 6673 6663
f 6663 6673 6674 6664
f 6664 6674 6675 6665
f 6665 6675 6666 6656
f 6666 6676 6677 6667
f 6667 6677 6678 6668
f 6668 6678 6679 6669
f 6669 6679 6680 6670
f 6670 6680 6681 6671
f 6671 6681 6682 6672
f 6672 6682 6683 6673
f 6673 6683 6684 6674
f 6674 6684 6685 6675
f 6675 6685 6676 6666
f 6676 6686 6687 6677
f 6677 6687 6688 6678
f 6678 6688 6689 6679
f 6679 6689 6690 6680
f 6680 6690 6691 6681
f 6681 6691 6692 6682
f 6682 6692 6693 6683
f 6683 6693 6694 6684
f 6684 6694 6695 6685
f 6685 6695 6686 6676
f 6687 6686 6696
f 6688 6687 6696
f 6689 6688 6696
f 6690 6689 6696
f 6691 6690 6696
f 6692 6691 6696
f 6693 6692 6696
f 6694 6693 6696
f 6695 6694 6696
f 6686 6695 6696
f 6717 6718 6719
f 6717 6719 6720
f 6717 6720 6721
f 6717 6721 6722
f 6717 6722 6723
f 6717 6723 6724
f 6717 6724 6725
f 6717 6725 6726
f 6717 6726 6727
f 6717 6727 6718
f 6718 6728 6729 6719
f 6719 6729 6730 6720
f 6720 6730 6731 6721
f 6721 6731 6732 6722
f 6722 6732 6733 6723
f 6723 6733 6734 6724
f 6724 6734 6735 6725
f 6725 6735 6736 6726
f 6726 6736 6737 6727
f 6727 6737 6728 6718
f 6728 6738 6739 6729
f 6729 6739 6740 6730
f 6730 6740 6741 6731
f 6731 6741 6742 6732
f 6732 6742 6743 6733
f 6733 6743 6744 6734
f 6734 6744 6745 6735
f 6735 6745 6746 6736
f 6736 6746 6747 6737
f 6737 6747 6738 6728
f 6738 6748 6749 6739
f 6739 6749 6750 6740
f 6740 6750 6751 6741
f 6741 6751 6752 6742
f 6742 6752 6753 6743
f 6743 6753 6754 6744
f 6744 6754 6755 6745
f 6745 6755 6756 6746
f 6746 6756 6757 6747
f 6747 6757 6748 6738
f 6749 6748 6758
f 6750 6749 6758
f 6751 6750 6758
f 6752 6751 6758
f 6753 6752 6758
f 6754 6753 6758
f 6755 6754 6758
f 6756 6755 6758
f 6757 6756 6758
f 6748 6757 6758
f 6779 6780 6781
f 6779 6781 6782
f 6779 6782 6783
f 6779 6783 6784
f 6779 6784 6785
f 6779 6785 6786
f 6779 6786 6787
f 6779 6787 6788
f 6779 6788 6789
f 6779 6789 6780
f 6780 6790 6791 6781
f 6781 6791 6792 6782
f 6782 6792 6793 6783
f 6783 6793 6794 6784
f 6784 6794 6795 6785
f 6785 6795 6796 6786
f 6786 6796 6797 6787
f 6787 6797 6798 6788
f 6788 6798 6799 6789
f 6789 6799 6790 6780
f 6790 6800 6801 6791
f 6791 6801 6802 6792
f 6792 6802 6803 6793
f 6793 6803 6804 6794
f 6794 6804 6805 6795
f 6795 6805 6806 6796
f 6796 6806 6807 6797
f 6797 6807 6808 6798
f 6798 6808 6809 6799
f 6799 6809 6800 6790
f 6800 6810 6811 6801
f 6801 6811 6812 6802
f 6802 6812 6813 6803
f 6803 6813 6814 6804
f 6804 6814 6815 6805
f 6805 6815 6816 6806
f 6806 6816 6817 6807
f 6807 6817 6818 6808
f 6808 6818 6819 6809
f 6809 6819 6810 6800
f 6811 6810 6820
f 6812 6811 6820
f 6813 6812 6820
f 6814 6813 6820
f 6815 6814 6820
f 6816 6815 6820
f 6817 6816 6820
f 6818 6817 6820
f 6819 6818 6820
f 6810 6819 6820
f 6841 6842 6843
f 6841 6843 6844
f 6841 6844 6845
f 6841 6845 6846
f 6841 6846 6847
f 6841 6847 6848
f 6841 6848 6849
f 6841 6849 6850
f 6841 6850 6851
f 6841 6851 6842
f 6842 6852 6853 6843
f 6843 6853 6854 6844
f 6844 6854 6855 6845
f 6845 6855 6856 6846
f 6846 6856 6857 6847
f 6847 6857 6858 6848
f 6848 6858 6859 6849
f 6849 6859 6860 6850
f 6850 6860 6861 6851
f 6851 6861 6852 6842
f 6852 6862 6863 6853
f 6853 6863 6864 6854
f 6854 6864 6865 6855
f 6855 6865 6866 6856
f 6856 6866 6867 6857
f 6857 6867 6868 6858
f 6858 6868 6869 6859
f 6859 6869 6870 6860
f 6860 6870 6871 6861
f 6861 6871 6862 6852
f 6862 6872 6873 6863
f 6863 6873 6874 6864
f 6864 6874 6875 6865
f 6865 6875 6876 6866
f 6866 6876 6877 6867
f 6867 6877 6878 6868
f 6868 6878 6879 6869
f 6869 6879 6880 6870
f 6870 6880 6881 6871
f 6871 6881 6872 6862
f 6873 6872 6882
f 6874 6873 6882
f 6875 6874 6882
f 6876 6875 6882
f 6877 6876 6882
f 6878 6877 6882
f 6879 6878 6882
f 6880 6879 6882
f 6881 6880 6882
f 6872 6881 6882
f 6903 6904 6905
f 6903 6905 6906
f 6903 6906 6907
f 6903 6907 6908
f 6903 6908 6909
f 6903 6909 6910
f 6903 6910 6911
f 6903 6911 6912
f 6903 6912 6913
f 6903 6913 6904
f 6904 6914 6915 6905
f 6905 6915 6916 6906
f 6906 6916 6917 6907
f 6907 6917 6918 6908
f 6908 6918 6919 6909
f 6909 6919 6920 6910
f 6910 6920 6921 6911
f 6911 6921 6922 6912
f 6912 6922 6923 6913
f 6913 6923 6914 6904
f 6914 6924 6925 6915
f 6915 6925 6926 6916
f 6916 6926 6927 6917
f 6917 6927 6928 6918
f 6918 6928 6929 6919
f 6919 6929 6930 6920
f 6920 6930 6931 6921
f 6921 6931 6932 6922
f 6922 6932 6933 6923
f 6923 6933 6924 6914
f 6924 6934 6935 6925
f 6925 6935 6936 6926
f 6926 6936 6937 6927
f 6927 6937 6938 6928
f 6928 6938 6939 6929
f 6929 6939 6940 6930
f 6930 6940 6941 6931
f 6931 6941 6942 6932
f 6932 6942 6943 6933
f 6933 6943 6934 6924
f 6935 6934 6944
f 6936 6935 6944
f 6937 6936 6944
f 6938 6937 6944
f 6939 6938 6944
f 6940 6939 6944
f 6941 6940 6944
f 6942 6941 6944
f 6943 6942 6944
f 6934 6943 6944
f 6965 6966 6967
f 6965 6967 6968
f 6965 6968 6969
f 6965 6969 6970
f 6965 6970 6971
f 6965 6971 6972
f 6965 6972 6973
f 6965 6973 6974
f 6965 6974 6975
f 6965 6975 6966
f 6966 6976 6977 6967
f 6967 6977 6978 6968
f 6968 6978 6979 6969
f 6969 6979 6980 6970
f 6970 6980 6981 6971
f 6971 6981 6982 6972
f 6972 6982 6983 6973
f 6973 6983 6984 6974
f 6974 6984 6985 6975
f 6975 6985 6976 6966
f 6976 6986 6987 6977
f 6977 6987 6988 6978
f 6978 6988 6989 6979
f 6979 6989 6990 6980
f 6980 6990 6991 6981
f 6981 6991 6992 6982
f 6982 6992 6993 6983
f 6983 6993 6994 6984
f 6984 6994 6995 6985
f 6985 6995 6986 6976
f 6986 6996 6997 6987
f 6987 6997 6998 6988
f 6988 6998 6999 6989
f 6989 6999 7000 6990
f 6990 7000 7001 6991
f 6991 7001 7002 6992
f 6992 7002 7003 6993
f 6993 7003 7004 6994
f 6994 7004 7005 6995
f 6995 7005 6996 6986
f 6997 6996 7006
f 6998 6997 7006
f 6999 6998 7006
f 7000 6999 7006
f 7001 7000 7006
f 7002 7001 7006
f 7003 7002 7006
f 7004 7003 7006
f 7005 7004 7006
f 6996 7005 7006
f 7027 7028 7029
f 7027 7029 7030
f 7027 7030 7031
f 7027 7031 7032
f 7027 7032 7033
f 7027 7033 7034
f 7027 7034 7035
f 7027 7035 7036
f 7027 7036 7037
f 7027 7037 7028
f 7028 7038 7039 7029
f 7029 7039 7040 7030
f 7030 7040 7041 7031
f 7031 7041 7042 7032
f 7032 7042 7043 7033
f 7033 7043 7044 7034
f 7034 7044 7045 7035
f 7035 7045 7046 7036
f 7036 7046 7047 7037
f 7037 7047 7038 7028
f 7038 7048 7049 7039
f 7039 7049 7050 7040
f 7040 7050 7051 7041
f 7041 7051 7052 7042
f 7042 7052 7053 7043
f 7043 7053 7054 7044
f 7044 7054 7055 7045
f 7045 7055 7056 7046
f 7046 7056 7057 7047
f 7047 7057 7048 7038
f 7048 7058 7059 7049
f 7049 7059 7060 7050
f 7050 7060 7061 7051
f 7051 7061 7062 7052
f 7052 7062 7063 7053
f 7053 7063 7064 7054
f 7054 7064 7065 7055
f 7055 7065 7066 7056
f 7056 7066 7067 7057
f 7057 7067 7058 7048
f 7059 7058 7068
f 7060 7059 7068
f 7061 7060 7068
f 7062 7061 7068
f 7063 7062 7068
f 7064 7063 7068
f 7065 7064 7068
f 7066 7065 7068
f 7067 7066 7068
f 7058 7067 7068
f 7089 7090 7091
f 7089 7091 7092
f 7089 7092 7093
f 7089 7093 7094
f 7089 7094 7095
f 7089 7095 7096
f 7089 7096 7097
f 7089 7097 7098
f 7089 7098 7099
f 7089 7099 7090
f 7090 7100 7101 7091
f 7091 7101 7102 7092
f 7092 7102 7103 7093
f 7093 7103 7104 7094
f 7094 7104 7105 7095
f 7095 7105 7106 7096
f 7096 7106 7107 7097
f 7097 7107 7108 7098
f 7098 7108 7109 7099
f 7099 7109 7100 7090
f 7100 7110 7111 7101
f 7101 7111 7112 7102
f 7102 7112 7113 7103
f 7103 7113 7114 7104
f 7104 7114 7115 7105
f 7105 7115 7116 7106
f 7106 7116 7117 7107
f 7107 7117 7118 7108
f 7108 7118 7119 7109
f 7109 7119 7110 7100
f 7110 7120 7121 7111
f 7111 7121 7122 7112
f 7112 7122 7123 7113
f 7113 7123 7124 7114
f 7114 7124 7125 7115
f 7115 7125 7126 7116
f 7116 7126 7127 7117
f 7117 7127 7128 7118
f 7118 7128 7129 7119
f 7119 7129 7120 7110
f 7121 7120 7130
f 7122 7121 7130
f 7123 7122 7130
f 7124 7123 7130
f 7125 7124 7130
f 7126 7125 7130
f 7127 7126 7130
f 7128 7127 7130
f 7129 7128 7130
f 7120 7129 7130
f 7151 7152 7153
f 7151 7153 7154
f 7151 7154 7155
f 7151 7155 7156
f 7151 7156 7157
f 7151 7157 7158
f 7151 7158 7159
f 7151 7159 7160
f 7151 7160 7161
f 7151 7161 7152
f 7152 7162 7163 7153
f 7153 7163 7164 7154
f 7154 7164 7165 7155
f 7155 7165 7166 7156
f 7156 7166 7167 7157
f 7157 7167 7168 7158
f 7158 7168 7169 7159
f 7159 7169 7170 7160
f 7160 7170 7171 7161
f 7161 7171 7162 7152
f 7162 7172 7173 7163
f 7163 7173 7174 7164
f 7164 7174 7175 7165
f 7165 7175 7176 7166
f 7166 7176 7177 7167
f 7167 7177 7178 7168
f 7168 7178 7179 7169
f 7169 7179 7180 7170
f 7170 7180 7181 7171
f 7171 7181 7172 7162
f 7172 7182 7183 7173
f 7173 7183 7184 7174
f 7174 7184 7185 7175
f 7175 7185 7186 7176
f 7176 7186 7187 7177
f 7177 7187 7188 7178
f 7178 7188 7189 7179
f 7179 7189 7190 7180
f 7180 7190 7191 7181
f 7181 7191 7182 7172
f 7183 7182 7192
f 7184 7183 7192
f 7185 7184 7192
f 7186 7185 7192
f 7187 7186 7192
f 7188 7187 7192
f 7189 7188 7192
f 7190 7189 7192
f 7191 7190 7192
f 7182 7191 7192
f 7213 7214 7215
f 7213 7215 7216
f 7213 7216 7217
f 7213 7217 7218
f 7213 7218 7219
f 7213 7219 7220
f 7213 7220 7221
f 7213 7221 7222
f 7213 7222 7223
f 7213 7223 7214
f 7214 7224 7225 7215
f 7215 7225 7226 7216
f 7216 7226 7227 7217
f 7217 7227 7228 7218
f 7218 7228 7229 7219
f 7219 7229 7230 7220
f 7220 7230 7231 7221
f 7221 7231 7232 7222
f 7222 7232 7233 7223
f 7223 7233 7224 7214
f 7224 7234 7235 7225
f 7225 7235 7236 7226
f 7226 7236 7237 7227
f 7227 7237 7238 7228
f 7228 7238 7239 7229
f 7229 7239 7240 7230
f 7230 7240 7241 7231
f 7231 7241 7242 7232
f 7232 7242 7243 7233
f 7233 7243 7234 7224
f 7234 7244 7245 7235
f 7235 7245 7246 7236
f 7236 7246 7247 7237
f 7237 7247 7248 7238
f 7238 7248 7249 7239
f 7239 7249 7250 7240
f 7240 7250 7251 7241
f 7241 7251 7252 7242
f 7242 7252 7253 7243
f 7243 7253 7244 7234
f 7245 7244 7254
f 7246 7245 7254
f 7247 7246 7254
f 7248 7247 7254
f 7249 7248 7254
f 7250 7249 7254
f 7251 7250 7254
f 7252 7251 7254
f 7253 7252 7254
f 7244 7253 7254
f 7275 7276 7277
f 7275 7277 7278
f 7275 7278 7279
f 7275 7279 7280
f 7275 7280 7281
f 7275 7281 7282
f 7275 7282 7283
f 7275 7283 7284
f 7275 7284 7285
f 7275 7285 7276
f 7276 7286 7287 7277
f 7277 7287 7288 7278
f 7278 7288 7289 7279
f 7279 7289 7290 7280
f 7280 7290 7291 7281
f 7281 7291 7292 7282
f 7282 7292 7293 7283
f 7283 7293 7294 7284
f 7284 7294 7295 7285
f 7285 7295 7286 7276
f 7286 7296 7297 7287
f 7287 7297 7298 7288
f 7288 7298 7299 7289
f 7289 7299 7300 7290
f 7290 7300 7301 7291
f 7291 7301 7302 7292
f 7292 7302 7303 7293
f 7293 7303 7304 7294
f 7294 7304 7305 7295
f 7295 7305 7296 7286
f 7296 7306 7307 7297
f 7297 7307 7308 7298
f 7298 7308 7309 7299
f 7299 7309 7310 7300
f 7300 7310 7311 7301
f 7301 7311 7312 7302
f 7302 7312 7313 7303
f 7303 7313 7314 7304
f 7304 7314 7315 7305
f 7305 7315 7306 7296
f 7307 7306 7316
f 7308 7307 7316
f 7309 7308 7316
f 7310 7309 7316
f 7311 7310 7316
f 7312 7311 7316
f 7313 7312 7316
f 7314 7313 7316
f 7315 7314 7316
f 7306 7315 7316
f 7337 7338 7339
f 7337 7339 7340
f 7337 7340 7341
f 7337 7341 7342
f 7337 7342 7343
f 7337 7343 7344
f 7337 7344 7345
f 7337 7345 7346
f 7337 7346 7347
f 7337 7347 7338
f 7338 7348 7349 7339
f 7339 7349 7350 7340
f 7340 7350 7351 7341
f 7341 7351 7352 7342
f 7342 7352 7353 7343
f 7343 7353 7354 7344
f 7344 7354 7355 7345
f 7345 7355 7356 7346
f 7346 7356 7357 7347
f 7347 7357 7348 7338
f 7348 7358 7359 7349
f 7349 7359 7360 7350
f 7350 7360 7361 7351
f 7351 7361 7362 7352
f 7352 7362 7363 7353
f 7353 7363 7364 7354
f 7354 7364 7365 7355
f 7355 7365 7366 7356
f 7356 7366 7367 7357
f 7357 7367 7358 7348
f 7358 7368 7369 7359
f 7359 7369 7370 7360
f 7360 7370 7371 7361
f 7361 7371 7372 7362
f 7362 7372 7373 7363
f 7363 7373 7374 7364
f 7364 7374 7375 7365
f 7365 7375 7376 7366
f 7366 7376 7377 7367
f 7367 7377 7368 7358
f 7369 7368 7378
f 7370 7369 7378
f 7371 7370 7378
f 7372 7371 7378
f 7373 7372 7378
f 7374 7373 7378
f 7375 7374 7378
f 7376 7375 7378
f 7377 7376 7378
f 7368 7377 7378
f 7399 7400 7401
f 7399 7401 7402
f 7399 7402 7403
f 7399 7403 7404
f 7399 7404 7405
f 7399 7405 7406
f 7399 7406 7407
f 7399 7407 7408
f 7399 7408 7409
f 7399 7409 7400
f 7400 7410 7411 7401
f 7401 7411 7412 7402
f 7402 7412 7413 7403
f 7403 7413 7414 7404
f 7404 7414 7415 7405
f 7405 7415 7416 7406
f 7406 7416 7417 7407
f 7407 7417 7418 7408
f 7408 7418 7419 7409
f 7409 7419 7410 7400
f 7410 7420 7421 7411
f 7411 7421 7422 7412
f 7412 7422 7423 7413
f 7413 7423 7424 7414
f 7414 7424 7425 7415
f 7415 7425 7426 7416
f 7416 7426 7427 7417
f 7417 7427 7428 7418
f 7418 7428 7429 7419
f 7419 7429 7420 7410
f 7420 7430 7431 7421
f 7421 7431 7432 7422
f 7422 7432 7433 7423
f 7423 7433 7434 7424
f 7424 7434 7435 7425
f 7425 7435 7436 7426
f 7426 7436 7437 7427
f 7427 7437 7438 7428
f 7428 7438 7439 7429
f 7429 7439 7430 7420
f 7431 7430 7440
f 7432 7431 7440
f 7433 7432 7440
f 7434 7433 7440
f 7435 7434 7440
f 7436 7435 7440
f 7437 7436 7440
f 7438 7437 7440
f 7439 7438 7440
f 7430 7439 7440
f 7461 7462 7463
f 7461 7463 7464
f 7461 7464 7465
f 7461 7465 7466
f 7461 7466 7467
f 7461 7467 7468
f 7461 7468 7469
f 7461 7469 7470
f 7461 7470 7471
f 7461 7471 7462
f 7462 7472 7473 7463
f 7463 7473 7474 7464
f 7464 7474 7475 7465
f 7465 7475 7476 7466
f 7466 7476 7477 7467
f 7467 7477 7478 7468
f 7468 7478 7479 7469
f 7469 7479 7480 7470
f 7470 7480 7481 7471
f 7471 7481 7472 7462
f 7472 7482 7483 7473
f 7473 7483 7484 7474
f 7474 7484 7485 7475
f 7475 7485 7486 7476
f 7476 7486 7487 7477
f 7477 7487 7488 7478
f 7478 7488 7489 7479
f 7479 7489 7490 7480
f 7480 7490 7491 7481
f 7481 7491 7482 7472
f 7482 7492 7493 7483
f 7483 7493 7494 7484
f 7484 7494 7495 7485
f 7485 7495 7496 7486
f 7486 7496 7497 7487
f 7487 7497 7498 7488
f 7488 7498 7499 7489
f 7489 7499 7500 7490
f 7490 7500 7501 7491
f 7491 7501 7492 7482
f 7493 7492 7502
f 7494 7493 7502
f 7495 7494 7502
f 7496 7495 7502
f 7497 7496 7502
f 7498 7497 7502
f 7499 7498 7502
f 7500 7499 7502
f 7501 7500 7502
f 7492 7501 7502
f 7523 7524 7525
f 7523 7525 7526
f 7523 7526 7527
f 7523 7527 7528
f 7523 7528 7529
f 7523 7529 7530
f 7523 7530 7531
f 7523 7531 7532
f 7523 7532 7533
f 7523 7533 7524
f 7524 7534 7535 7525
f 7525 7535 7536 7526
f 7526 7536 7537 7527
f 7527 7537 7538 7528
f 7528 7538 7539 7529
f 7529 7539 7540 7530
f 7530 7540 7541 7531
f 7531 7541 7542 7532
f 7532 7542 7543 7533
f 7533 7543 7534 7524
f 7534 7544 7545 7535
f 7535 7545 7546 7536
f 7536 7546 7547 7537
f 7537 7547 7548 7538
f 7538 7548 7549 7539
f 7539 7549 7550 7540
f 7540 7550 7551 7541
f 7541 7551 7552 7542
f 7542 7552 7553 7543
f 7543 7553 7544 7534
f 7544 7554 7555 7545
f 7545 7555 7556 7546
f 7546 7556 7557 7547
f 7547 7557 7558 7548
f 7548 7558 7559 7549
f 7549 7559 7560 7550
f 7550 7560 7561 7551
f 7551 7561 7562 7552
f 7552 7562 7563 7553
f 7553 7563 7554 7544
f 7555 7554 7564
f 7556 7555 7564
f 7557 7556 7564
f 7558 7557 7564
f 7559 7558 7564
f 7560 7559 7564
f 7561 7560 7564
f 7562 7561 7564
f 7563 7562 7564
f 7554 7563 7564
f 7585 7586 7587
f 7585 7587 7588
f 7585 7588 7589
f 7585 7589 7590
f 7585 7590 7591
f 7585 7591 7592
f 7585 7592 7593
f 7585 7593 7594
f 7585 7594 7595
f 7585 7595 7586
f 7586 7596 7597 7587
f 7587 7597 7598 7588
f 7588 7598 7599 7589
f 7589 7599 7600 7590
f 7590 7600 7601 7591
f 7591 7601 7602 7592
f 7592 7602 7603 7593
f 7593 7603 7604 7594
f 7594 7604 7605 7595
f 7595 7605 7596 7586
f 7596 7606 7607 7597
f 7597 7607 7608 7598
f 7598 7608 7609 7599
f 7599 7609 7610 7600
f 7600 7610 7611 7601
f 7601 7611 7612 7602
f 7602 7612 7613 7603
f 7603 7613 7614 7604
f 7604 7614 7615 7605
f 7605 7615 7606 7596
f 7606 7616 7617 7607
f 7607 7617 7618 7608
f 7608 7618 7619 7609
f 7609 7619 7620 7610
f 7610 7620 7621 7611
f 7611 7621 7622 7612
f 7612 7622 7623 7613
f 7613 7623 7624 7614
f 7614 7624 7625 7615
f 7615 7625 7616 7606
f 7617 7616 7626
f 7618 7617 7626
f 7619 7618 7626
f 7620 7619 7626
f 7621 7620 7626
f 7622 7621 7626
f 7623 7622 7626
f 7624 7623 7626
f 7625 7624 7626
f 7616 7625 7626
f 7647 7648 7649
f 7647 7649 7650
f 7647 7650 7651
f 7647 7651 7652
f 7647 7652 7653
f 7647 7653 7654
f 7647 7654 7655
f 7647 7655 7656
f 7647 7656 7657
f 7647 7657 7648
f 7648 7658 7659 7649
f 7649 7659 7660 7650
f 7650 7660 7661 7651
f 7651 7661 7662 7652
f 7652 7662 7663 7653
f 7653 7663 7664 7654
f 7654 7664 7665 7655
f 7655 7665 7666 7656
f 7656 7666 7667 7657
f 7657 7667 7658 7648
f 7658 7668 7669 7659
f 7659 7669 7670 7660
f 7660 7670 7671 7661
f 7661 7671 7672 7662
f 7662 7672 7673 7663
f 7663 7673 7674 7664
f 7664 7674 7675 7665
f 7665 7675 7676 7666
f 7666 7676 7677 7667
f 7667 7677 7668 7658
f 7668 7678 7679 7669
f 7669 7679 7680 7670
f 7670 7680 7681 7671
f 7671 7681 7682 7672
f 7672 7682 7683 7673
f 7673 7683 7684 7674
f 7674 7684 7685 7675
f 7675 7685 7686 7676
f 7676 7686 7687 7677
f 7677 7687 7678 7668
f 7679 7678 7688
f 7680 7679 7688
f 7681 7680 7688
f 7682 7681 7688
f 7683 7682 7688
f 7684 7683 7688
f 7685 7684 7688
f 7686 7685 7688
f 7687 7686 7688
f 7678 7687 7688
f 7709 7710 7711
f 7709 7711 7712
f 7709 7712 7713
f 7709 7713 7714
f 7709 7714 7715
f 7709 7715 7716
f 7709 7716 7717
f 7709 7717 7718
f 7709 7718 7719
f 7709 7719 7710
f 7710 7720 7721 7711
f 7711 7721 7722 7712
f 7712 7722 7723 7713
f 7713 7723 7724 7714
f 7714 7724 7725 7715
f 7715 7725 7726 7716
f 7716 7726 7727 7717
f 7717 7727 7728 7718
f 7718 7728 7729 7719
f 7719 7729 7720 7710
f 7720 7730 7731 7721
f 7721 7731 7732 7722
f 7722 7732 7733 7723
f 7723 7733 7734 7724
f 7724 7734 7735 7725
f 7725 7735 7736 7726
f 7726 7736 7737 7727
f 7727 7737 7738 7728
f 7728 7738 7739 7729
f 7729 7739 7730 7720
f 7730 7740 7741 7731
f 7731 7741 7742 7732
f 7732 7742 7743 7733
f 7733 7743 7744 7734
f 7734 7744 7745 7735
f 7735 7745 7746 7736
f 7736 7746 7747 7737
f 7737 7747 7748 7738
f 7738 7748 7749 7739
f 7739 7749 7740 7730
f 7741 7740 7750
f 7742 7741 7750
f 7743 7742 7750
f 7744 7743 7750
f 7745 7744 7750
f 7746 7745 7750
f 7747 7746 7750
f 7748 7747 7750
f 7749 7748 7750
f 7740 7749 7750
f 7771 7772 7773
f 7771 7773 7774
f 7771 7774 7775
f 7771 7775 7776
f 7771 7776 7777
f 7771 7777 7778
f 7771 7778 7779
f 7771 7779 7780
f 7771 7780 7781
f 7771 7781 7772
f 7772 7782 7783 7773
f 7773 7783 7784 7774
f 7774 7784 7785 7775
f 7775 7785 7786 7776
f 7776 7786 7787 7777
f 7777 7787 7788 7778
f 7778 7788 7789 7779
f 7779 7789 7790 7780
f 7780 7790 7791 7781
f 7781 7791 7782 7772
f 7782 7792 7793 7783
f 7783 7793 7794 7784
f 7784 7794 7795 7785
f 7785 7795 7796 7786
f 7786 7796 7797 7787
f 7787 7797 7798 7788
f 7788 7798 7799 7789
f 7789 7799 7800 7790
f 7790 7800 7801 7791
f 7791 7801 7792 7782
f 7792 7802 7803 7793
f 7793 7803 7804 7794
f 7794 7804 7805 7795
f 7795 7805 7806 7796
f 7796 7806 7807 7797
f 7797 7807 7808 7798
f 7798 7808 7809 7799
f 7799 7809 7810 7800
f 7800 7810 7811 7801
f 7801 7811 7802 7792
f 7803 7802 7812
f 7804 7803 7812
f 7805 7804 7812
f 7806 7805 7812
f 7807 7806 7812
f 7808 7807 7812
f 7809 7808 7812
f 7810 7809 7812
f 7811 7810 7812
f 7802 7811 7812
f 7833 7834 7835
f 7833 7835 7836
f 7833 7836 7837
f 7833 7837 7838
f 7833 7838 7839
f 7833 7839 7840
f 7833 7840 7841
f 7833 7841 7842
f 7833 7842 7843
f 7833 7843 7834
f 7834 7844 7845 7835
f 7835 7845 7846 7836
f 7836 7846 7847 7837
f 7837 7847 7848 7838
f 7838 7848 7849 7839
f 7839 7849 7850 7840
f 7840 7850 7851 7841
f 7841 7851 7852 7842
f 7842 7852 7853 7843
f 7843 7853 7844 7834
f 7844 7854 7855 7845
f 7845 7855 7856 7846
f 7846 7856 7857 7847
f 7847 7857 7858 7848
f 7848 7858 7859 7849
f 7849 7859 7860 7850
f 7850 7860 7861 7851
f 7851 7861 7862 7852
f 7852 7862 7863 7853
f 7853 7863 7854 7844
f 7854 7864 7865 7855
f 7855 7865 7866 7856
f 7856 7866 7867 7857
f 7857 7867 7868 7858
f 7858 7868 7869 7859
f 7859 7869 7870 7860
f 7860 7870 7871 7861
f 7861 7871 7872 7862
f 7862 7872 7873 7863
f 7863 7873 7864 7854
f 7865 7864 7874
f 7866 7865 7874
f 7867 7866 7874
f 7868 7867 7874
f 7869 7868 7874
f 7870 7869 7874
f 7871 7870 7874
f 7872 7871 7874
f 7873 7872 7874
f 7864 7873 7874
f 7895 7896 7897
f 7895 7897 7898
f 7895 7898 7899
f 7895 7899 7900
f 7895 7900 7901
f 7895 7901 7902
f 7895 7902 7903
f 7895 7903 7904
f 7895 7904 7905
f 7895 7905 7896
f 7896 7906 7907 7897
f 7897 7907 7908 7898
f 7898 7908 7909 7899
f 7899 7909 7910 7900
f 7900 7910 7911 7901
f 7901 7911 7912 7902
f 7902 7912 7913 7903
f 7903 7913 7914 7904
f 7904 7914 7915 7905
f 7905 7915 7906 7896
f 7906 7916 7917 7907
f 7907 7917 7918 7908
f 7908 7918 7919 7909
f 7909 7919 7920 7910
f 7910 7920 7921 7911
f 7911 7921 7922 7912
f 7912 7922 7923 7913
f 7913 7923 7924 7914
f 7914 7924 7925 7915
f 7915 7925 7916 7906
f 7916 7926 7927 7917
f 7917 7927 7928 7918
f 7918 7928 7929 7919
f 7919 7929 7930 7920
f 7920 7930 7931 7921
f 7921 7931 7932 7922
f 7922 7932 7933 7923
f 7923 7933 7934 7924
f 7924 7934 7935 7925
f 7925 7935 7926 7916
f 7927 7926 7936
f 7928 7927 7936
f 7929 7928 7936
f 7930 7929 7936
f 7931 7930 7936
f 7932 7931 7936
f 7933 7932 7936
f 7934 7933 7936
f 7935 7934 7936
f 7926 7935 7936
f 7957 7958 7959
f 7957 7959 7960
f 7957 7960 7961
f 7957 7961 7962
f 7957 7962 7963
f 7957 7963 7964
f 7957 7964 7965
f 7957 7965 7966
f 7957 7966 7967
f 7957 7967 7958
f 7958 7968 7969 7959
f 7959 7969 7970 7960
f 7960 7970 7971 7961
f 7961 7971 7972 7962
f 7962 7972 7973 7963
f 7963 7973 7974 7964
f 7964 7974 7975 7965
f 7965 7975 7976 7966
f 7966 7976 7977 7967
f 7967 7977 7968 7958
f 7968 7978 7979 7969
f 7969 7979 7980 7970
f 7970 7980 7981 7971
f 7971 7981 7982 7972
f 7972 7982 7983 7973
f 7973 7983 7984 7974
f 7974 7984 7985 7975
f 7975 7985 7986 7976
f 7976 7986 7987 7977
f 7977 7987 7978 7968
f 7978 7988 7989 7979
f 7979 7989 7990 7980
f 7980 7990 7991 7981
f 7981 7991 7992 7982
f 7982 7992 7993 7983
f 7983 7993 7994 7984
f 7984 7994 7995 7985
f 7985 7995 7996 7986
f 7986 7996 7997 7987
f 7987 7997 7988 7978
f 7989 7988 7998
f 7990 7989 7998
f 7991 7990 7998
f 7992 7991 7998
f 7993 7992 7998
f 7994 7993 7998
f 7995 7994 7998
f 7996 7995 7998
f 7997 7996 7998
f 7988 7997 7998
f 8019 8020 8021
f 8019 8021 8022
f 8019 8022 8023
f 8019 8023 8024
f 8019 8024 8025
f 8019 8025 8026
f 8019 8026 8027
f 8019 8027 8028
f 8019 8028 8029
f 8019 8029 8020
f 8020 8030 8031 8021
f 8021 8031 8032 8022
f 8022 8032 8033 8023
f 8023 8033 8034 8024
f 8024 8034 8035 8025
f 8025 8035 8036 8026
f 8026 8036 8037 8027
f 8027 8037 8038 8028
f 8028 8038 8039 8029
f 8029 8039 8030 8020
f 8030 8040 8041 8031
f 8031 8041 8042 8032
f 8032 8042 8043 8033
f 8033 8043 8044 8034
f 8034 8044 8045 8035
f 8035 8045 8046 8036
f 8036 8046 8047 8037
f 8037 8047 8048 8038
f 8038 8048 8049 8039
f 8039 8049 8040 8030
f 8040 8050 8051 8041
f 8041 8051 8052 8042
f 8042 8052 8053 8043
f 8043 8053 8054 8044
f 8044 8054 8055 8045
f 8045 8055 8056 8046
f 8046 8056 8057 8047
f 8047 8057 8058 8048
f 8048 8058 8059 8049
f 8049 8059 8050 8040
f 8051 8050 8060
f 8052 8051 8060
f 8053 8052 8060
f 8054 8053 8060
f 8055 8054 8060
f 8056 8055 8060
f 8057 8056 8060
f 8058 8057 8060
f 8059 8058 8060
f 8050 8059 8060
f 8081 8082 8083
f 8081 8083 8084
f 8081 8084 8085
f 8081 8085 8086
f 8081 8086 8087
f 8081 8087 8088
f 8081 8088 8089
f 8081 8089 8090
f 8081 8090 8091
f 8081 8091 8082
f 8082 8092 8093 8083
f 8083 8093 8094 8084
f 8084 8094 8095 8085
f 8085 8095 8096 8086
f 8086 8096 8097 8087
f 8087 8097 8098 8088
f 8088 8098 8099 8089
f 8089 8099 8100 8090
f 8090 8100 8101 8091
f 8091 8101 8092 8082
f 8092 8102 8103 8093
f 8093 8103 8104 8094
f 8094 8104 8105 8095
f 8095 8105 8106 8096
f 8096 8106 8107 8097
f 8097 8107 8108 8098
f 8098 8108 8109 8099
f 8099 8109 8110 8100
f 8100 8110 8111 8101
f 8101 8111 8102 8092
f 8102 8112 8113 8103
f 8103 8113 8114 8104
f 8104 8114 8115 8105
f 8105 8115 8116 8106
f 8106 8116 8117 8107
f 8107 8117 8118 8108
f 8108 8118 8119 8109
f 8109 8119 8120 8110
f 8110 8120 8121 8111
f 8111 8121 8112 8102
f 8113 8112 8122
f 8114 8113 8122
f 8115 8114 8122
f 8116 8115 8122
f 8117 8116 8122
f 8118 8117 8122
f 8119 8118 8122
f 8120 8119 8122
f 8121 8120 8122
f 8112 8121 8122
f 8143 8144 8145
f 8143 8145 8146
f 8143 8146 8147
f 8143 8147 8148
f 8143 8148 8149
f 8143 8149 8150
f 8143 8150 8151
f 8143 8151 8152
f 8143 8152 8153
f 8143 8153 8144
f 8144 8154 8155 8145
f 8145 8155 8156 8146
f 8146 8156 8157 8147
f 8147 8157 8158 8148
f 8148 8158 8159 8149
f 8149 8159 8160 8150
f 8150 8160 8161 8151
f 8151 8161 8162 8152
f 8152 8162 8163 8153
f 8153 8163 8154 8144
f 8154 8164 8165 8155
f 8155 8165 8166 8156
f 8156 8166 8167 8157
f 8157 8167 8168 8158
f 8158 8168 8169 8159
f 8159 8169 8170 8160
f 8160 8170 8171 8161
f 8161 8171 8172 8162
f 8162 8172 8173 8163
f 8163 8173 8164 8154
f 8164 8174 8175 8165
f 8165 8175 8176 8166
f 8166 8176 8177 8167
f 8167 8177 8178 8168
f 8168 8178 8179 8169
f 8169 8179 8180 8170
f 8170 8180 8181 8171
f 8171 8181 8182 8172
f 8172 8182 8183 8173
f 8173 8183 8174 8164
f 8175 8174 8184
f 8176 8175 8184
f 8177 8176 8184
f 8178 8177 8184
f 8179 8178 8184
f 8180 8179 8184
f 8181 8180 8184
f 8182 8181 8184
f 8183 8182 8184
f 8174 8183 8184
f 8205 8206 8207
f 8205 8207 8208
f 8205 8208 8209
f 8205 8209 8210
f 8205 8210 8211
f 8205 8211 8212
f 8205 8212 8213
f 8205 8213 8214
f 8205 8214 8215
f 8205 8215 8206
f 8206 8216 8217 8207
f 8207 8217 8218 8208
f 8208 8218 8219 8209
f 8209 8219 8220 8210
f 8210 8220 8221 8211
f 8211 8221 8222 8212
f 8212 8222 8223 8213
f 8213 8223 8224 8214
f 8214 8224 8225 8215
f 8215 8225 8216 8206
f 8216 8226 8227 8217
f 8217 8227 8228 8218
f 8218 8228 8229 8219
f 8219 8229 8230 8220
f 8220 8230 8231 8221
f 8221 8231 8232 8222
f 8222 8232 8233 8223
f 8223 8233 8234 8224
f 8224 8234 8235 8225
f 8225 8235 8226 8216
f 8226 8236 8237 8227
f 8227 8237 8238 8228
f 8228 8238 8239 8229
f 8229 8239 8240 8230
f 8230 8240 8241 8231
f 8231 8241 8242 8232
f 8232 8242 8243 8233
f 8233 8243 8244 8234
f 8234 8244 8245 8235
f 8235 8245 8236 8226
f 8237 8236 8246
f 8238 8237 8246
f 8239 8238 8246
f 8240 8239 8246
f 8241 8240 8246
f 8242 8241 8246
f 8243 8242 8246
f 8244 8243 8246
f 8245 8244 8246
f 8236 8245 8246
f 8267 8268 8269
f 8267 8269 8270
f 8267 8270 8271
f 8267 8271 8272
f 8267 8272 8273
f 8267 8273 8274
f 8267 8274 8275
f 8267 8275 8276
f 8267 8276 8277
f 8267 8277 8268
f 8268 8278 8279 8269
f 8269 8279 8280 8270
f 8270 8280 8281 8271
f 8271 8281 8282 8272
f 8272 8282 8283 8273
f 8273 8283 8284 8274
f 8274 8284 8285 8275
f 8275 8285 8286 8276
f 8276 8286 8287 8277
f 8277 8287 8278 8268
f 8278 8288 8289 8279
f 8279 8289 8290 8280
f 8280 8290 8291 8281
f 8281 8291 8292 8282
f 8282 8292 8293 8283
f 8283 8293 8294 8284
f 8284 8294 8295 8285
f 8285 8295 8296 8286
f 8286 8296 8297 8287
f 8287 8297 8288 8278
f 8288 8298 8299 8289
f 8289 8299 8300 8290
f 8290 8300 8301 8291
f 8291 8301 8302 8292
f 8292 8302 8303 8293
f 8293 8303 8304 8294
f 8294 8304 8305 8295
f 8295 8305 8306 8296
f 8296 8306 8307 8297
f 8297 8307 8298 8288
f 8299 8298 8308
f 8300 8299 8308
f 8301 8300 8308
f 8302 8301 8308
f 8303 8302 8308
f 8304 8303 8308
f 8305 8304 8308
f 8306 8305 8308
f 8307 8306 8308
f 8298 8307 8308
f 8329 8330 8331
f 8329 8331 8332
f 8329 8332 8333
f 8329 8333 8334
f 8329 8334 8335
f 8329 8335 8336
f 8329 8336 8337
f 8329 8337 8338
f 8329 8338 8339
f 8329 8339 8330
f 8330 8340 8341 8331
f 8331 8341 8342 8332
f 8332 8342 8343 8333
f 8333 8343 8344 8334
f 8334 8344 8345 8335
f 8335 8345 8346 8336
f 8336 8346 8347 8337
f 8337 8347 8348 8338
f 8338 8348 8349 8339
f 8339 8349 8340 8330
f 8340 8350 8351 8341
f 8341 8351 8352 8342
f 8342 8352 8353 8343
f 8343 8353 8354 8344
f 8344 8354 8355 8345
f 8345 8355 8356 8346
f 8346 8356 8357 8347
f 8347 8357 8358 8348
f 8348 8358 8359 8349
f 8349 8359 8350 8340
f 8350 8360 8361 8351
f 8351 8361 8362 8352
f 8352 8362 8363 8353
f 8353 8363 8364 8354
f 8354 8364 8365 8355
f 8355 8365 8366 8356
f 8356 8366 8367 8357
f 8357 8367 8368 8358
f 8358 8368 8369 8359
f 8359 8369 8360 8350
f 8361 8360 8370
f 8362 8361 8370
f 8363 8362 8370
f 8364 8363 8370
f 8365 8364 8370
f 8366 8365 8370
f 8367 8366 8370
f 8368 8367 8370
f 8369 8368 8370
f 8360 8369 8370
f 8391 8392 8393
f 8391 8393 8394
f 8391 8394 8395
f 8391 8395 8396
f 8391 8396 8397
f 8391 8397 8398
f 8391 8398 8399
f 8391 8399 8400
f 8391 8400 8401
f 8391 8401 8392
f 8392 8402 8403 8393
f 8393 8403 8404 8394
f 8394 8404 8405 8395
f 8395 8405 8406 8396
f 8396 8406 8407 8397
f 8397 8407 8408 8398
f 8398 8408 8409 8399
f 8399 8409 8410 8400
f 8400 8410 8411 8401
f 8401 8411 8402 8392
f 8402 8412 8413 8403
f 8403 8413 8414 8404
f 8404 8414 8415 8405
f 8405 8415 8416 8406
f 8406 8416 8417 8407
f 8407 8417 8418 8408
f 8408 8418 8419 8409
f 8409 8419 8420 8410
f 8410 8420 8421 8411
f 8411 8421 8412 8402
f 8412 8422 8423 8413
f 8413 8423 8424 8414
f 8414 8424 8425 8415
f 8415 8425 8426 8416
f 8416 8426 8427 8417
f 8417 8427 8428 8418
f 8418 8428 8429 8419
f 8419 8429 8430 8420
f 8420 8430 8431 8421
f 8421 8431 8422 8412
f 8423 8422 8432
f 8424 8423 8432
f 8425 8424 8432
f 8426 8425 8432
f 8427 8426 8432
f 8428 8427 8432
f 8429 8428 8432
f 8430 8429 8432
f 8431 8430 8432
f 8422 8431 8432
f 8453 8454 8455
f 8453 8455 8456
f 8453 8456 8457
f 8453 8457 8458
f 8453 8458 8459
f 8453 8459 8460
f 8453 8460 8461
f 8453 8461 8462
f 8453 8462 8463
f 8453 8463 8454
f 8454 8464 8465 8455
f 8455 8465 8466 8456
f 8456 8466 8467 8457
f 8457 8467 8468 8458
f 8458 8468 8469 8459
f 8459 8469 8470 8460
f 8460 8470 8471 8461
f 8461 8471 8472 8462
f 8462 8472 8473 8463
f 8463 8473 8464 8454
f 8464 8474 8475 8465
f 8465 8475 8476 8466
f 8466 8476 8477 8467
f 8467 8477 8478 8468
f 8468 8478 8479 8469
f 8469 8479 8480 8470
f 8470 8480 8481 8471
f 8471 8481 8482 8472
f 8472 8482 8483 8473
f 8473 8483 8474 8464
f 8474 8484 8485 8475
f 8475 8485 8486 8476
f 8476 8486 8487 8477
f 8477 8487 8488 8478
f 8478 8488 8489 8479
f 8479 8489 8490 8480
f 8480 8490 8491 8481
f 8481 8491 8492 8482
f 8482 8492 8493 8483
f 8483 8493 8484 8474
f 8485 8484 8494
f 8486 8485 8494
f 8487 8486 8494
f 8488 8487 8494
f 8489 8488 8494
f 8490 8489 8494
f 8491 8490 8494
f 8492 8491 8494
f 8493 8492 8494
f 8484 8493 8494
f 8515 8516 8517
f 8515 8517 8518
f 8515 8518 8519
f 8515 8519 8520
f 8515 8520 8521
f 8515 8521 8522
f 8515 8522 8523
f 8515 8523 8524
f 8515 8524 8525
f 8515 8525 8516
f 8516 8526 8527 8517
f 8517 8527 8528 8518
f 8518 8528 8529 8519
f 8519 8529 8530 8520
f 8520 8530 8531 8521
f 8521 8531 8532 8522
f 8522 8532 8533 8523
f 8523 8533 8534 8524
f 8524 8534 8535 8525
f 8525 8535 8526 8516
f 8526 8536 8537 8527
f 8527 8537 8538 8528
f 8528 8538 8539 8529
f 8529 8539 8540 8530
f 8530 8540 8541 8531
f 8531 8541 8542 8532
f 8532 8542 8543 8533
f 8533 8543 8544 8534
f 8534 8544 8545 8535
f 8535 8545 8536 8526
f 8536 8546 8547 8537
f 8537 8547 8548 8538
f 8538 8548 8549 8539
f 8539 8549 8550 8540
f 8540 8550 8551 8541
f 8541 8551 8552 8542
f 8542 8552 8553 8543
f 8543 8553 8554 8544
f 8544 8554 8555 8545
f 8545 8555 8546 8536
f 8547 8546 8556
f 8548 8547 8556
f 8549 8548 8556
f 8550 8549 8556
f 8551 8550 8556
f 8552 8551 8556
f 8553 8552 8556
f 8554 8553 8556
f 8555 8554 8556
f 8546 8555 8556
f 8577 8578 8579
f 8577 8579 8580
f 8577 8580 8581
f 8577 8581 8582
f 8577 8582 8583
f 8577 8583 8584
f 8577 8584 8585
f 8577 8585 8586
f 8577 8586 8587
f 8577 8587 8578
f 8578 8588 8589 8579
f 8579 8589 8590 8580
f 8580 8590 8591 8581
f 8581 8591 8592 8582
f 8582 8592 8593 8583
f 8583 8593 8594 8584
f 8584 8594 8595 8585
f 8585 8595 8596 8586
f 8586 8596 8597 8587
f 8587 8597 8588 8578
f 8588 8598 8599 8589
f 8589 8599 8600 8590
f 8590 8600 8601 8591
f 8591 8601 8602 8592
f 8592 8602 8603 8593
f 8593 8603 8604 8594
f 8594 8604 8605 8595
f 8595 8605 8606 8596
f 8596 8606 8607 8597
f 8597 8607 8598 8588
f 8598 8608 8609 8599
f 8599 8609 8610 8600
f 8600 8610 8611 8601
f 8601 8611 8612 8602
f 8602 8612 8613 8603
f 8603 8613 8614 8604
f 8604 8614 8615 8605
f 8605 8615 8616 8606
f 8606 8616 8617 8607
f 8607 8617 8608 8598
f 8609 8608 8618
f 8610 8609 8618
f 8611 8610 8618
f 8612 8611 8618
f 8613 8612 8618
f 8614 8613 8618
f 8615 8614 8618
f 8616 8615 8618
f 8617 8616 8618
f 8608 8617 8618
f 8639 8640 8641
f 8639 8641 8642
f 8639 8642 8643
f 8639 8643 8644
f 8639 8644 8645
f 8639 8645 8646
f 8639 8646 8647
f 8639 8647 8648
f 8639 8648 8649
f 8639 8649 8640
f 8640 8650 8651 8641
f 8641 8651 8652 8642
f 8642 8652 8653 8643
f 8643 8653 8654 8644
f 8644 8654 8655 8645
f 8645 8655 8656 8646
f 8646 8656 8657 8647
f 8647 8657 8658 8648
f 8648 8658 8659 8649
f 8649 8659 8650 8640
f 8650 8660 8661 8651
f 8651 8661 8662 8652
f 8652 8662 8663 8653
f 8653 8663 8664 8654
f 8654 8664 8665 8655
f 8655 8665 8666 8656
f 8656 8666 8667 8657
f 8657 8667 8668 8658
f 8658 8668 8669 8659
f 8659 8669 8660 8650
f 8660 8670 8671 8661
f 8661 8671 8672 8662
f 8662 8672 8673 8663
f 8663 8673 8674 8664
f 8664 8674 8675 8665
f 8665 8675 8676 8666
f 8666 8676 8677 8667
f 8667 8677 8678 8668
f 8668 8678 8679 8669
f 8669 8679 8670 8660
f 8671 8670 8680
f 8672 8671 8680
f 8673 8672 8680
f 8674 8673 8680
f 8675 8674 8680
f 8676 8675 8680
f 8677 8676 8680
f 8678 8677 8680
f 8679 8678 8680
f 8670 8679 8680
f 8701 8702 8703
f 8701 8703 8704
f 8701 8704 8705
f 8701 8705 8706
f 8701 8706 8707
f 8701 8707 8708
f 8701 8708 8709
f 8701 8709 8710
f 8701 8710 8711
f 8701 8711 8702
f 8702 8712 8713 8703
f 8703 8713 8714 8704
f 8704 8714 8715 8705
f 8705 8715 8716 8706
f 8706 8716 8717 8707
f 8707 8717 8718 8708
f 8708 8718 8719 8709
f 8709 8719 8720 8710
f 8710 8720 8721 8711
f 8711 8721 8712 8702
f 8712 8722 8723 8713
f 8713 8723 8724 8714
f 8714 8724 8725 8715
f 8715 8725 8726 8716
f 8716 8726 8727 8717
f 8717 8727 8728 8718
f 8718 8728 8729 8719
f 8719 8729 8730 8720
f 8720 8730 8731 8721
f 8721 8731 8722 8712
f 8722 8732 8733 8723
f 8723 8733 8734 8724
f 8724 8734 8735 8725
f 8725 8735 8736 8726
f 8726 8736 8737 8727
f 8727 8737 8738 8728
f 8728 8738 8739 8729
f 8729 8739 8740 8730
f 8730 8740 8741 8731
f 8731 8741 8732 8722
f 8733 8732 8742
f 8734 8733 8742
f 8735 8734 8742
f 8736 8735 8742
f 8737 8736 8742
f 8738 8737 8742
f 8739 8738 8742
f 8740 8739 8742
f 8741 8740 8742
f 8732 8741 8742
f 8763 8764 8765
f 8763 8765 8766
f 8763 8766 8767
f 8763 8767 8768
f 8763 8768 8769
f 8763 8769 8770
f 8763 8770 8771
f 8763 8771 8772
f 8763 8772 8773
f 8763 8773 8764
f 8764 8774 8775 8765
f 8765 8775 8776 8766
f 8766 8776 8777 8767
f 8767 8777 8778 8768
f 8768 8778 8779 8769
f 8769 8779 8780 8770
f 8770 8780 8781 8771
f 8771 8781 8782 8772
f 8772 8782 8783 8773
f 8773 8783 8774 8764
f 8774 8784 8785 8775
f 8775 8785 8786 8776
f 8776 8786 8787 8777
f 8777 8787 8788 8778
f 8778 8788 8789 8779
f 8779 8789 8790 8780
f 8780 8790 8791 8781
f 8781 8791 8792 8782
f 8782 8792 8793 8783
f 8783 8793 8784 8774
f 8784 8794 8795 8785
f 8785 8795 8796 8786
f 8786 8796 8797 8787
f 8787 8797 8798 8788
f 8788 8798 8799 8789
f 8789 8799 8800 8790
f 8790 8800 8801 8791
f 8791 8801 8802 8792
f 8792 8802 8803 8793
f 8793 8803 8794 8784
f 8795 8794 8804
f 8796 8795 8804
f 8797 8796 8804
f 8798 8797 8804
f 8799 8798 8804
f 8800 8799 8804
f 8801 8800 8804
f 8802 8801 8804
f 8803 8802 8804
f 8794 8803 8804
f 8825 8826 8827
f 8825 8827 8828
f 8825 8828 8829
f 8825 8829 8830
f 8825 8830 8831
f 8825 8831 8832
f 8825 8832 8833
f 8825 8833 8834
f 8825 8834 8835
f 8825 8835 8826
f 8826 8836 8837 8827
f 8827 8837 8838 8828
f 8828 8838 8839 8829
f 8829 8839 8840 8830
f 8830 8840 8841 8831
f 8831 8841 8842 8832
f 8832 8842 8843 8833
f 8833 8843 8844 8834
f 8834 8844 8845 8835
f 8835 8845 8836 8826
f 8836 8846 8847 8837
f 8837 8847 8848 8838
f 8838 8848 8849 8839
f 8839 8849 8850 8840
f 8840 8850 8851 8841
f 8841 8851 8852 8842
f 8842 8852 8853 8843
f 8843 8853 8854 8844
f 8844 8854 8855 8845
f 8845 8855 8846 8836
f 8846 8856 8857 8847
f 8847 8857 8858 8848
f 8848 8858 8859 8849
f 8849 8859 8860 8850
f 8850 8860 8861 8851
f 8851 8861 8862 8852
f 8852 8862 8863 8853
f 8853 8863 8864 8854
f 8854 8864 8865 8855
f 8855 8865 8856 8846
f 8857 8856 8866
f 8858 8857 8866
f 8859 8858 8866
f 8860 8859 8866
f 8861 8860 8866
f 8862 8861 8866
f 8863 8862 8866
f 8864 8863 8866
f 8865 8864 8866
f 8856 8865 8866
f 8887 8888 8889
f 8887 8889 8890
f 8887 8890 8891
f 8887 8891 8892
f 8887 8892 8893
f 8887 8893 8894
f 8887 8894 8895
f 8887 8895 8896
f 8887 8896 8897
f 8887 8897 8888
f 8888 8898 8899 8889
f 8889 8899 8900 8890
f 8890 8900 8901 8891
f 8891 8901 8902 8892
f 8892 8902 8903 8893
f 8893 8903 8904 8894
f 8894 8904 8905 8895
f 8895 8905 8906 8896
f 8896 8906 8907 8897
f 8897 8907 8898 8888
f 8898 8908 8909 8899
f 8899 8909 8910 8900
f 8900 8910 8911 8901
f 8901 8911 8912 8902
f 8902 8912 8913 8903
f 8903 8913 8914 8904
f 8904 8914 8915 8905
f 8905 8915 8916 8906
f 8906 8916 8917 8907
f 8907 8917 8908 8898
f 8908 8918 8919 8909
f 8909 8919 8920 8910
f 8910 8920 8921 8911
f 8911 8921 8922 8912
f 8912 8922 8923 8913
f 8913 8923 8924 8914
f 8914 8924 8925 8915
f 8915 8925 8926 8916
f 8916 8926 8927 8917
f 8917 8927 8918 8908
f 8919 8918 8928
f 8920 8919 8928
f 8921 8920 8928
f 8922 8921 8928
f 8923 8922 8928
f 8924 8923 8928
f 8925 8924 8928
f 8926 8925 8928
f 8927 8926 8928
f 8918 8927 8928
f 8949 8950 8951
f 8949 8951 8952
f 8949 8952 8953
f 8949 8953 8954
f 8949 8954 8955
f 8949 8955 8956
f 8949 8956 8957
f 8949 8957 8958
f 8949 8958 8959
f 8949 8959 8950
f 8950 8960 8961 8951
f 8951 8961 8962 8952
f 8952 8962 8963 8953
f 8953 8963 8964 8954
f 8954 8964 8965 8955
f 8955 8965 8966 8956
f 8956 8966 8967 8957
f 8957 8967 8968 8958
f 8958 8968 8969 8959
f 8959 8969 8960 8950
f 8960 8970 8971 8961
f 8961 8971 8972 8962
f 8962 8972 8973 8963
f 8963 8973 8974 8964
f 8964 8974 8975 8965
f 8965 8975 8976 8966
f 8966 8976 8977 8967
f 8967 8977 8978 8968
f 8968 8978 8979 8969
f 8969 8979 8970 8960
f 8970 8980 8981 8971
f 8971 8981 8982 8972
f 8972 8982 8983 8973
f 8973 8983 8984 8974
f 8974 8984 8985 8975
f 8975 8985 8986 8976
f 8976 8986 8987 8977
f 8977 8987 8988 8978
f 8978 8988 8989 8979
f 8979 8989 8980 8970
f 8981 8980 8990
f 8982 8981 8990
f 8983 8982 8990
f 8984 8983 8990
f 8985 8984 8990
f 8986 8985 8990
f 8987 8986 8990
f 8988 8987 8990
f 8989 8988 8990
f 8980 8989 8990
f 9011 9012 9013
f 9011 9013 9014
f 9011 9014 9015
f 9011 9015 9016
f 9011 9016 9017
f 9011 9017 9018
f 9011 9018 9019
f 9011 9019 9020
f 9011 9020 9021
f 9011 9021 9012
f 9012 9022 9023 9013
f 9013 9023 9024 9014
f 9014 9024 9025 9015
f 9015 9025 9026 9016
f 9016 9026 9027 9017
f 9017 9027 9028 9018
f 9018 9028 9029 9019
f 9019 9029 9030 9020
f 9020 9030 9031 9021
f 9021 9031 9022 9012
f 9022 9032 9033 9023
f 9023 9033 9034 9024
f 9024 9034 9035 9025
f 9025 9035 9036 9026
f 9026 9036 9037 9027
f 9027 9037 9038 9028
f 9028 9038 9039 9029
f 9029 9039 9040 9030
f 9030 9040 9041 9031
f 9031 9041 9032 9022
f 9032 9042 9043 9033
f 9033 9043 9044 9034
f 9034 9044 9045 9035
f 9035 9045 9046 9036
f 9036 9046 9047 9037
f 9037 9047 9048 9038
f 9038 9048 9049 9039
f 9039 9049 9050 9040
f 9040 9050 9051 9041
f 9041 9051 9042 9032
f 9043 9042 9052
f 9044 9043 9052
f 9045 9044 9052
f 9046 9045 9052
f 9047 9046 9052
f 9048 9047 9052
f 9049 9048 9052
f 9050 9049 9052
f 9051 9050 9052
f 9042 9051 9052
f 9073 9074 9075
f 9073 9075 9076
f 9073 9076 9077
f 9073 9077 9078
f 9073 9078 9079
f 9073 9079 9080
f 9073 9080 9081
f 9073 9081 9082
f 9073 9082 9083
f 9073 9083 9074
f 9074 9084 9085 9075
f 9075 9085 9086 9076
f 9076 9086 9087 9077
f 9077 9087 9088 9078
f 9078 9088 9089 9079
f 9079 9089 9090 9080
f 9080 9090 9091 9081
f 9081 9091 9092 9082
f 9082 9092 9093 9083
f 9083 9093 9084 9074
f 9084 9094 9095 9085
f 9085 9095 9096 9086
f 9086 9096 9097 9087
f 9087 9097 9098 9088
f 9088 9098 9099 9089
f 9089 9099 9100 9090
f 9090 9100 9101 9091
f 9091 9101 9102 9092
f 9092 9102 9103 9093
f 9093 9103 9094 9084
f 9094 9104 9105 9095
f 9095 9105 9106 9096
f 9096 9106 9107 9097
f 9097 9107 9108 9098
f 9098 9108 9109 9099
f 9099 9109 9110 9100
f 9100 9110 9111 9101
f 9101 9111 9112 9102
f 9102 9112 9113 9103
f 9103 9113 9104 9094
f 9105 9104 9114
f 9106 9105 9114
f 9107 9106 9114
f 9108 9107 9114
f 9109 9108 9114
f 9110 9109 9114
f 9111 9110 9114
f 9112 9111 9114
f 9113 9112 9114
f 9104 9113 9114
f 9135 9136 9137
f 9135 9137 9138
f 9135 9138 9139
f 9135 9139 9140
f 9135 9140 9141
f 9135 9141 9142
f 9135 9142 9143
f 9135 9143 9144
f 9135 9144 9145
f 9135 9145 9136
f 9136 9146 9147 9137
f 9137 9147 9148 9138
f 9138 9148 9149 9139
f 9139 9149 9150 9140
f 9140 9150 9151 9141
f 9141 9151 9152 9142
f 9142 9152 9153 9143
f 9143 9153 9154 9144
f 9144 9154 9155 9145
f 9145 9155 9146 9136
f 9146 9156 9157 9147
f 9147 9157 9158 9148
f 9148 9158 9159 9149
f 9149 9159 9160 9150
f 9150 9160 9161 9151
f 9151 9161 9162 9152
f 9152 9162 9163 9153
f 9153 9163 9164 9154
f 9154 9164 9165 9155
f 9155 9165 9156 9146
f 9156 9166 9167 9157
f 9157 9167 9168 9158
f 9158 9168 9169 9159
f 9159 9169 9170 9160
f 9160 9170 9171 9161
f 9161 9171 9172 9162
f 9162 9172 9173 9163
f 9163 9173 9174 9164
f 9164 9174 9175 9165
f 9165 9175 9166 9156
f 9167 9166 9176
f 9168 9167 9176
f 9169 9168 9176
f 9170 9169 9176
f 9171 9170 9176
f 9172 9171 9176
f 9173 9172 9176
f 9174 9173 9176
f 9175 9174 9176
f 9166 9175 9176
f 9197 9198 9199
f 9197 9199 9200
f 9197 9200 9201
f 9197 9201 9202
f 9197 9202 9203
f 9197 9203 9204
f 9197 9204 9205
f 9197 9205 9206
f 9197 9206 9207
f 9197 9207 9198
f 9198 9208 9209 9199
f 9199 9209 9210 9200
f 9200 9210 9211 9201
f 9201 9211 9212 9202
f 9202 9212 9213 9203
f 9203 9213 9214 9204
f 9204 9214 9215 9205
f 9205 9215 9216 9206
f 9206 9216 9217 9207
f 9207 9217 9208 9198
f 9208 9218 9219 9209
f 9209 9219 9220 9210
f 9210 9220 9221 9211
f 9211 9221 9222 9212
f 9212 9222 9223 9213
f 9213 9223 9224 9214
f 9214 9224 9225 9215
f 9215 9225 9226 9216
f 9216 9226 9227 9217
f 9217 9227 9218 9208
f 9218 9228 9229 9219
f 9219 9229 9230 9220
f 9220 9230 9231 9221
f 9221 9231 9232 9222
f 9222 9232 9233 9223
f 9223 9233 9234 9224
f 9224 9234 9235 9225
f 9225 9235 9236 9226
f 9226 9236 9237 9227
f 9227 9237 9228 9218
f 9229 9228 9238
f 9230 9229 9238
f 9231 9230 9238
f 9232 9231 9238
f 9233 9232 9238
f 9234 9233 9238
f 9235 9234 9238
f 9236 9235 9238
f 9237 9236 9238
f 9228 9237 9238
f 9259 9260 9261
f 9259 9261 9262
f 9259 9262 9263
f 9259 9263 9264
f 9259 9264 9265
f 9259 9265 9266
f 9259 9266 9267
f 9259 9267 9268
f 9259 9268 9269
f 9259 9269 9260
f 9260 9270 9271 9261
f 9261 9271 9272 9262
f 9262 9272 9273 9263
f 9263 9273 9274 9264
f 9264 9274 9275 9265
f 9265 9275 9276 9266
f 9266 9276 9277 9267
f 9267 9277 9278 9268
f 9268 9278 9279 9269
f 9269 9279 9270 9260
f 9270 9280 9281 9271
f 9271 9281 9282 9272
f 9272 9282 9283 9273
f 9273 9283 9284 9274
f 9274 9284 9285 9275
f 9275 9285 9286 9276
f 9276 9286 9287 9277
f 9277 9287 9288 9278
f 9278 9288 9289 9279
f 9279 9289 9280 9270
f 9280 9290 9291 9281
f 9281 9291 9292 9282
f 9282 9292 9293 9283
f 9283 9293 9294 9284
f 9284 9294 9295 9285
f 9285 9295 9296 9286
f 9286 9296 9297 9287
f 9287 9297 9298 9288
f 9288 9298 9299 9289
f 9289 9299 9290 9280
f 9291 9290 9300
f 9292 9291 9300
f 9293 9292 9300
f 9294 9293 9300
f 9295 9294 9300
f 9296 9295 9300
f 9297 9296 9300
f 9298 9297 9300
f 9299 9298 9300
f 9290 9299 9300
f 9321 9322 9323
f 9321 9323 9324
f 9321 9324 9325
f 9321 9325 9326
f 9321 9326 9327
f 9321 9327 9328
f 9321 9328 9329
f 9321 9329 9330
f 9321 9330 9331
f 9321 9331 9322
f 9322 9332 9333 9323
f 9323 9333 9334 9324
f 9324 9334 9335 9325
f 9325 9335 9336 9326
f 9326 9336 9337 9327
f 9327 9337 9338 9328
f 9328 9338 9339 9329
f 9329 9339 9340 9330
f 9330 9340 9341 9331
f 9331 9341 9332 9322
f 9332 9342 9343 9333
f 9333 9343 9344 9334
f 9334 9344 9345 9335
f 9335 9345 9346 9336
f 9336 9346 9347 9337
f 9337 9347 9348 9338
f 9338 9348 9349 9339
f 9339 9349 9350 9340
f 9340 9350 9351 9341
f 9341 9351 9342 9332
f 9342 9352 9353 9343
f 9343 9353 9354 9344
f 9344 9354 9355 9345
f 9345 9355 9356 9346
f 9346 9356 9357 9347
f 9347 9357 9358 9348
f 9348 9358 9359 9349
f 9349 9359 9360 9350
f 9350 9360 9361 9351
f 9351 9361 9352 9342
f 9353 9352 9362
f 9354 9353 9362
f 9355 9354 9362
f 9356 9355 9362
f 9357 9356 9362
f 9358 9357 9362
f 9359 9358 9362
f 9360 9359 9362
f 9361 9360 9362
f 9352 9361 9362
f 9383 9384 9385
f 9383 9385 9386
f 9383 9386 9387
f 9383 9387 9388
f 9383 9388 9389
f 9383 9389 9390
f 9383 9390 9391
f 9383 9391 9392
f 9383 9392 9393
f 9383 9393 9384
f 9384 9394 9395 9385
f 9385 9395 9396 9386
f 9386 9396 9397 9387
f 9387 9397 9398 9388
f 9388 9398 9399 9389
f 9389 9399 9400 9390
f 9390 9400 9401 9391
f 9391 9401 9402 9392
f 9392 9402 9403 9393
f 9393 9403 9394 9384
f 9394 9404 9405 9395
f 9395 9405 9406 9396
f 9396 9406 9407 9397
f 9397 9407 9408 9398
f 9398 9408 9409 9399
f 9399 9409 9410 9400
f 9400 9410 9411 9401
f 9401 9411 9412 9402
f 9402 9412 9413 9403
f 9403 9413 9404 9394
f 9404 9414 9415 9405
f 9405 9415 9416 9406
f 9406 9416 9417 9407
f 9407 9417 9418 9408
f 9408 9418 9419 9409
f 9409 9419 9420 9410
f 9410 9420 9421 9411
f 9411 9421 9422 9412
f 9412 9422 9423 9413
f 9413 9423 9414 9404
f 9415 9414 9424
f 9416 9415 9424
f 9417 9416 9424
f 9418 9417 9424
f 9419 9418 9424
f 9420 9419 9424
f 9421 9420 9424
f 9422 9421 9424
f 9423 9422 9424
f 9414 9423 9424
f 9445 9446 9447
f 9445 9447 9448
f 9445 9448 9449
f 9445 9449 9450
f 9445 9450 9451
f 9445 9451 9452
f 9445 9452 9453
f 9445 9453 9454
f 9445 9454 9455
f 9445 9455 9446
f 9446 9456 9457 9447
f 9447 9457 9458 9448
f 9448 9458 9459 9449
f 9449 9459 9460 9450
f 9450 9460 9461 9451
f 9451 9461 9462 9452
f 9452 9462 9463 9453
f 9453 9463 9464 9454
f 9454 9464 9465 9455
f 9455 9465 9456 9446
f 9456 9466 9467 9457
f 9457 9467 9468 9458
f 9458 9468 9469 9459
f 9459 9469 9470 9460
f 9460 9470 9471 9461
f 9461 9471 9472 9462
f 9462 9472 9473 9463
f 9463 9473 9474 9464
f 9464 9474 9475 9465
f 9465 9475 9466 9456
f 9466 9476 9477 9467
f 9467 9477 9478 9468
f 9468 9478 9479 9469
f 9469 9479 9480 9470
f 9470 9480 9481 9471
f 9471 9481 9482 9472
f 9472 9482 9483 9473
f 9473 9483 9484 9474
f 9474 9484 9485 9475
f 9475 9485 9476 9466
f 9477 9476 9486
f 9478 9477 9486
f 9479 9478 9486
f 9480 9479 9486
f 9481 9480 9486
f 9482 9481 9486
f 9483 9482 9486
f 9484 9483 9486
f 9485 9484 9486
f 9476 9485 9486
f 9507 9508 9509
f 9507 9509 9510
f 9507 9510 9511
f 9507 9511 9512
f 9507 9512 9513
f 9507 9513 9514
f 9507 9514 9515
f 9507 9515 9516
f 9507 9516 9517
f 9507 9517 9508
f 9508 9518 9519 9509
f 9509 9519 9520 9510
f 9510 9520 9521 9511
f 9511 9521 9522 9512
f 9512 9522 9523 9513
f 9513 9523 9524 9514
f 9514 9524 9525 9515
f 9515 9525 9526 9516
f 9516 9526 9527 9517
f 9517 9527 9518 9508
f 9518 9528 9529 9519
f 9519 9529 9530 9520
f 9520 9530 9531 9521
f 9521 9531 9532 9522
f 9522 9532 9533 9523
f 9523 9533 9534 9524
f 9524 9534 9535 9525
f 9525 9535 9536 9526
f 9526 9536 9537 9527
f 9527 9537 9528 9518
f 9528 9538 9539 9529
f 9529 9539 9540 9530
f 9530 9540 9541 9531
f 9531 9541 9542 9532
f 9532 9542 9543 9533
f 9533 9543 9544 9534
f 9534 9544 9545 9535
f 9535 9545 9546 9536
f 9536 9546 9547 9537
f 9537 9547 9538 9528
f 9539 9538 9548
f 9540 9539 9548
f 9541 9540 9548
f 9542 9541 9548
f 9543 9542 9548
f 9544 9543 9548
f 9545 9544 9548
f 9546 9545 9548
f 9547 9546 9548
f 9538 9547 9548
f 9569 9570 9571
f 9569 9571 9572
f 9569 9572 9573
f 9569 9573 9574
f 9569 9574 9575
f 9569 9575 9576
f 9569 9576 9577
f 9569 9577 9578
f 9569 9578 9579
f 9569 9579 9570
f 9570 9580 9581 9571
f 9571 9581 9582 9572
f 9572 9582 9583 9573
f 9573 9583 9584 9574
f 9574 9584 9585 9575
f 9575 9585 9586 9576
f 9576 9586 9587 9577
f 9577 9587 9588 9578
f 9578 9588 9589 9579
f 9579 9589 9580 9570
f 9580 9590 9591 9581
f 9581 9591 9592 9582
f 9582 9592 9593 9583
f 9583 9593 9594 9584
f 9584 9594 9595 9585
f 9585 9595 9596 9586
f 9586 9596 9597 9587
f 9587 9597 9598 9588
f 9588 9598 9599 9589
f 9589 9599 9590 9580
f 9590 9600 9601 9591
f 9591 9601 9602 9592
f 9592 9602 9603 9593
f 9593 9603 9604 9594
f 9594 9604 9605 9595
f 9595 9605 9606 9596
f 9596 9606 9607 9597
f 9597 9607 9608 9598
f 9598 9608 9609 9599
f 9599 9609 9600 9590
f 9601 9600 9610
f 9602 9601 9610
f 9603 9602 9610
f 9604 9603 9610
f 9605 9604 9610
f 9606 9605 9610
f 9607 9606 9610
f 9608 9607 9610
f 9609 9608 9610
f 9600 9609 9610
f 9631 9632 9633
f 9631 9633 9634
f 9631 9634 9635
f 9631 9635 9636
f 9631 9636 9637
f 9631 9637 9638
f 9631 9638 9639
f 9631 9639 9640
f 9631 9640 9641
f 9631 9641 9632
f 9632 9642 9643 9633
f 9633 9643 9644 9634
f 9634 9644 9645 9635
f 9635 9645 9646 9636
f 9636 9646 9647 9637
f 9637 9647 9648 9638
f 9638 9648 9649 9639
f 9639 9649 9650 9640
f 9640 9650 9651 9641
f 9641 9651 9642 9632
f 9642 9652 9653 9643
f 9643 9653 9654 9644
f 9644 9654 9655 9645
f 9645 9655 9656 9646
f 9646 9656 9657 9647
f 9647 9657 9658 9648
f 9648 9658 9659 9649
f 9649 9659 9660 9650
f 9650 9660 9661 9651
f 9651 9661 9652 9642
f 9652 9662 9663 9653
f 9653 9663 9664 9654
f 9654 9664 9665 9655
f 9655 9665 9666 9656
f 9656 9666 9667 9657
f 9657 9667 9668 9658
f 9658 9668 9669 9659
f 9659 9669 9670 9660
f 9660 9670 9671 9661
f 9661 9671 9662 9652
f 9663 9662 9672
f 9664 9663 9672
f 9665 9664 9672
f 9666 9665 9672
f 9667 9666 9672
f 9668 9667 9672
f 9669 9668 9672
f 9670 9669 9672
f 9671 9670 9672
f 9662 9671 9672
f 9693 9694 9695
f 9693 9695 9696
f 9693 9696 9697
f 9693 9697 9698
f 9693 9698 9699
f 9693 9699 9700
f 9693 9700 9701
f 9693 9701 9702
f 9693 9702 9703
f 9693 9703 9694
f 9694 9704 9705 9695
f 9695 9705 9706 9696
f 9696 9706 9707 9697
f 9697 9707 9708 9698
f 9698 9708 9709 9699
f 9699 9709 9710 9700
f 9700 9710 9711 9701
f 9701 9711 9712 9702
f 9702 9712 9713 9703
f 9703 9713 9704 9694
f 9704 9714 9715 9705
f 9705 9715 9716 9706
f 9706 9716 9717 9707
f 9707 9717 9718 9708
f 9708 9718 9719 9709
f 9709 9719 9720 9710
f 9710 9720 9721 9711
f 9711 9721 9722 9712
f 9712 9722 9723 9713
f 9713 9723 9714 9704
f 9714 9724 9725 9715
f 9715 9725 9726 9716
f 9716 9726 9727 9717
f 9717 9727 9728 9718
f 9718 9728 9729 9719
f 9719 9729 9730 9720
f 9720 9730 9731 9721
f 9721 9731 9732 9722
f 9722 9732 9733 9723
f 9723 9733 9724 9714
f 9725 9724 9734
f 9726 9725 9734
f 9727 9726 9734
f 9728 9727 9734
f 9729 9728 9734
f 9730 9729 9734
f 9731 9730 9734
f 9732 9731 9734
f 9733 9732 9734
f 9724 9733 9734
f 9755 9756 9757
f 9755 9757 9758
f 9755 9758 9759
f 9755 9759 9760
f 9755 9760 9761
f 9755 9761 9762
f 9755 9762 9763
f 9755 9763 9764
f 9755 9764 9765
f 9755 9765 9756
f 9756 9766 9767 9757
f 9757 9767 9768 9758
f 9758 9768 9769 9759
f 9759 9769 9770 9760
f 9760 9770 9771 9761
f 9761 9771 9772 9762
f 9762 9772 9773 9763
f 9763 9773 9774 9764
f 9764 9774 9775 9765
f 9765 9775 9766 9756
f 9766 9776 9777 9767
f 9767 9777 9778 9768
f 9768 9778 9779 9769
f 9769 9779 9780 9770
f 9770 9780 9781 9771
f 9771 9781 9782 9772
f 9772 9782 9783 9773
f 9773 9783 9784 9774
f 9774 9784 9785 9775
f 9775 9785 9776 9766
f 9776 9786 9787 9777
f 9777 9787 9788 9778
f 9778 9788 9789 9779
f 9779 9789 9790 9780
f 9780 9790 9791 9781
f 9781 9791 9792 9782
f 9782 9792 9793 9783
f 9783 9793 9794 9784
f 9784 9794 9795 9785
f 9785 9795 9786 9776
f 9787 9786 9796
f 9788 9787 9796
f 9789 9788 9796
f 9790 9789 9796
f 9791 9790 9796
f 9792 9791 9796
f 9793 9792 9796
f 9794 9793 9796
f 9795 9794 9796
f 9786 9795 9796
f 9817 9818 9819
f 9817 9819 9820
f 9817 9820 9821
f 9817 9821 9822
f 9817 9822 9823
f 9817 9823 9824
f 9817 9824 9825
f 9817 9825 9826
f 9817 9826 9827
f 9817 9827 9818
f 9818 9828 9829 9819
f 9819 9829 9830 9820
f 9820 9830 9831 9821
f 9821 9831 9832 9822
f 9822 9832 9833 9823
f 9823 9833 9834 9824
f 9824 9834 9835 9825
f 9825 9835 9836 9826
f 9826 9836 9837 9827
f 9827 9837 9828 9818
f 9828 9838 9839 9829
f 9829 9839 9840 9830
f 9830 9840 9841 9831
f 9831 9841 9842 9832
f 9832 9842 9843 9833
f 9833 9843 9844 9834
f 9834 9844 9845 9835
f 9835 9845 9846 9836
f 9836 9846 9847 9837
f 9837 9847 9838 9828
f 9838 9848 9849 9839
f 9839 9849 9850 9840
f 9840 9850 9851 9841
f 9841 9851 9852 9842
f 9842 9852 9853 9843
f 9843 9853 9854 9844
f 9844 9854 9855 9845
f 9845 9855 9856 9846
f 9846 9856 9857 9847
f 9847 9857 9848 9838
f 9849 9848 9858
f 9850 9849 9858
f 9851 9850 9858
f 9852 9851 9858
f 9853 9852 9858
f 9854 9853 9858
f 9855 9854 9858
f 9856 9855 9858
f 9857 9856 9858
f 9848 9857 9858
f 9879 9880 9881
f 9879 9881 9882
f 9879 9882 9883
f 9879 9883 9884
f 9879 9884 9885
f 9879 9885 9886
f 9879 9886 9887
f 9879 9887 9888
f 9879 9888 9889
f 9879 9889 9880
f 9880 9890 9891 9881
f 9881 9891 9892 9882
f 9882 9892 9893 9883
f 9883 9893 9894 9884
f 9884 9894 9895 9885
f 9885 9895 9896 9886
f 9886 9896 9897 9887
f 9887 9897 9898 9888
f 9888 9898 9899 9889
f 9889 9899 9890 9880
f 9890 9900 9901 9891
f 9891 9901 9902 9892
f 9892 9902 9903 9893
f 9893 9903 9904 9894
f 9894 9904 9905 9895
f 9895 9905 9906 9896
f 9896 9906 9907 9897
f 9897 9907 9908 9898
f 9898 9908 9909 9899
f 9899 9909 9900 9890
f 9900 9910 9911 9901
f 9901 9911 9912 9902
f 9902 9912 9913 9903
f 9903 9913 9914 9904
f 9904 9914 9915 9905
f 9905 9915 9916 9906
f 9906 9916 9917 9907
f 9907 9917 9918 9908
f 9908 9918 9919 9909
f 9909 9919 9910 9900
f 9911 9910 9920
f 9912 9911 9920
f 9913 9912 9920
f 9914 9913 9920
f 9915 9914 9920
f 9916 9915 9920
f 9917 9916 9920
f 9918 9917 9920
f 9919 9918 9920
f 9910 9919 9920
f 9941 9942 9943
f 9941 9943 9944
f 9941 9944 9945
f 9941 9945 9946
f 9941 9946 9947
f 9941 9947 9948
f 9941 9948 9949
f 9941 9949 9950
f 9941 9950 9951
f 9941 9951 9942
f 9942 9952 9953 9943
f 9943 9953 9954 9944
f 9944 9954 9955 9945
f 9945 9955 9956 9946
f 9946 9956 9957 9947
f 9947 9957 9958 9948
f 9948 9958 9959 9949
f 9949 9959 9960 9950
f 9950 9960 9961 9951
f 9951 9961 9952 9942
f 9952 9962 9963 9953
f 9953 9963 9964 9954
f 9954 9964 9965 9955
f 9955 9965 9966 9956
f 9956 9966 9967 9957
f 9957 9967 9968 9958
f 9958 9968 9969 9959
f 9959 9969 9970 9960
f 9960 9970 9971 9961
f 9961 9971 9962 9952
f 9962 9972 9973 9963
f 9963 9973 9974 9964
f 9964 9974 9975 9965
f 9965 9975 9976 9966
f 9966 9976 9977 9967
f 9967 9977 9978 9968
f 9968 9978 9979 9969
f 9969 9979 9980 9970
f 9970 9980 9981 9971
f 9971 9981 9972 9962
f 9973 9972 9982
f 9974 9973 9982
f 9975 9974 9982
f 9976 9975 9982
f 9977 9976 9982
f 9978 9977 9982
f 9979 9978 9982
f 9980 9979 9982
f 9981 9980 9982
f 9972 9981 9982
f 10003 10004 10005
f 10003 10005 10006
f 10003 10006 10007
f 10003 10007 10008
f 10003 10008 10009
f 10003 10009 10010
f 10003 10010 10011
f 10003 10011 10012
f 10003 10012 10013
f 10003 10013 10004
f 10004 10014 10015 10005
f 10005 10015 10016 10006
f 10006 10016 10017 10007
f 10007 10017 10018 10008
f 10008 10018 10019 10009
f 10009 10019 10020 10010
f 10010 10020 10021 10011
f 10011 10021 10022 10012
f 10012 10022 10023 10013
f 10013 10023 10014 10004
f 10014 10024 10025 10015
f 10015 10025 10026 10016
f 10016 10026 10027 10017
f 10017 10027 10028 10018
f 10018 10028 10029 10019
f 10019 10029 10030 10020
f 10020 10030 10031 10021
f 10021 10031 10032 10022
f 10022 10032 10033 10023
f 10023 10033 10024 10014
f 10024 10034 10035 10025
f 10025 10035 10036 10026
f 10026 10036 10037 10027
f 10027 10037 10038 10028
f 10028 10038 10039 10029
f 10029 10039 10040 10030
f 10030 10040 10041 10031
f 10031 10041 10042 10032
f 10032 10042 10043 10033
f 10033 10043 10034 10024
f 10035 10034 10044
f 10036 10035 10044
f 10037 10036 10044
f 10038 10037 10044
f 10039 10038 10044
f 10040 10039 10044
f 10041 10040 10044
f 10042 10041 10044
f 10043 10042 10044
f 10034 10043 10044
f 10065 10066 10067
f 10065 10067 10068
f 10065 10068 10069
f 10065 10069 10070
f 10065 10070 10071
f 10065 10071 10072
f 10065 10072 10073
f 10065 10073 10074
f 10065 10074 10075
f 10065 10075 10066
f 10066 10076 10077 10067
f 10067 10077 10078 10068
f 10068 10078 10079 10069
f 10069 10079 10080 10070
f 10070 10080 10081 10071
f 10071 10081 10082 10072
f 10072 10082 10083 10073
f 10073 10083 10084 10074
f 10074 10084 10085 10075
f 10075 10085 10076 10066
f 10076 10086 10087 10077
f 10077 10087 10088 10078
f 10078 10088 10089 10079
f 10079 10089 10090 10080
f 10080 10090 10091 10081
f 10081 10091 10092 10082
f 10082 10092 10093 10083
f 10083 10093 10094 10084
f 10084 10094 10095 10085
f 10085 10095 10086 10076
f 10086 10096 10097 10087
f 10087 10097 10098 10088
f 10088 10098 10099 10089
f 10089 10099 10100 10090
f 10090 10100 10101 10091
f 10091 10101 10102 10092
f 10092 10102 10103 10093
f 10093 10103 10104 10094
f 10094 10104 10105 10095
f 10095 10105 10096 10086
f 10097 10096 10106
f 10098 10097 10106
f 10099 10098 10106
f 10100 10099 10106
f 10101 10100 10106
f 10102 10101 10106
f 10103 10102 10106
f 10104 10103 10106
f 10105 10104 10106
f 10096 10105 10106
f 10127 10128 10129
f 10127 10129 10130
f 10127 10130 10131
f 10127 10131 10132
f 10127 10132 10133
f 10127 10133 10134
f 10127 10134 10135
f 10127 10135 10136
f 10127 10136 10137
f 10127 10137 10128
f 10128 10138 10139 10129
f 10129 10139 10140 10130
f 10130 10140 10141 10131
f 10131 10141 10142 10132
f 10132 10142 10143 10133
f 10133 10143 10144 10134
f 10134 10144 10145 10135
f 10135 10145 10146 10136
f 10136 10146 10147 10137
f 10137 10147 10138 10128
f 10138 10148 10149 10139
f 10139 10149 10150 10140
f 10140 10150 10151 10141
f 10141 10151 10152 10142
f 10142 10152 10153 10143
f 10143 10153 10154 10144
f 10144 10154 10155 10145
f 10145 10155 10156 10146
f 10146 10156 10157 10147
f 10147 10157 10148 10138
f 10148 10158 10159 10149
f 10149 10159 10160 10150
f 10150 10160 10161 10151
f 10151 10161 10162 10152
f 10152 10162 10163 10153
f 10153 10163 10164 10154
f 10154 10164 10165 10155
f 10155 10165 10166 10156
f 10156 10166 10167 10157
f 10157 10167 10158 10148
f 10159 10158 10168
f 10160 10159 10168
f 10161 10160 10168
f 10162 10161 10168
f 10163 10162 10168
f 10164 10163 10168
f 10165 10164 10168
f 10166 10165 10168
f 10167 10166 10168
f 10158 10167 10168
f 10189 10190 10191
f 10189 10191 10192
f 10189 10192 10193
f 10189 10193 10194
f 10189 10194 10195
f 10189 10195 10196
f 10189 10196 10197
f 10189 10197 10198
f 10189 10198 10199
f 10189 10199 10190
f 10190 10200 10201 10191
f 10191 10201 10202 10192
f 10192 10202 10203 10193
f 10193 10203 10204 10194
f 10194 10204 10205 10195
f 10195 10205 10206 10196
f 10196 10206 10207 10197
f 10197 10207 10208 10198
f 10198 10208 10209 10199
f 10199 10209 10200 10190
f 10200 10210 10211 10201
f 10201 10211 10212 10202
f 10202 10212 10213 10203
f 10203 10213 10214 10204
f 10204 10214 10215 10205
f 10205 10215 10216 10206
f 10206 10216 10217 10207
f 10207 10217 10218 10208
f 10208 10218 10219 10209
f 10209 10219 10210 10200
f 10210 10220 10221 10211
f 10211 10221 10222 10212
f 10212 10222 10223 10213
f 10213 10223 10224 10214
f 10214 10224 10225 10215
f 10215 10225 10226 10216
f 10216 10226 10227 10217
f 10217 10227 10228 10218
f 10218 10228 10229 10219
f 10219 10229 10220 10210
f 10221 10220 10230
f 10222 10221 10230
f 10223 10222 10230
f 10224 10223 10230
f 10225 10224 10230
f 10226 10225 10230
f 10227 10226 10230
f 10228 10227 10230
f 10229 10228 10230
f 10220 10229 10230
f 10251 10252 10253
f 10251 10253 10254
f 10251 10254 10255
f 10251 10255 10256
f 10251 10256 10257
f 10251 10257 10258
f 10251 10258 10259
f 10251 10259 10260
f 10251 10260 10261
f 10251 10261 10252
f 10252 10262 10263 10253
f 10253 10263 10264 10254
f 10254 10264 10265 10255
f 10255 10265 10266 10256
f 10256 10266 10267 10257
f 10257 10267 10268 10258
f 10258 10268 10269 10259
f 10259 10269 10270 10260
f 10260 10270 10271 10261
f 10261 10271 10262 10252
f 10262 10272 10273 10263
f 10263 10273 10274 10264
f 10264 10274 10275 10265
f 10265 10275 10276 10266
f 10266 10276 10277 10267
f 10267 10277 10278 10268
f 10268 10278 10279 10269
f 10269 10279 10280 10270
f 10270 10280 10281 10271
f 10271 10281 10272 10262
f 10272 10282 10283 10273
f 10273 10283 10284 10274
f 10274 10284 10285 10275
f 10275 10285 10286 10276
f 10276 10286 10287 10277
f 10277 10287 10288 10278
f 10278 10288 10289 10279
f 10279 10289 10290 10280
f 10280 10290 10291 10281
f 10281 10291 10282 10272
f 10283 10282 10292
f 10284 10283 10292
f 10285 10284 10292
f 10286 10285 10292
f 10287 10286 10292
f 10288 10287 10292
f 10289 10288 10292
f 10290 10289 10292
f 10291 10290 10292
f 10282 10291 10292
f 10313 10314 10315
f 10313 10315 10316
f 10313 10316 10317
f 10313 10317 10318
f 10313 10318 10319
f 10313 10319 10320
f 10313 10320 10321
f 10313 10321 10322
f 10313 10322 10323
f 10313 10323 10314
f 10314 10324 10325 10315
f 10315 10325 10326 10316
f 10316 10326 10327 10317
f 10317 10327 10328 10318
f 10318 10328 10329 10319
f 10319 10329 10330 10320
f 10320 10330 10331 10321
f 10321 10331 10332 10322
f 10322 10332 10333 10323
f 10323 10333 10324 10314
f 10324 10334 10335 10325
f 10325 10335 10336 10326
f 10326 10336 10337 10327
f 10327 10337 10338 10328
f 10328 10338 10339 10329
f 10329 10339 10340 10330
f 10330 10340 10341 10331
f 10331 10341 10342 10332
f 10332 10342 10343 10333
f 10333 10343 10334 10324
f 10334 10344 10345 10335
f 10335 10345 10346 10336
f 10336 10346 10347 10337
f 10337 10347 10348 10338
f 10338 10348 10349 10339
f 10339 10349 10350 10340
f 10340 10350 10351 10341
f 10341 10351 10352 10342
f 10342 10352 10353 10343
f 10343 10353 10344 10334
f 10345 10344 10354
f 10346 10345 10354
f 10347 10346 10354
f 10348 10347 10354
f 10349 10348 10354
f 10350 10349 10354
f 10351 10350 10354
f 10352 10351 10354
f 10353 10352 10354
f 10344 10353 10354
f 10375 10376 10377
f 10375 10377 10378
f 10375 10378 10379
f 10375 10379 10380
f 10375 10380 10381
f 10375 10381 10382
f 10375 10382 10383
f 10375 10383 10384
f 10375 10384 10385
f 10375 10385 10376
f 10376 10386 10387 10377
f 10377 10387 10388 10378
f 10378 10388 10389 10379
f 10379 10389 10390 10380
f 10380 10390 10391 10381
f 10381 10391 10392 10382
f 10382 10392 10393 10383
f 10383 10393 10394 10384
f 10384 10394 10395 10385
f 10385 10395 10386 10376
f 10386 10396 10397 10387
f 10387 10397 10398 10388
f 10388 10398 10399 10389
f 10389 10399 10400 10390
f 10390 10400 10401 10391
f 10391 10401 10402 10392
f 10392 10402 10403 10393
f 10393 10403 10404 10394
f 10394 10404 10405 10395
f 10395 10405 10396 10386
f 10396 10406 10407 10397
f 10397 10407 10408 10398
f 10398 10408 10409 10399
f 10399 10409 10410 10400
f 10400 10410 10411 10401
f 10401 10411 10412 10402
f 10402 10412 10413 10403
f 10403 10413 10414 10404
f 10404 10414 10415 10405
f 10405 10415 10406 10396
f 10407 10406 10416
f 10408 10407 10416
f 10409 10408 10416
f 10410 10409 10416
f 10411 10410 10416
f 10412 10411 10416
f 10413 10412 10416
f 10414 10413 10416
f 10415 10414 10416
f 10406 10415 10416
f 10437 10438 10439
f 10437 10439 10440
f 10437 10440 10441
f 10437 10441 10442
f 10437 10442 10443
f 10437 10443 10444
f 10437 10444 10445
f 10437 10445 10446
f 10437 10446 10447
f 10437 10447 10438
f 10438 10448 10449 10439
f 10439 10449 10450 10440
f 10440 10450 10451 10441
f 10441 10451 10452 10442
f 10442 10452 10453 10443
f 10443 10453 10454 10444
f 10444 10454 10455 10445
f 10445 10455 10456 10446
f 10446 10456 10457 10447
f 10447 10457 10448 10438
f 10448 10458 10459 10449
f 10449 10459 10460 10450
f 10450 10460 10461 10451
f 10451 10461 10462 10452
f 10452 10462 10463 10453
f 10453 10463 10464 10454
f 10454 10464 10465 10455
f 10455 10465 10466 10456
f 10456 10466 10467 10457
f 10457 10467 10458 10448
f 10458 10468 10469 10459
f 10459 10469 10470 10460
f 10460 10470 10471 10461
f 10461 10471 10472 10462
f 10462 10472 10473 10463
f 10463 10473 10474 10464
f 10464 10474 10475 10465
f 10465 10475 10476 10466
f 10466 10476 10477 10467
f 10467 10477 10468 10458
f 10469 10468 10478
f 10470 10469 10478
f 10471 10470 10478
f 10472 10471 10478
f 10473 10472 10478
f 10474 10473 10478
f 10475 10474 10478
f 10476 10475 10478
f 10477 10476 10478
f 10468 10477 10478
f 10499 10500 10501
f 10499 10501 10502
f 10499 10502 10503
f 10499 10503 10504
f 10499 10504 10505
f 10499 10505 10506
f 10499 10506 10507
f 10499 10507 10508
f 10499 10508 10509
f 10499 10509 10500
f 10500 10510 10511 10501
f 10501 10511 10512 10502
f 10502 10512 10513 10503
f 10503 10513 10514 10504
f 10504 10514 10515 10505
f 10505 10515 10516 10506
f 10506 10516 10517 10507
f 10507 10517 10518 10508
f 10508 10518 10519 10509
f 10509 10519 10510 10500
f 10510 10520 10521 10511
f 10511 10521 10522 10512
f 10512 10522 10523 10513
f 10513 10523 10524 10514
f 10514 10524 10525 10515
f 10515 10525 10526 10516
f 10516 10526 10527 10517
f 10517 10527 10528 10518
f 10518 10528 10529 10519
f 10519 10529 10520 10510
f 10520 10530 10531 10521
f 10521 10531 10532 10522
f 10522 10532 10533 10523
f 10523 10533 10534 10524
f 10524 10534 10535 10525
f 10525 10535 10536 10526
f 10526 10536 10537 10527
f 10527 10537 10538 10528
f 10528 10538 10539 10529
f 10529 10539 10530 10520
f 10531 10530 10540
f 10532 10531 10540
f 10533 10532 10540
f 10534 10533 10540
f 10535 10534 10540
f 10536 10535 10540
f 10537 10536 10540
f 10538 10537 10540
f 10539 10538 10540
f 10530 10539 10540
f 10561 10562 10563
f 10561 10563 10564
f 10561 10564 10565
f 10561 10565 10566
f 10561 10566 10567
f 10561 10567 10568
f 10561 10568 10569
f 10561 10569 10570
f 10561 10570 10571
f 10561 10571 10562
f 10562 10572 10573 10563
f 10563 10573 10574 10564
f 10564 10574 10575 10565
f 10565 10575 10576 10566
f 10566 10576 10577 10567
f 10567 10577 10578 10568
f 10568 10578 10579 10569
f 10569 10579 10580 10570
f 10570 10580 10581 10571
f 10571 10581 10572 10562
f 10572 10582 10583 10573
f 10573 10583 10584 10574
f 10574 10584 10585 10575
f 10575 10585 10586 10576
f 10576 10586 10587 10577
f 10577 10587 10588 10578
f 10578 10588 10589 10579
f 10579 10589 10590 10580
f 10580 10590 10591 10581
f 10581 10591 10582 10572
f 10582 10592 10593 10583
f 10583 10593 10594 10584
f 10584 10594 10595 10585
f 10585 10595 10596 10586
f 10586 10596 10597 10587
f 10587 10597 10598 10588
f 10588 10598 10599 10589
f 10589 10599 10600 10590
f 10590 10600 10601 10591
f 10591 10601 10592 10582
f 10593 10592 10602
f 10594 10593 10602
f 10595 10594 10602
f 10596 10595 10602
f 10597 10596 10602
f 10598 10597 10602
f 10599 10598 10602
f 10600 10599 10602
f 10601 10600 10602
f 10592 10601 10602
f 10623 10624 10625
f 10623 10625 10626
f 10623 10626 10627
f 10623 10627 10628
f 10623 10628 10629
f 10623 10629 10630
f 10623 10630 10631
f 10623 10631 10632
f 10623 10632 10633
f 10623 10633 10624
f 10624 10634 10635 10625
f 10625 10635 10636 10626
f 10626 10636 10637 10627
f 10627 10637 10638 10628
f 10628 10638 10639 10629
f 10629 10639 10640 10630
f 10630 10640 10641 10631
f 10631 10641 10642 10632
f 10632 10642 10643 10633
f 10633 10643 10634 10624
f 10634 10644 10645 10635
f 10635 10645 10646 10636
f 10636 10646 10647 10637
f 10637 10647 10648 10638
f 10638 10648 10649 10639
f 10639 10649 10650 10640
f 10640 10650 10651 10641
f 10641 10651 10652 10642
f 10642 10652 10653 10643
f 10643 10653 10644 10634
f 10644 10654 10655 10645
f 10645 10655 10656 10646
f 10646 10656 10657 10647
f 10647 10657 10658 10648
f 10648 10658 10659 10649
f 10649 10659 10660 10650
f 10650 10660 10661 10651
f 10651 10661 10662 10652
f 10652 10662 10663 10653
f 10653 10663 10654 10644
f 10655 10654 10664
f 10656 10655 10664
f 10657 10656 10664
f 10658 10657 10664
f 10659 10658 10664
f 10660 10659 10664
f 10661 10660 10664
f 10662 10661 10664
f 10663 10662 10664
f 10654 10663 10664
f 10685 10686 10687
f 10685 10687 10688
f 10685 10688 10689
f 10685 10689 10690
f 10685 10690 10691
f 10685 10691 10692
f 10685 10692 10693
f 10685 10693 10694
f 10685 10694 10695
f 10685 10695 10686
f 10686 10696 10697 10687
f 10687 10697 10698 10688
f 10688 10698 10699 10689
f 10689 10699 10700 10690
f 10690 10700 10701 10691
f 10691 10701 10702 10692
f 10692 10702 10703 10693
f 10693 10703 10704 10694
f 10694 10704 10705 10695
f 10695 10705 10696 10686
f 10696 10706 10707 10697
f 10697 10707 10708 10698
f 10698 10708 10709 10699
f 10699 10709 10710 10700
f 10700 10710 10711 10701
f 10701 10711 10712 10702
f 10702 10712 10713 10703
f 10703 10713 10714 10704
f 10704 10714 10715 10705
f 10705 10715 10706 10696
f 10706 10716 10717 10707
f 10707 10717 10718 10708
f 10708 10718 10719 10709
f 10709 10719 10720 10710
f 10710 10720 10721 10711
f 10711 10721 10722 10712
f 10712 10722 10723 10713
f 10713 10723 10724 10714
f 10714 10724 10725 10715
f 10715 10725 10716 10706
f 10717 10716 10726
f 10718 10717 10726
f 10719 10718 10726
f 10720 10719 10726
f 10721 10720 10726
f 10722 10721 10726
f 10723 10722 10726
f 10724 10723 10726
f 10725 10724 10726
f 10716 10725 10726
f 10747 10748 10749
f 10747 10749 10750
f 10747 10750 10751
f 10747 10751 10752
f 10747 10752 10753
f 10747 10753 10754
f 10747 10754 10755
f 10747 10755 10756
f 10747 10756 10757
f 10747 10757 10748
f 10748 10758 10759 10749
f 10749 10759 10760 10750
f 10750 10760 10761 10751
f 10751 10761 10762 10752
f 10752 10762 10763 10753
f 10753 10763 10764 10754
f 10754 10764 10765 10755
f 10755 10765 10766 10756
f 10756 10766 10767 10757
f 10757 10767 10758 10748
f 10758 10768 10769 10759
f 10759 10769 10770 10760
f 10760 10770 10771 10761
f 10761 10771 10772 10762
f 10762 10772 10773 10763
f 10763 10773 10774 10764
f 10764 10774 10775 10765
f 10765 10775 10776 10766
f 10766 10776 10777 10767
f 10767 10777 10768 10758
f 10768 10778 10779 10769
f 10769 10779 10780 10770
f 10770 10780 10781 10771
f 10771 10781 10782 10772
f 10772 10782 10783 10773
f 10773 10783 10784 10774
f 10774 10784 10785 10775
f 10775 10785 10786 10776
f 10776 10786 10787 10777
f 10777 10787 10778 10768
f 10779 10778 10788
f 10780 10779 10788
f 10781 10780 10788
f 10782 10781 10788
f 10783 10782 10788
f 10784 10783 10788
f 10785 10784 10788
f 10786 10785 10788
f 10787 10786 10788
f 10778 10787 10788
f 10809 10810 10811
f 10809 10811 10812
f 10809 10812 10813
f 10809 10813 10814
f 10809 10814 10815
f 10809 10815 10816
f 10809 10816 10817
f 10809 10817 10818
f 10809 10818 10819
f 10809 10819 10810
f 10810 10820 10821 10811
f 10811 10821 10822 10812
f 10812 10822 10823 10813
f 10813 10823 10824 10814
f 10814 10824 10825 10815
f 10815 10825 10826 10816
f 10816 10826 10827 10817
f 10817 10827 10828 10818
f 10818 10828 10829 10819
f 10819 10829 10820 10810
f 10820 10830 10831 10821
f 10821 10831 10832 10822
f 10822 10832 10833 10823
f 10823 10833 10834 10824
f 10824 10834 10835 10825
f 10825 10835 10836 10826
f 10826 10836 10837 10827
f 10827 10837 10838 10828
f 10828 10838 10839 10829
f 10829 10839 10830 10820
f 10830 10840 10841 10831
f 10831 10841 10842 10832
f 10832 10842 10843 10833
f 10833 10843 10844 10834
f 10834 10844 10845 10835
f 10835 10845 10846 10836
f 10836 10846 10847 10837
f 10837 10847 10848 10838
f 10838 10848 10849 10839
f 10839 10849 10840 10830
f 10841 10840 10850
f 10842 10841 10850
f 10843 10842 10850
f 10844 10843 10850
f 10845 10844 10850
f 10846 10845 10850
f 10847 10846 10850
f 10848 10847 10850
f 10849 10848 10850
f 10840 10849 10850
f 10871 10872 10873
f 10871 10873 10874
f 10871 10874 10875
f 10871 10875 10876
f 10871 10876 10877
f 10871 10877 10878
f 10871 10878 10879
f 10871 10879 10880
f 10871 10880 10881
f 10871 10881 10872
f 10872 10882 10883 10873
f 10873 10883 10884 10874
f 10874 10884 10885 10875
f 10875 10885 10886 10876
f 10876 10886 10887 10877
f 10877 10887 10888 10878
f 10878 10888 10889 10879
f 10879 10889 10890 10880
f 10880 10890 10891 10881
f 10881 10891 10882 10872
f 10882 10892 10893 10883
f 10883 10893 10894 10884
f 10884 10894 10895 10885
f 10885 10895 10896 10886
f 10886 10896 10897 10887
f 10887 10897 10898 10888
f 10888 10898 10899 10889
f 10889 10899 10900 10890
f 10890 10900 10901 10891
f 10891 10901 10892 10882
f 10892 10902 10903 10893
f 10893 10903 10904 10894
f 10894 10904 10905 10895
f 10895 10905 10906 10896
f 10896 10906 10907 10897
f 10897 10907 10908 10898
f 10898 10908 10909 10899
f 10899 10909 10910 10900
f 10900 10910 10911 10901
f 10901 10911 10902 10892
f 10903 10902 10912
f 10904 10903 10912
f 10905 10904 10912
f 10906 10905 10912
f 10907 10906 10912
f 10908 10907 10912
f 10909 10908 10912
f 10910 10909 10912
f 10911 10910 10912
f 10902 10911 10912
f 10933 10934 10935
f 10933 10935 10936
f 10933 10936 10937
f 10933 10937 10938
f 10933 10938 10939
f 10933 10939 10940
f 10933 10940 10941
f 10933 10941 10942
f 10933 10942 10943
f 10933 10943 10934
f 10934 10944 10945 10935
f 10935 10945 10946 10936
f 10936 10946 10947 10937
f 10937 10947 10948 10938
f 10938 10948 10949 10939
f 10939 10949 10950 10940
f 10940 10950 10951 10941
f 10941 10951 10952 10942
f 10942 10952 10953 10943
f 10943 10953 10944 10934
f 10944 10954 10955 10945
f 10945 10955 10956 10946
f 10946 10956 10957 10947
f 10947 10957 10958 10948
f 10948 10958 10959 10949
f 10949 10959 10960 10950
f 10950 10960 10961 10951
f 10951 10961 10962 10952
f 10952 10962 10963 10953
f 10953 10963 10954 10944
f 10954 10964 10965 10955
f 10955 10965 10966 10956
f 10956 10966 10967 10957
f 10957 10967 10968 10958
f 10958 10968 10969 10959
f 10959 10969 10970 10960
f 10960 10970 10971 10961
f 10961 10971 10972 10962
f 10962 10972 10973 10963
f 10963 10973 10964 10954
f 10965 10964 10974
f 10966 10965 10974
f 10967 10966 10974
f 10968 10967 10974
f 10969 10968 10974
f 10970 10969 10974
f 10971 10970 10974
f 10972 10971 10974
f 10973 10972 10974
f 10964 10973 10974
f 10995 10996 10997
f 10995 10997 10998
f 10995 10998 10999
f 10995 10999 11000
f 10995 11000 11001
f 10995 11001 11002
f 10995 11002 11003
f 10995 11003 11004
f 10995 11004 11005
f 10995 11005 10996
f 10996 11006 11007 10997
f 10997 11007 11008 10998
f 10998 11008 11009 10999
f 10999 11009 11010 11000
f 11000 11010 11011 11001
f 11001 11011 11012 11002
f 11002 11012 11013 11003
f 11003 11013 11014 11004
f 11004 11014 11015 11005
f 11005 11015 11006 10996
f 11006 11016 11017 11007
f 11007 11017 11018 11008
f 11008 11018 11019 11009
f 11009 11019 11020 11010
f 11010 11020 11021 11011
f 11011 11021 11022 11012
f 11012 11022 11023 11013
f 11013 11023 11024 11014
f 11014 11024 11025 11015
f 11015 11025 11016 11006
f 11016 11026 11027 11017
f 11017 11027 11028 11018
f 11018 11028 11029 11019
f 11019 11029 11030 11020
f 11020 11030 11031 11021
f 11021 11031 11032 11022
f 11022 11032 11033 11023
f 11023 11033 11034 11024
f 11024 11034 11035 11025
f 11025 11035 11026 11016
f 11027 11026 11036
f 11028 11027 11036
f 11029 11028 11036
f 11030 11029 11036
f 11031 11030 11036
f 11032 11031 11036
f 11033 11032 11036
f 11034 11033 11036
f 11035 11034 11036
f 11026 11035 11036
f 11057 11058 11059
f 11057 11059 11060
f 11057 11060 11061
f 11057 11061 11062
f 11057 11062 11063
f 11057 11063 11064
f 11057 11064 11065
f 11057 11065 11066
f 11057 11066 11067
f 11057 11067 11058
f 11058 11068 11069 11059
f 11059 11069 11070 11060
f 11060 11070 11071 11061
f 11061 11071 11072 11062
f 11062 11072 11073 11063
f 11063 11073 11074 11064
f 11064 11074 11075 11065
f 11065 11075 11076 11066
f 11066 11076 11077 11067
f 11067 11077 11068 11058
f 11068 11078 11079 11069
f 11069 11079 11080 11070
f 11070 11080 11081 11071
f 11071 11081 11082 11072
f 11072 11082 11083 11073
f 11073 11083 11084 11074
f 11074 11084 11085 11075
f 11075 11085 11086 11076
f 11076 11086 11087 11077
f 11077 11087 11078 11068
f 11078 11088 11089 11079
f 11079 11089 11090 11080
f 11080 11090 11091 11081
f 11081 11091 11092 11082
f 11082 11092 11093 11083
f 11083 11093 11094 11084
f 11084 11094 11095 11085
f 11085 11095 11096 11086
f 11086 11096 11097 11087
f 11087 11097 11088 11078
f 11089 11088 11098
f 11090 11089 11098
f 11091 11090 11098
f 11092 11091 11098
f 11093 11092 11098
f 11094 11093 11098
f 11095 11094 11098
f 11096 11095 11098
f 11097 11096 11098
f 11088 11097 11098
f 11119 11120 11121
f 11119 11121 11122
f 11119 11122 11123
f 11119 11123 11124
f 11119 11124 11125
f 11119 11125 11126
f 11119 11126 11127
f 11119 11127 11128
f 11119 11128 11129
f 11119 11129 11120
f 11120 11130 11131 11121
f 11121 11131 11132 11122
f 11122 11132 11133 11123
f 11123 11133 11134 11124
f 11124 11134 11135 11125
f 11125 11135 11136 11126
f 11126 11136 11137 11127
f 11127 11137 11138 11128
f 11128 11138 11139 11129
f 11129 11139 11130 11120
f 11130 11140 11141 11131
f 11131 11141 11142 11132
f 11132 11142 11143 11133
f 11133 11143 11144 11134
f 11134 11144 11145 11135
f 11135 11145 11146 11136
f 11136 11146 11147 11137
f 11137 11147 11148 11138
f 11138 11148 11149 11139
f 11139 11149 11140 11130
f 11140 11150 11151 11141
f 11141 11151 11152 11142
f 11142 11152 11153 11143
f 11143 11153 11154 11144
f 11144 11154 11155 11145
f 11145 11155 11156 11146
f 11146 11156 11157 11147
f 11147 11157 11158 11148
f 11148 11158 11159 11149
f 11149 11159 11150 11140
f 11151 11150 11160
f 11152 11151 11160
f 11153 11152 11160
f 11154 11153 11160
f 11155 11154 11160
f 11156 11155 11160
f 11157 11156 11160
f 11158 11157 11160
f 11159 11158 11160
f 11150 11159 11160
f 11181 11182 11183
f 11181 11183 11184
f 11181 11184 11185
f 11181 11185 11186
f 11181 11186 11187
f 11181 11187 11188
f 11181 11188 11189
f 11181 11189 11190
f 11181 11190 11191
f 11181 11191 11182
f 11182 11192 11193 11183
f 11183 11193 11194 11184
f 11184 11194 11195 11185
f 11185 11195 11196 11186
f 11186 11196 11197 11187
f 11187 11197 11198 11188
f 11188 11198 11199 11189
f 11189 11199 11200 11190
f 11190 11200 11201 11191
f 11191 11201 11192 11182
f 11192 11202 11203 11193
f 11193 11203 11204 11194
f 11194 11204 11205 11195
f 11195 11205 11206 11196
f 11196 11206 11207 11197
f 11197 11207 11208 11198
f 11198 11208 11209 11199
f 11199 11209 11210 11200
f 11200 11210 11211 11201
f 11201 11211 11202 11192
f 11202 11212 11213 11203
f 11203 11213 11214 11204
f 11204 11214 11215 11205
f 11205 11215 11216 11206
f 11206 11216 11217 11207
f 11207 11217 11218 11208
f 11208 11218 11219 11209
f 11209 11219 11220 11210
f 11210 11220 11221 11211
f 11211 11221 11212 11202
f 11213 11212 11222
f 11214 11213 11222
f 11215 11214 11222
f 11216 11215 11222
f 11217 11216 11222
f 11218 11217 11222
f 11219 11218 11222
f 11220 11219 11222
f 11221 11220 11222
f 11212 11221 11222
f 11243 11244 11245
f 11243 11245 11246
f 11243 11246 11247
f 11243 11247 11248
f 11243 11248 11249
f 11243 11249 11250
f 11243 11250 11251
f 11243 11251 11252
f 11243 11252 11253
f 11243 11253 11244
f 11244 11254 11255 11245
f 11245 11255 11256 11246
f 11246 11256 11257 11247
f 11247 11257 11258 11248
f 11248 11258 11259 11249
f 11249 11259 11260 11250
f 11250 11260 11261 11251
f 11251 11261 11262 11252
f 11252 11262 11263 11253
f 11253 11263 11254 11244
f 11254 11264 11265 11255
f 11255 11265 11266 11256
f 11256 11266 11267 11257
f 11257 11267 11268 11258
f 11258 11268 11269 11259
f 11259 11269 11270 11260
f 11260 11270 11271 11261
f 11261 11271 11272 11262
f 11262 11272 11273 11263
f 11263 11273 11264 11254
f 11264 11274 11275 11265
f 11265 11275 11276 11266
f 11266 11276 11277 11267
f 11267 11277 11278 11268
f 11268 11278 11279 11269
f 11269 11279 11280 11270
f 11270 11280 11281 11271
f 11271 11281 11282 11272
f 11272 11282 11283 11273
f 11273 11283 11274 11264
f 11275 11274 11284
f 11276 11275 11284
f 11277 11276 11284
f 11278 11277 11284
f 11279 11278 11284
f 11280 11279 11284
f 11281 11280 11284
f 11282 11281 11284
f 11283 11282 11284
f 11274 11283 11284
f 11305 11306 11307
f 11305 11307 11308
f 11305 11308 11309
f 11305 11309 11310
f 11305 11310 11311
f 11305 11311 11312
f 11305 11312 11313
f 11305 11313 11314
f 11305 11314 11315
f 11305 11315 11306
f 11306 11316 11317 11307
f 11307 11317 11318 11308
f 11308 11318 11319 11309
f 11309 11319 11320 11310
f 11310 11320 11321 11311
f 11311 11321 11322 11312
f 11312 11322 11323 11313
f 11313 11323 11324 11314
f 11314 11324 11325 11315
f 11315 11325 11316 11306
f 11316 11326 11327 11317
f 11317 11327 11328 11318
f 11318 11328 11329 11319
f 11319 11329 11330 11320
f 11320 11330 11331 11321
f 11321 11331 11332 11322
f 11322 11332 11333 11323
f 11323 11333 11334 11324
f 11324 11334 11335 11325
f 11325 11335 11326 11316
f 11326 11336 11337 11327
f 11327 11337 11338 11328
f 11328 11338 11339 11329
f 11329 11339 11340 11330
f 11330 11340 11341 11331
f 11331 11341 11342 11332
f 11332 11342 11343 11333
f 11333 11343 11344 11334
f 11334 11344 11345 11335
f 11335 11345 11336 11326
f 11337 11336 11346
f 11338 11337 11346
f 11339 11338 11346
f 11340 11339 11346
f 11341 11340 11346
f 11342 11341 11346
f 11343 11342 11346
f 11344 11343 11346
f 11345 11344 11346
f 11336 11345 11346
f 11367 11368 11369
f 11367 11369 11370
f 11367 11370 11371
f 11367 11371 11372
f 11367 11372 11373
f 11367 11373 11374
f 11367 11374 11375
f 11367 11375 11376
f 11367 11376 11377
f 11367 11377 11368
f 11368 11378 11379 11369
f 11369 11379 11380 11370
f 11370 11380 11381 11371
f 11371 11381 11382 11372
f 11372 11382 11383 11373
f 11373 11383 11384 11374
f 11374 11384 11385 11375
f 11375 11385 11386 11376
f 11376 11386 11387 11377
f 11377 11387 11378 11368
f 11378 11388 11389 11379
f 11379 11389 11390 11380
f 11380 11390 11391 11381
f 11381 11391 11392 11382
f 11382 11392 11393 11383
f 11383 11393 11394 11384
f 11384 11394 11395 11385
f 11385 11395 11396 11386
f 11386 11396 11397 11387
f 11387 11397 11388 11378
f 11388 11398 11399 11389
f 11389 11399 11400 11390
f 11390 11400 11401 11391
f 11391 11401 11402 11392
f 11392 11402 11403 11393
f 11393 11403 11404 11394
f 11394 11404 11405 11395
f 11395 11405 11406 11396
f 11396 11406 11407 11397
f 11397 11407 11398 11388
f 11399 11398 11408
f 11400 11399 11408
f 11401 11400 11408
f 11402 11401 11408
f 11403 11402 11408
f 11404 11403 11408
f 11405 11404 11408
f 11406 11405 11408
f 11407 11406 11408
f 11398 11407 11408
f 11429 11430 11431
f 11429 11431 11432
f 11429 11432 11433
f 11429 11433 11434
f 11429 11434 11435
f 11429 11435 11436
f 11429 11436 11437
f 11429 11437 11438
f 11429 11438 11439
f 11429 11439 11430
f 11430 11440 11441 11431
f 11431 11441 11442 11432
f 11432 11442 11443 11433
f 11433 11443 11444 11434
f 11434 11444 11445 11435
f 11435 11445 11446 11436
f 11436 11446 11447 11437
f 11437 11447 11448 11438
f 11438 11448 11449 11439
f 11439 11449 11440 11430
f 11440 11450 11451 11441
f 11441 11451 11452 11442
f 11442 11452 11453 11443
f 11443 11453 11454 11444
f 11444 11454 11455 11445
f 11445 11455 11456 11446
f 11446 11456 11457 11447
f 11447 11457 11458 11448
f 11448 11458 11459 11449
f 11449 11459 11450 11440
f 11450 11460 11461 11451
f 11451 11461 11462 11452
f 11452 11462 11463 11453
f 11453 11463 11464 11454
f 11454 11464 11465 11455
f 11455 11465 11466 11456
f 11456 11466 11467 11457
f 11457 11467 11468 11458
f 11458 11468 11469 11459
f 11459 11469 11460 11450
f 11461 11460 11470
f 11462 11461 11470
f 11463 11462 11470
f 11464 11463 11470
f 11465 11464 11470
f 11466 11465 11470
f 11467 11466 11470
f 11468 11467 11470
f 11469 11468 11470
f 11460 11469 11470
f 11491 11492 11493
f 11491 11493 11494
f 11491 11494 11495
f 11491 11495 11496
f 11491 11496 11497
f 11491 11497 11498
f 11491 11498 11499
f 11491 11499 11500
f 11491 11500 11501
f 11491 11501 11492
f 11492 11502 11503 11493
f 11493 11503 11504 11494
f 11494 11504 11505 11495
f 11495 11505 11506 11496
f 11496 11506 11507 11497
f 11497 11507 11508 11498
f 11498 11508 11509 11499
f 11499 11509 11510 11500
f 11500 11510 11511 11501
f 11501 11511 11502 11492
f 11502 11512 11513 11503
f 11503 11513 11514 11504
f 11504 11514 11515 11505
f 11505 11515 11516 11506
f 11506 11516 11517 11507
f 11507 11517 11518 11508
f 11508 11518 11519 11509
f 11509 11519 11520 11510
f 11510 11520 11521 11511
f 11511 11521 11512 11502
f 11512 11522 11523 11513
f 11513 11523 11524 11514
f 11514 11524 11525 11515
f 11515 11525 11526 11516
f 11516 11526 11527 11517
f 11517 11527 11528 11518
f 11518 11528 11529 11519
f 11519 11529 11530 11520
f 11520 11530 11531 11521
f 11521 11531 11522 11512
f 11523 11522 11532
f 11524 11523 11532
f 11525 11524 11532
f 11526 11525 11532
f 11527 11526 11532
f 11528 11527 11532
f 11529 11528 11532
f 11530 11529 11532
f 11531 11530 11532
f 11522 11531 11532
f 11553 11554 11555
f 11553 11555 11556
f 11553 11556 11557
f 11553 11557 11558
f 11553 11558 11559
f 11553 11559 11560
f 11553 11560 11561
f 11553 11561 11562
f 11553 11562 11563
f 11553 11563 11554
f 11554 11564 11565 11555
f 11555 11565 11566 11556
f 11556 11566 11567 11557
f 11557 11567 11568 11558
f 11558 11568 11569 11559
f 11559 11569 11570 11560
f 11560 11570 11571 11561
f 11561 11571 11572 11562
f 11562 11572 11573 11563
f 11563 11573 11564 11554
f 11564 11574 11575 11565
f 11565 11575 11576 11566
f 11566 11576 11577 11567
f 11567 11577 11578 11568
f 11568 11578 11579 11569
f 11569 11579 11580 11570
f 11570 11580 11581 11571
f 11571 11581 11582 11572
f 11572 11582 11583 11573
f 11573 11583 11574 11564
f 11574 11584 11585 11575
f 11575 11585 11586 11576
f 11576 11586 11587 11577
f 11577 11587 11588 11578
f 11578 11588 11589 11579
f 11579 11589 11590 11580
f 11580 11590 11591 11581
f 11581 11591 11592 11582
f 11582 11592 11593 11583
f 11583 11593 11584 11574
f 11585 11584 11594
f 11586 11585 11594
f 11587 11586 11594
f 11588 11587 11594
f 11589 11588 11594
f 11590 11589 11594
f 11591 11590 11594
f 11592 11591 11594
f 11593 11592 11594
f 11584 11593 11594
f 11615 11616 11617
f 11615 11617 11618
f 11615 11618 11619
f 11615 11619 11620
f 11615 11620 11621
f 11615 11621 11622
f 11615 11622 11623
f 11615 11623 11624
f 11615 11624 11625
f 11615 11625 11616
f 11616 11626 11627 11617
f 11617 11627 11628 11618
f 11618 11628 11629 11619
f 11619 11629 11630 11620
f 11620 11630 11631 11621
f 11621 11631 11632 11622
f 11622 11632 11633 11623
f 11623 11633 11634 11624
f 11624 11634 11635 11625
f 11625 11635 11626 11616
f 11626 11636 11637 11627
f 11627 11637 11638 11628
f 11628 11638 11639 11629
f 11629 11639 11640 11630
f 11630 11640 11641 11631
f 11631 11641 11642 11632
f 11632 11642 11643 11633
f 11633 11643 11644 11634
f 11634 11644 11645 11635
f 11635 11645 11636 11626
f 11636 11646 11647 11637
f 11637 11647 11648 11638
f 11638 11648 11649 11639
f 11639 11649 11650 11640
f 11640 11650 11651 11641
f 11641 11651 11652 11642
f 11642 11652 11653 11643
f 11643 11653 11654 11644
f 11644 11654 11655 11645
f 11645 11655 11646 11636
f 11647 11646 11656
f 11648 11647 11656
f 11649 11648 11656
f 11650 11649 11656
f 11651 11650 11656
f 11652 11651 11656
f 11653 11652 11656
f 11654 11653 11656
f 11655 11654 11656
f 11646 11655 11656
f 11677 11678 11679
f 11677 11679 11680
f 11677 11680 11681
f 11677 11681 11682
f 11677 11682 11683
f 11677 11683 11684
f 11677 11684 11685
f 11677 11685 11686
f 11677 11686 11687
f 11677 11687 11678
f 11678 11688 11689 11679
f 11679 11689 11690 11680
f 11680 11690 11691 11681
f 11681 11691 11692 11682
f 11682 11692 11693 11683
f 11683 11693 11694 11684
f 11684 11694 11695 11685
f 11685 11695 11696 11686
f 11686 11696 11697 11687
f 11687 11697 11688 11678
f 11688 11698 11699 11689
f 11689 11699 11700 11690
f 11690 11700 11701 11691
f 11691 11701 11702 11692
f 11692 11702 11703 11693
f 11693 11703 11704 11694
f 11694 11704 11705 11695
f 11695 11705 11706 11696
f 11696 11706 11707 11697
f 11697 11707 11698 11688
f 11698 11708 11709 11699
f 11699 11709 11710 11700
f 11700 11710 11711 11701
f 11701 11711 11712 11702
f 11702 11712 11713 11703
f 11703 11713 11714 11704
f 11704 11714 11715 11705
f 11705 11715 11716 11706
f 11706 11716 11717 11707
f 11707 11717 11708 11698
f 11709 11708 11718
f 11710 11709 11718
f 11711 11710 11718
f 11712 11711 11718
f 11713 11712 11718
f 11714 11713 11718
f 11715 11714 11718
f 11716 11715 11718
f 11717 11716 11718
f 11708 11717 11718
f 11739 11740 11741
f 11739 11741 11742
f 11739 11742 11743
f 11739 11743 11744
f 11739 11744 11745
f 11739 11745 11746
f 11739 11746 11747
f 11739 11747 11748
f 11739 11748 11749
f 11739 11749 11740
f 11740 11750 11751 11741
f 11741 11751 11752 11742
f 11742 11752 11753 11743
f 11743 11753 11754 11744
f 11744 11754 11755 11745
f 11745 11755 11756 11746
f 11746 11756 11757 11747
f 11747 11757 11758 11748
f 11748 11758 11759 11749
f 11749 11759 11750 11740
f 11750 11760 11761 11751
f 11751 11761 11762 11752
f 11752 11762 11763 11753
f 11753 11763 11764 11754
f 11754 11764 11765 11755
f 11755 11765 11766 11756
f 11756 11766 11767 11757
f 11757 11767 11768 11758
f 11758 11768 11769 11759
f 11759 11769 11760 11750
f 11760 11770 11771 11761
f 11761 11771 11772 11762
f 11762 11772 11773 11763
f 11763 11773 11774 11764
f 11764 11774 11775 11765
f 11765 11775 11776 11766
f 11766 11776 11777 11767
f 11767 11777 11778 11768
f 11768 11778 11779 11769
f 11769 11779 11770 11760
f 11771 11770 11780
f 11772 11771 11780
f 11773 11772 11780
f 11774 11773 11780
f 11775 11774 11780
f 11776 11775 11780
f 11777 11776 11780
f 11778 11777 11780
f 11779 11778 11780
f 11770 11779 11780
